variant,seed,target_tokens,actual_tokens,needle_frac,gold,layer,head,gold_span_start,gold_span_end,needle_span_start,needle_span_end,n_distractor_spans,gold_mass,gold_max,gold_rank,needle_mass,distractor_mass,argmax_token_index,argmax_in_gold,argmax_in_needle
literal,1234,16384,16384,0.1,915965,20,7,1685,1691,1674,1698,1,0.0005247592926025391,0.00017642974853515625,55,0.004002809524536133,0.008235931396484375,16383,0,0
literal,1234,16384,16384,0.1,915965,21,11,1685,1691,1674,1698,1,0.20892333984375,0.072265625,2,0.3715982437133789,0.178466796875,0,0,0
literal,1234,16384,16384,0.1,915965,22,7,1685,1691,1674,1698,1,0.29990696907043457,0.298828125,1,0.6281335353851318,0.11573672294616699,1685,1,1
literal,1234,16384,16384,0.1,915965,18,3,1685,1691,1674,1698,1,0.00028228759765625,0.00011014938354492188,79,0.01882725954055786,0.02965545654296875,16375,0,0
literal,1234,16384,16384,0.1,915965,17,10,1685,1691,1674,1698,1,0.002582550048828125,0.0009918212890625,74,0.12814712524414062,0.009552001953125,0,0,0
literal,1234,16384,16384,0.1,915965,20,8,1685,1691,1674,1698,1,0.001634359359741211,0.000705718994140625,32,0.0077550411224365234,0.0056705474853515625,16382,0,0
literal,1234,16384,16384,0.1,915965,22,0,1685,1691,1674,1698,1,1.4134682714939117e-05,4.26173210144043e-06,445,0.000614524818956852,4.41819429397583e-05,16383,0,0
literal,1234,16384,16384,0.1,915965,22,4,1685,1691,1674,1698,1,0.00019496679306030273,6.866455078125e-05,53,0.007342934608459473,0.0019989013671875,16383,0,0
literal,1234,16384,16384,0.1,915965,21,0,1685,1691,1674,1698,1,0.02105712890625,0.0072021484375,5,0.0493927001953125,0.0037860870361328125,0,0,0
literal,1234,16384,16384,0.1,915965,20,6,1685,1691,1674,1698,1,0.00011771917343139648,3.6716461181640625e-05,89,0.08080548048019409,0.0025796890258789062,0,0,0
literal,1234,16384,16384,0.1,915965,20,9,1685,1691,1674,1698,1,0.013332366943359375,0.004150390625,10,0.019749583676457405,0.0225982666015625,16382,0,0
literal,1234,16384,16384,0.1,915965,21,3,1685,1691,1674,1698,1,0.0017137527465820312,0.000522613525390625,55,0.03659895062446594,0.0023441314697265625,0,0,0
literal,1234,16384,16384,0.1,915965,21,1,1685,1691,1674,1698,1,0.00024759769439697266,0.000102996826171875,101,0.13849127292633057,0.0019483566284179688,0,0,0
literal,1234,16384,16384,0.1,915965,21,4,1685,1691,1674,1698,1,0.002056121826171875,0.000873565673828125,37,0.023552939295768738,0.008930206298828125,16382,0,0
literal,1234,16384,16384,0.1,915965,21,5,1685,1691,1674,1698,1,0.0049419403076171875,0.00179290771484375,46,0.11166858673095703,0.0016698837280273438,16383,0,0
literal,1234,16384,16384,0.1,915965,17,3,1685,1691,1674,1698,1,0.0006258487701416016,0.0002574920654296875,63,0.01417398452758789,0.007144927978515625,16383,0,0
literal,1234,16384,16384,0.1,915965,22,10,1685,1691,1674,1698,1,0.15423583984375,0.083984375,3,0.5162158012390137,0.01595306396484375,0,0,0
literal,1234,16384,16384,0.1,915965,23,4,1685,1691,1674,1698,1,0.010059356689453125,0.008544921875,20,0.29607725143432617,0.04188871383666992,0,0,0
literal,1234,16384,16384,0.1,915965,20,3,1685,1691,1674,1698,1,0.0010743141174316406,0.000888824462890625,32,0.0295841246843338,0.0018901824951171875,16371,0,0
literal,1235,16384,16384,0.1,822782,20,7,1664,1670,1653,1677,1,0.0006057024002075195,0.00022792816162109375,52,0.0036350786685943604,0.007720947265625,16383,0,0
literal,1235,16384,16384,0.1,822782,21,11,1664,1670,1653,1677,1,0.27801513671875,0.08447265625,2,0.44019317626953125,0.1458740234375,0,0,0
literal,1235,16384,16384,0.1,822782,22,7,1664,1670,1653,1677,1,0.36877942085266113,0.36328125,1,0.7669951915740967,0.08256077766418457,1664,1,1
literal,1235,16384,16384,0.1,822782,18,3,1664,1670,1653,1677,1,0.0004400312900543213,0.00024127960205078125,70,0.01983705163002014,0.030605316162109375,0,0,0
literal,1235,16384,16384,0.1,822782,17,10,1664,1670,1653,1677,1,0.001453399658203125,0.0004825592041015625,85,0.12000274658203125,0.01021575927734375,0,0,0
literal,1235,16384,16384,0.1,822782,20,8,1664,1670,1653,1677,1,0.001965761184692383,0.000682830810546875,27,0.006773795932531357,0.0040531158447265625,16382,0,0
literal,1235,16384,16384,0.1,822782,22,0,1664,1670,1653,1677,1,2.794899046421051e-06,1.4603137969970703e-06,1496,0.0017548250034451485,5.2344053983688354e-05,16383,0,0
literal,1235,16384,16384,0.1,822782,22,4,1664,1670,1653,1677,1,0.0005946159362792969,0.0001430511474609375,52,0.021089553833007812,0.0030612945556640625,16376,0,0
literal,1235,16384,16384,0.1,822782,21,0,1664,1670,1653,1677,1,0.01434326171875,0.003570556640625,9,0.034337401390075684,0.0034732818603515625,0,0,0
literal,1235,16384,16384,0.1,822782,20,6,1664,1670,1653,1677,1,0.00016546249389648438,5.817413330078125e-05,88,0.051617711782455444,0.0051441192626953125,0,0,0
literal,1235,16384,16384,0.1,822782,20,9,1664,1670,1653,1677,1,0.0154876708984375,0.005035400390625,6,0.018771294504404068,0.01692962646484375,16382,0,0
literal,1235,16384,16384,0.1,822782,21,3,1664,1670,1653,1677,1,0.0011794567108154297,0.00054168701171875,55,0.05490100383758545,0.0017871856689453125,0,0,0
literal,1235,16384,16384,0.1,822782,21,1,1664,1670,1653,1677,1,0.00036901235580444336,0.00011491775512695312,97,0.11791890859603882,0.002086639404296875,0,0,0
literal,1235,16384,16384,0.1,822782,21,4,1664,1670,1653,1677,1,0.0016636848449707031,0.001007080078125,34,0.013632699847221375,0.007663726806640625,16382,0,0
literal,1235,16384,16384,0.1,822782,21,5,1664,1670,1653,1677,1,0.00644683837890625,0.0025634765625,41,0.10954952239990234,0.00213623046875,0,0,0
literal,1235,16384,16384,0.1,822782,17,3,1664,1670,1653,1677,1,0.0005643367767333984,0.0002899169921875,64,0.016046762466430664,0.00679779052734375,16383,0,0
literal,1235,16384,16384,0.1,822782,22,10,1664,1670,1653,1677,1,0.11175537109375,0.042236328125,9,0.5173485279083252,0.009670257568359375,1671,0,1
literal,1235,16384,16384,0.1,822782,23,4,1664,1670,1653,1677,1,0.0036478042602539062,0.002410888671875,29,0.1887630820274353,0.035800933837890625,0,0,0
literal,1235,16384,16384,0.1,822782,20,3,1664,1670,1653,1677,1,0.0013079047203063965,0.0007781982421875,40,0.022833317518234253,0.004235982894897461,16371,0,0
literal,1236,16384,16384,0.1,659279,20,7,1650,1656,1639,1663,1,0.0007464885711669922,0.0002422332763671875,52,0.003983855247497559,0.008235931396484375,16383,0,0
literal,1236,16384,16384,0.1,659279,21,11,1650,1656,1639,1663,1,0.243408203125,0.059814453125,3,0.4035015106201172,0.18780517578125,0,0,0
literal,1236,16384,16384,0.1,659279,22,7,1650,1656,1639,1663,1,0.521062970161438,0.515625,1,0.7192026376724243,0.13917207717895508,1650,1,1
literal,1236,16384,16384,0.1,659279,18,3,1650,1656,1639,1663,1,0.00043773651123046875,0.00014019012451171875,73,0.01566678285598755,0.0383453369140625,16375,0,0
literal,1236,16384,16384,0.1,659279,17,10,1650,1656,1639,1663,1,0.0016574859619140625,0.0003757476806640625,86,0.11652565002441406,0.011077880859375,0,0,0
literal,1236,16384,16384,0.1,659279,20,8,1650,1656,1639,1663,1,0.0030820369720458984,0.001007080078125,27,0.010852761566638947,0.0046939849853515625,16382,0,0
literal,1236,16384,16384,0.1,659279,22,0,1650,1656,1639,1663,1,1.7210841178894043e-05,3.9637088775634766e-06,616,0.0002481108531355858,4.9404799938201904e-05,16383,0,0
literal,1236,16384,16384,0.1,659279,22,4,1650,1656,1639,1663,1,0.0004544258117675781,0.00010395050048828125,55,0.0120258629322052,0.003971099853515625,16376,0,0
literal,1236,16384,16384,0.1,659279,21,0,1650,1656,1639,1663,1,0.024440765380859375,0.009521484375,5,0.045884132385253906,0.0050411224365234375,0,0,0
literal,1236,16384,16384,0.1,659279,20,6,1650,1656,1639,1663,1,0.0002123117446899414,8.630752563476562e-05,84,0.03899252414703369,0.0039234161376953125,0,0,0
literal,1236,16384,16384,0.1,659279,20,9,1650,1656,1639,1663,1,0.013935089111328125,0.004669189453125,7,0.017492063343524933,0.018524169921875,16382,0,0
literal,1236,16384,16384,0.1,659279,21,3,1650,1656,1639,1663,1,0.0013053417205810547,0.000652313232421875,53,0.0441441535949707,0.0024290084838867188,0,0,0
literal,1236,16384,16384,0.1,659279,21,1,1650,1656,1639,1663,1,0.0005035400390625,0.00014400482177734375,100,0.1168365478515625,0.002819061279296875,0,0,0
literal,1236,16384,16384,0.1,659279,21,4,1650,1656,1639,1663,1,0.002147197723388672,0.00119781494140625,35,0.019974946975708008,0.0094146728515625,16382,0,0
literal,1236,16384,16384,0.1,659279,21,5,1650,1656,1639,1663,1,0.004657745361328125,0.0012969970703125,51,0.1067667007446289,0.001991748809814453,0,0,0
literal,1236,16384,16384,0.1,659279,17,3,1650,1656,1639,1663,1,0.001033782958984375,0.0003509521484375,58,0.01755666732788086,0.00782012939453125,16383,0,0
literal,1236,16384,16384,0.1,659279,22,10,1650,1656,1639,1663,1,0.1869964599609375,0.07763671875,3,0.5010285377502441,0.015289306640625,0,0,0
literal,1236,16384,16384,0.1,659279,23,4,1650,1656,1639,1663,1,0.0048302412033081055,0.0042724609375,23,0.18359529972076416,0.04562520980834961,0,0,0
literal,1236,16384,16384,0.1,659279,20,3,1650,1656,1639,1663,1,0.0013834834098815918,0.000789642333984375,33,0.03568412363529205,0.001682281494140625,16371,0,0
literal,1237,16384,16383,0.1,255903,20,7,1677,1683,1666,1690,1,0.000621795654296875,0.000263214111328125,45,0.0034773945808410645,0.00772857666015625,16382,0,0
literal,1237,16384,16383,0.1,255903,21,11,1677,1683,1666,1690,1,0.2650146484375,0.09765625,2,0.4344139099121094,0.14129638671875,0,0,0
literal,1237,16384,16383,0.1,255903,22,7,1677,1683,1666,1690,1,0.2983989715576172,0.28125,1,0.6674575805664062,0.15095114707946777,1677,1,1
literal,1237,16384,16383,0.1,255903,18,3,1677,1683,1666,1690,1,0.0006736516952514648,0.0001697540283203125,77,0.02600950002670288,0.041229248046875,0,0,0
literal,1237,16384,16383,0.1,255903,17,10,1677,1683,1666,1690,1,0.0031948089599609375,0.00093841552734375,72,0.11996650695800781,0.0094757080078125,0,0,0
literal,1237,16384,16383,0.1,255903,20,8,1677,1683,1666,1690,1,0.0047397613525390625,0.001922607421875,22,0.012737065553665161,0.005047798156738281,16381,0,0
literal,1237,16384,16383,0.1,255903,22,0,1677,1683,1666,1690,1,3.926455974578857e-06,1.3932585716247559e-06,1301,0.00039916113018989563,3.403425216674805e-05,16382,0,0
literal,1237,16384,16383,0.1,255903,22,4,1677,1683,1666,1690,1,0.0002168416976928711,6.818771362304688e-05,55,0.010393977165222168,0.0012350082397460938,16375,0,0
literal,1237,16384,16383,0.1,255903,21,0,1677,1683,1666,1690,1,0.03917694091796875,0.02392578125,2,0.0713343620300293,0.006114959716796875,0,0,0
literal,1237,16384,16383,0.1,255903,20,6,1677,1683,1666,1690,1,0.00017774105072021484,5.745887756347656e-05,83,0.050584614276885986,0.0024852752685546875,0,0,0
literal,1237,16384,16383,0.1,255903,20,9,1677,1683,1666,1690,1,0.0318756103515625,0.009521484375,7,0.03800661116838455,0.0306243896484375,16381,0,0
literal,1237,16384,16383,0.1,255903,21,3,1677,1683,1666,1690,1,0.0027170181274414062,0.00124359130859375,45,0.045899033546447754,0.0023374557495117188,0,0,0
literal,1237,16384,16383,0.1,255903,21,1,1677,1683,1666,1690,1,0.0004774928092956543,0.000274658203125,81,0.11401814222335815,0.0024843215942382812,0,0,0
literal,1237,16384,16383,0.1,255903,21,4,1677,1683,1666,1690,1,0.005294322967529297,0.002777099609375,22,0.02198171615600586,0.008670806884765625,16381,0,0
literal,1237,16384,16383,0.1,255903,21,5,1677,1683,1666,1690,1,0.008758544921875,0.003936767578125,29,0.10523700714111328,0.0014643669128417969,0,0,0
literal,1237,16384,16383,0.1,255903,17,3,1677,1683,1666,1690,1,0.0006966590881347656,0.000278472900390625,62,0.014561891555786133,0.00640106201171875,16382,0,0
literal,1237,16384,16383,0.1,255903,22,10,1677,1683,1666,1690,1,0.3154296875,0.10302734375,1,0.6141359806060791,0.012274742126464844,1678,1,1
literal,1237,16384,16383,0.1,255903,23,4,1677,1683,1666,1690,1,0.0073223114013671875,0.004241943359375,26,0.220284104347229,0.05421733856201172,0,0,0
literal,1237,16384,16383,0.1,255903,20,3,1677,1683,1666,1690,1,0.0026047229766845703,0.0010833740234375,37,0.04432475566864014,0.002933979034423828,16382,0,0
literal,1238,16384,16384,0.1,127404,20,7,1657,1663,1646,1670,1,0.0007862448692321777,0.0003604888916015625,40,0.004235327243804932,0.008365631103515625,16383,0,0
literal,1238,16384,16384,0.1,127404,21,11,1657,1663,1646,1670,1,0.29901123046875,0.126953125,1,0.4839630126953125,0.166259765625,1660,1,1
literal,1238,16384,16384,0.1,127404,22,7,1657,1663,1646,1670,1,0.33886051177978516,0.31640625,1,0.7467764616012573,0.08080142736434937,1657,1,1
literal,1238,16384,16384,0.1,127404,18,3,1657,1663,1646,1670,1,0.00034677982330322266,0.00021839141845703125,70,0.015061616897583008,0.035186767578125,16375,0,0
literal,1238,16384,16384,0.1,127404,17,10,1657,1663,1646,1670,1,0.0019197463989257812,0.0004863739013671875,84,0.10328388214111328,0.00970458984375,0,0,0
literal,1238,16384,16384,0.1,127404,20,8,1657,1663,1646,1670,1,0.0030307769775390625,0.0010833740234375,25,0.011879228055477142,0.0046291351318359375,16382,0,0
literal,1238,16384,16384,0.1,127404,22,0,1657,1663,1646,1670,1,1.4789402484893799e-06,3.855675458908081e-07,3057,0.00019799545407295227,5.1565468311309814e-05,16383,0,0
literal,1238,16384,16384,0.1,127404,22,4,1657,1663,1646,1670,1,0.00044459104537963867,0.00021076202392578125,41,0.007892489433288574,0.0028924942016601562,16376,0,0
literal,1238,16384,16384,0.1,127404,21,0,1657,1663,1646,1670,1,0.020557403564453125,0.007293701171875,5,0.04996490478515625,0.006641387939453125,0,0,0
literal,1238,16384,16384,0.1,127404,20,6,1657,1663,1646,1670,1,0.0001488327980041504,7.772445678710938e-05,84,0.08963274955749512,0.001979351043701172,0,0,0
literal,1238,16384,16384,0.1,127404,20,9,1657,1663,1646,1670,1,0.012805938720703125,0.0047607421875,10,0.017575573176145554,0.01815032958984375,16382,0,0
literal,1238,16384,16384,0.1,127404,21,3,1657,1663,1646,1670,1,0.0029807090759277344,0.0011138916015625,44,0.03921067714691162,0.002597808837890625,0,0,0
literal,1238,16384,16384,0.1,127404,21,1,1657,1663,1646,1670,1,0.0005700588226318359,0.000194549560546875,80,0.13363432884216309,0.0023827552795410156,0,0,0
literal,1238,16384,16384,0.1,127404,21,4,1657,1663,1646,1670,1,0.0023543834686279297,0.00127410888671875,35,0.020294561982154846,0.0109405517578125,16382,0,0
literal,1238,16384,16384,0.1,127404,21,5,1657,1663,1646,1670,1,0.0047550201416015625,0.00225830078125,43,0.10899162292480469,0.0016734600067138672,0,0,0
literal,1238,16384,16384,0.1,127404,17,3,1657,1663,1646,1670,1,0.0012955665588378906,0.000446319580078125,52,0.017998695373535156,0.0071163177490234375,16383,0,0
literal,1238,16384,16384,0.1,127404,22,10,1657,1663,1646,1670,1,0.2061767578125,0.06591796875,5,0.6028673648834229,0.010401487350463867,0,0,0
literal,1238,16384,16384,0.1,127404,23,4,1657,1663,1646,1670,1,0.006457090377807617,0.0023651123046875,30,0.2160196304321289,0.052937984466552734,0,0,0
literal,1238,16384,16384,0.1,127404,20,3,1657,1663,1646,1670,1,0.000812530517578125,0.0003452301025390625,52,0.01896798610687256,0.0013370513916015625,16371,0,0
literal,1239,16384,16384,0.1,178315,20,7,1661,1667,1650,1674,1,0.0011606216430664062,0.000530242919921875,36,0.004418373107910156,0.007457733154296875,16383,0,0
literal,1239,16384,16384,0.1,178315,21,11,1661,1667,1650,1674,1,0.2861328125,0.10498046875,2,0.47962474822998047,0.133636474609375,0,0,0
literal,1239,16384,16384,0.1,178315,22,7,1661,1667,1650,1674,1,0.39223766326904297,0.36328125,1,0.7415921688079834,0.09767746925354004,1661,1,1
literal,1239,16384,16384,0.1,178315,18,3,1661,1667,1650,1674,1,0.0003864169120788574,0.00014591217041015625,71,0.021657347679138184,0.029937744140625,0,0,0
literal,1239,16384,16384,0.1,178315,17,10,1661,1667,1650,1674,1,0.0018310546875,0.0005035400390625,87,0.10464859008789062,0.00931549072265625,0,0,0
literal,1239,16384,16384,0.1,178315,20,8,1661,1667,1650,1674,1,0.002361297607421875,0.000850677490234375,26,0.009269237518310547,0.00389862060546875,16382,0,0
literal,1239,16384,16384,0.1,178315,22,0,1661,1667,1650,1674,1,7.893424481153488e-06,5.155801773071289e-06,552,0.00026206066831946373,4.654005169868469e-05,16383,0,0
literal,1239,16384,16384,0.1,178315,22,4,1661,1667,1650,1674,1,0.00045418739318847656,0.0001697540283203125,46,0.013928532600402832,0.0033197402954101562,16376,0,0
literal,1239,16384,16384,0.1,178315,21,0,1661,1667,1650,1674,1,0.0231170654296875,0.01165771484375,3,0.047968387603759766,0.0045986175537109375,0,0,0
literal,1239,16384,16384,0.1,178315,20,6,1661,1667,1650,1674,1,0.00017189979553222656,6.532669067382812e-05,89,0.06733053922653198,0.0030660629272460938,0,0,0
literal,1239,16384,16384,0.1,178315,20,9,1661,1667,1650,1674,1,0.017333984375,0.00482177734375,9,0.021511893719434738,0.016157150268554688,16382,0,0
literal,1239,16384,16384,0.1,178315,21,3,1661,1667,1650,1674,1,0.0025758743286132812,0.00124359130859375,42,0.0568351149559021,0.0021982192993164062,0,0,0
literal,1239,16384,16384,0.1,178315,21,1,1661,1667,1650,1674,1,0.0005044937133789062,0.0001850128173828125,82,0.1275644302368164,0.0018644332885742188,0,0,0
literal,1239,16384,16384,0.1,178315,21,4,1661,1667,1650,1674,1,0.0028634071350097656,0.001953125,26,0.021876260638237,0.0067920684814453125,16382,0,0
literal,1239,16384,16384,0.1,178315,21,5,1661,1667,1650,1674,1,0.006214141845703125,0.0024871826171875,39,0.10674858093261719,0.0017502307891845703,0,0,0
literal,1239,16384,16384,0.1,178315,17,3,1661,1667,1650,1674,1,0.0008368492126464844,0.0003147125244140625,60,0.015960216522216797,0.007930755615234375,16383,0,0
literal,1239,16384,16384,0.1,178315,22,10,1661,1667,1650,1674,1,0.1932373046875,0.05322265625,6,0.5340808629989624,0.01643991470336914,0,0,0
literal,1239,16384,16384,0.1,178315,23,4,1661,1667,1650,1674,1,0.004221916198730469,0.001800537109375,35,0.23298180103302002,0.04544258117675781,0,0,0
literal,1239,16384,16384,0.1,178315,20,3,1661,1667,1650,1674,1,0.00130385160446167,0.0006103515625,39,0.023167788982391357,0.002533555030822754,16371,0,0
literal,1240,16384,16384,0.1,779361,20,7,1643,1649,1632,1656,1,0.0007538199424743652,0.0004062652587890625,38,0.003510773181915283,0.006870269775390625,16383,0,0
literal,1240,16384,16384,0.1,779361,21,11,1643,1649,1632,1656,1,0.3316650390625,0.09814453125,2,0.523625373840332,0.09234619140625,0,0,0
literal,1240,16384,16384,0.1,779361,22,7,1643,1649,1632,1656,1,0.49386346340179443,0.490234375,1,0.8097169399261475,0.0678076446056366,1643,1,1
literal,1240,16384,16384,0.1,779361,18,3,1643,1649,1632,1656,1,0.0005440711975097656,0.00023555755615234375,68,0.021541059017181396,0.02904510498046875,16373,0,0
literal,1240,16384,16384,0.1,779361,17,10,1643,1649,1632,1656,1,0.0021810531616210938,0.00063323974609375,82,0.1195516586303711,0.01047515869140625,0,0,0
literal,1240,16384,16384,0.1,779361,20,8,1643,1649,1632,1656,1,0.0029859542846679688,0.00101470947265625,27,0.010364800691604614,0.0031280517578125,16382,0,0
literal,1240,16384,16384,0.1,779361,22,0,1643,1649,1632,1656,1,4.895031452178955e-05,1.633167266845703e-05,135,0.0003049597144126892,2.8192996978759766e-05,16383,0,0
literal,1240,16384,16384,0.1,779361,22,4,1643,1649,1632,1656,1,0.0002707242965698242,7.2479248046875e-05,52,0.0070510804653167725,0.0014238357543945312,16376,0,0
literal,1240,16384,16384,0.1,779361,21,0,1643,1649,1632,1656,1,0.026153564453125,0.01214599609375,5,0.053063154220581055,0.00411224365234375,0,0,0
literal,1240,16384,16384,0.1,779361,20,6,1643,1649,1632,1656,1,0.00019100308418273926,6.031990051269531e-05,87,0.06020888686180115,0.0017781257629394531,0,0,0
literal,1240,16384,16384,0.1,779361,20,9,1643,1649,1632,1656,1,0.023097991943359375,0.01080322265625,6,0.028697233647108078,0.01711273193359375,16382,0,0
literal,1240,16384,16384,0.1,779361,21,3,1643,1649,1632,1656,1,0.0014476776123046875,0.000682830810546875,48,0.06344711780548096,0.0019812583923339844,0,0,0
literal,1240,16384,16384,0.1,779361,21,1,1643,1649,1632,1656,1,0.0004565715789794922,0.00010728836059570312,99,0.11376643180847168,0.0015516281127929688,0,0,0
literal,1240,16384,16384,0.1,779361,21,4,1643,1649,1632,1656,1,0.0037107467651367188,0.001953125,29,0.02450844645500183,0.006855010986328125,16382,0,0
literal,1240,16384,16384,0.1,779361,21,5,1643,1649,1632,1656,1,0.007312774658203125,0.002166748046875,42,0.11499691009521484,0.0011897087097167969,0,0,0
literal,1240,16384,16384,0.1,779361,17,3,1643,1649,1632,1656,1,0.0008339881896972656,0.000213623046875,68,0.01715993881225586,0.006107330322265625,16383,0,0
literal,1240,16384,16384,0.1,779361,22,10,1643,1649,1632,1656,1,0.115509033203125,0.05078125,8,0.50477135181427,0.010271549224853516,0,0,0
literal,1240,16384,16384,0.1,779361,23,4,1643,1649,1632,1656,1,0.009178400039672852,0.008544921875,18,0.2507501244544983,0.024381637573242188,0,0,0
literal,1240,16384,16384,0.1,779361,20,3,1643,1649,1632,1656,1,0.003423333168029785,0.002593994140625,23,0.04496389627456665,0.0018050670623779297,16373,0,0
literal,1241,16384,16384,0.1,731022,20,7,1686,1692,1675,1699,1,0.0005528926849365234,0.000217437744140625,46,0.003632664680480957,0.007366180419921875,16383,0,0
literal,1241,16384,16384,0.1,731022,21,11,1686,1692,1675,1699,1,0.2332763671875,0.06787109375,3,0.4512195587158203,0.10980224609375,0,0,0
literal,1241,16384,16384,0.1,731022,22,7,1686,1692,1675,1699,1,0.3169950544834137,0.314453125,1,0.6807600259780884,0.14325851202011108,1686,1,1
literal,1241,16384,16384,0.1,731022,18,3,1686,1692,1675,1699,1,0.0003293752670288086,0.00014400482177734375,72,0.019028067588806152,0.02736663818359375,0,0,0
literal,1241,16384,16384,0.1,731022,17,10,1686,1692,1675,1699,1,0.002285003662109375,0.00066375732421875,81,0.12750244140625,0.0111236572265625,0,0,0
literal,1241,16384,16384,0.1,731022,20,8,1686,1692,1675,1699,1,0.0029096603393554688,0.00101470947265625,31,0.013121366500854492,0.0034942626953125,16382,0,0
literal,1241,16384,16384,0.1,731022,22,0,1686,1692,1675,1699,1,1.547113060951233e-05,1.0251998901367188e-05,206,0.0006980933248996735,2.9394403100013733e-05,16383,0,0
literal,1241,16384,16384,0.1,731022,22,4,1686,1692,1675,1699,1,0.00022935867309570312,6.818771362304688e-05,51,0.008429139852523804,0.0011250972747802734,16376,0,0
literal,1241,16384,16384,0.1,731022,21,0,1686,1692,1675,1699,1,0.029022216796875,0.0142822265625,5,0.06925582885742188,0.00536346435546875,0,0,0
literal,1241,16384,16384,0.1,731022,20,6,1686,1692,1675,1699,1,8.785724639892578e-05,2.562999725341797e-05,90,0.09716111421585083,0.0013532638549804688,0,0,0
literal,1241,16384,16384,0.1,731022,20,9,1686,1692,1675,1699,1,0.017444610595703125,0.007080078125,8,0.02607305720448494,0.017116546630859375,16382,0,0
literal,1241,16384,16384,0.1,731022,21,3,1686,1692,1675,1699,1,0.0017046928405761719,0.0004558563232421875,54,0.042692989110946655,0.0018787384033203125,0,0,0
literal,1241,16384,16384,0.1,731022,21,1,1686,1692,1675,1699,1,0.0002969503402709961,9.775161743164062e-05,96,0.13559091091156006,0.0014290809631347656,0,0,0
literal,1241,16384,16384,0.1,731022,21,4,1686,1692,1675,1699,1,0.0022497177124023438,0.00128173828125,34,0.02745234966278076,0.005306243896484375,16383,0,0
literal,1241,16384,16384,0.1,731022,21,5,1686,1692,1675,1699,1,0.0055408477783203125,0.0024261474609375,43,0.1324453353881836,0.0007622241973876953,0,0,0
literal,1241,16384,16384,0.1,731022,17,3,1686,1692,1675,1699,1,0.0007066726684570312,0.00025177001953125,62,0.014709115028381348,0.00783538818359375,16383,0,0
literal,1241,16384,16384,0.1,731022,22,10,1686,1692,1675,1699,1,0.157257080078125,0.06689453125,4,0.5090174674987793,0.00936269760131836,0,0,0
literal,1241,16384,16384,0.1,731022,23,4,1686,1692,1675,1699,1,0.01350259780883789,0.01190185546875,17,0.28857094049453735,0.027500152587890625,0,0,0
literal,1241,16384,16384,0.1,731022,20,3,1686,1692,1675,1699,1,0.0011756569147109985,0.0009307861328125,44,0.04043896496295929,0.0017070770263671875,16383,0,0
alias,101234,16384,16384,0.1,476403,20,7,1661,1667,1646,1674,1,0.0013279914855957031,0.000385284423828125,46,0.004550576210021973,0.012045860290527344,16383,0,0
alias,101234,16384,16384,0.1,476403,21,11,1661,1667,1646,1674,1,0.4342041015625,0.12255859375,2,0.6065292358398438,0.14306640625,0,0,0
alias,101234,16384,16384,0.1,476403,22,7,1661,1667,1646,1674,1,0.907860279083252,0.90234375,1,0.9752838611602783,0.0063643306493759155,1661,1,1
alias,101234,16384,16384,0.1,476403,18,3,1661,1667,1646,1674,1,0.0010991096496582031,0.0004367828369140625,75,0.03233790397644043,0.01711273193359375,0,0,0
alias,101234,16384,16384,0.1,476403,17,10,1661,1667,1646,1674,1,0.0018320083618164062,0.00067138671875,90,0.11806583404541016,0.007965087890625,0,0,0
alias,101234,16384,16384,0.1,476403,20,8,1661,1667,1646,1674,1,0.003915309906005859,0.00274658203125,17,0.009557738900184631,0.0026230812072753906,16382,0,0
alias,101234,16384,16384,0.1,476403,22,0,1661,1667,1646,1674,1,1.6473932191729546e-06,1.1175870895385742e-06,2022,0.00018239568453282118,2.5272369384765625e-05,16383,0,0
alias,101234,16384,16384,0.1,476403,22,4,1661,1667,1646,1674,1,0.0018877983093261719,0.000579833984375,46,0.024971961975097656,0.0047321319580078125,16383,0,0
alias,101234,16384,16384,0.1,476403,21,0,1661,1667,1646,1674,1,0.0740966796875,0.0177001953125,2,0.16292285919189453,0.0020503997802734375,0,0,0
alias,101234,16384,16384,0.1,476403,20,6,1661,1667,1646,1674,1,0.00022423267364501953,9.059906005859375e-05,74,0.12206798791885376,0.0008918046951293945,0,0,0
alias,101234,16384,16384,0.1,476403,20,9,1661,1667,1646,1674,1,0.006359100341796875,0.00183868408203125,10,0.008797597140073776,0.0060634613037109375,16382,0,0
alias,101234,16384,16384,0.1,476403,21,3,1661,1667,1646,1674,1,0.005001068115234375,0.002838134765625,29,0.039311110973358154,0.0017232894897460938,0,0,0
alias,101234,16384,16384,0.1,476403,21,1,1661,1667,1646,1674,1,0.0003679990768432617,0.00017642974853515625,80,0.12005174160003662,0.0015034675598144531,0,0,0
alias,101234,16384,16384,0.1,476403,21,4,1661,1667,1646,1674,1,0.012897491455078125,0.00323486328125,28,0.07239711284637451,0.0044384002685546875,16382,0,0
alias,101234,16384,16384,0.1,476403,21,5,1661,1667,1646,1674,1,0.01788330078125,0.004638671875,34,0.18903541564941406,0.0021924972534179688,0,0,0
alias,101234,16384,16384,0.1,476403,17,3,1661,1667,1646,1674,1,0.0007774829864501953,0.0004119873046875,63,0.021347761154174805,0.0076446533203125,16383,0,0
alias,101234,16384,16384,0.1,476403,22,10,1661,1667,1646,1674,1,0.510467529296875,0.24609375,1,0.8095588684082031,0.0061931610107421875,1661,1,1
alias,101234,16384,16384,0.1,476403,23,4,1661,1667,1646,1674,1,0.01968860626220703,0.00921630859375,17,0.17611470818519592,0.02218341827392578,0,0,0
alias,101234,16384,16384,0.1,476403,20,3,1661,1667,1646,1674,1,0.00035893917083740234,0.00016021728515625,67,0.010602861642837524,0.0016655921936035156,16368,0,0
alias,101235,16384,16384,0.1,419257,20,7,1649,1655,1635,1662,1,0.0020673274993896484,0.00093841552734375,31,0.005113154649734497,0.008722305297851562,16383,0,0
alias,101235,16384,16384,0.1,419257,21,11,1649,1655,1635,1662,1,0.56005859375,0.1640625,1,0.7618875503540039,0.0675048828125,1652,1,1
alias,101235,16384,16384,0.1,419257,22,7,1649,1655,1635,1662,1,0.9056711196899414,0.90234375,1,0.9764904975891113,0.005047503858804703,1649,1,1
alias,101235,16384,16384,0.1,419257,18,3,1649,1655,1635,1662,1,0.0011744499206542969,0.000492095947265625,68,0.028342127799987793,0.01634979248046875,16368,0,0
alias,101235,16384,16384,0.1,419257,17,10,1649,1655,1635,1662,1,0.0013370513916015625,0.0004119873046875,92,0.11731910705566406,0.007843017578125,0,0,0
alias,101235,16384,16384,0.1,419257,20,8,1649,1655,1635,1662,1,0.0014178752899169922,0.000858306884765625,22,0.004517056047916412,0.001926422119140625,16382,0,0
alias,101235,16384,16384,0.1,419257,22,0,1649,1655,1635,1662,1,4.858709871768951e-06,3.069639205932617e-06,959,0.0002594469115138054,4.1857361793518066e-05,16383,0,0
alias,101235,16384,16384,0.1,419257,22,4,1649,1655,1635,1662,1,0.0037145614624023438,0.0010528564453125,39,0.026255130767822266,0.005283355712890625,16383,0,0
alias,101235,16384,16384,0.1,419257,21,0,1649,1655,1635,1662,1,0.0457763671875,0.0157470703125,2,0.11197853088378906,0.0011434555053710938,0,0,0
alias,101235,16384,16384,0.1,419257,20,6,1649,1655,1635,1662,1,0.0002818107604980469,8.535385131835938e-05,78,0.10688227415084839,0.0014954805374145508,0,0,0
alias,101235,16384,16384,0.1,419257,20,9,1649,1655,1635,1662,1,0.0053958892822265625,0.00116729736328125,11,0.00839218869805336,0.00492095947265625,16382,0,0
alias,101235,16384,16384,0.1,419257,21,3,1649,1655,1635,1662,1,0.0029096603393554688,0.000881195068359375,42,0.041940927505493164,0.0017538070678710938,16383,0,0
alias,101235,16384,16384,0.1,419257,21,1,1649,1655,1635,1662,1,0.00021398067474365234,5.269050598144531e-05,108,0.10368406772613525,0.0016155242919921875,0,0,0
alias,101235,16384,16384,0.1,419257,21,4,1649,1655,1635,1662,1,0.009189605712890625,0.0035247802734375,27,0.09837454557418823,0.0024895668029785156,16382,0,0
alias,101235,16384,16384,0.1,419257,21,5,1649,1655,1635,1662,1,0.009822845458984375,0.0028839111328125,37,0.2326374053955078,0.0013818740844726562,16383,0,0
alias,101235,16384,16384,0.1,419257,17,3,1649,1655,1635,1662,1,0.0007176399230957031,0.0002155303955078125,70,0.02330493927001953,0.0076904296875,16383,0,0
alias,101235,16384,16384,0.1,419257,22,10,1649,1655,1635,1662,1,0.5645751953125,0.318359375,1,0.8287449479103088,0.004732728004455566,1649,1,1
alias,101235,16384,16384,0.1,419257,23,4,1649,1655,1635,1662,1,0.018428802490234375,0.009521484375,16,0.17699819803237915,0.008453369140625,0,0,0
alias,101235,16384,16384,0.1,419257,20,3,1649,1655,1635,1662,1,0.0003077983856201172,0.00014972686767578125,62,0.007711440324783325,0.002371668815612793,16369,0,0
alias,101236,16384,16384,0.1,896301,20,7,1684,1690,1670,1697,1,0.0004677772521972656,9.775161743164062e-05,85,0.003933310508728027,0.009814262390136719,16383,0,0
alias,101236,16384,16384,0.1,896301,21,11,1684,1690,1670,1697,1,0.57958984375,0.255859375,1,0.7498044967651367,0.0648193359375,1686,1,1
alias,101236,16384,16384,0.1,896301,22,7,1684,1690,1670,1697,1,0.9573402404785156,0.9453125,1,0.9865511655807495,0.0010212725028395653,1684,1,1
alias,101236,16384,16384,0.1,896301,18,3,1684,1690,1670,1697,1,0.0012056827545166016,0.00048065185546875,69,0.031090736389160156,0.021604537963867188,16368,0,0
alias,101236,16384,16384,0.1,896301,17,10,1684,1690,1670,1697,1,0.0028629302978515625,0.00118255615234375,73,0.15299415588378906,0.0079803466796875,0,0,0
alias,101236,16384,16384,0.1,896301,20,8,1684,1690,1670,1697,1,0.001587510108947754,0.000896453857421875,22,0.004483580589294434,0.0018372535705566406,16382,0,0
alias,101236,16384,16384,0.1,896301,22,0,1684,1690,1670,1697,1,1.4487188309431076e-05,7.68899917602539e-06,399,0.0005693337880074978,4.287809133529663e-05,16383,0,0
alias,101236,16384,16384,0.1,896301,22,4,1684,1690,1670,1697,1,0.002196788787841797,0.001007080078125,36,0.028931140899658203,0.004718780517578125,16383,0,0
alias,101236,16384,16384,0.1,896301,21,0,1684,1690,1670,1697,1,0.04461669921875,0.00982666015625,3,0.09796571731567383,0.00188446044921875,0,0,0
alias,101236,16384,16384,0.1,896301,20,6,1684,1690,1670,1697,1,0.00025832653045654297,0.00012302398681640625,68,0.10648952424526215,0.0009495019912719727,0,0,0
alias,101236,16384,16384,0.1,896301,20,9,1684,1690,1670,1697,1,0.00618743896484375,0.002532958984375,7,0.008132059127092361,0.004488945007324219,16382,0,0
alias,101236,16384,16384,0.1,896301,21,3,1684,1690,1670,1697,1,0.004461765289306641,0.002960205078125,30,0.03539407253265381,0.0019342899322509766,0,0,0
alias,101236,16384,16384,0.1,896301,21,1,1684,1690,1670,1697,1,0.0002389848232269287,0.000156402587890625,88,0.11491116881370544,0.0013518333435058594,16383,0,0
alias,101236,16384,16384,0.1,896301,21,4,1684,1690,1670,1697,1,0.009723663330078125,0.004547119140625,25,0.06743738055229187,0.0025033950805664062,16382,0,0
alias,101236,16384,16384,0.1,896301,21,5,1684,1690,1670,1697,1,0.01023101806640625,0.003692626953125,34,0.20293235778808594,0.0011260509490966797,16383,0,0
alias,101236,16384,16384,0.1,896301,17,3,1684,1690,1670,1697,1,0.0006985664367675781,0.0002689361572265625,67,0.018731117248535156,0.008258819580078125,16383,0,0
alias,101236,16384,16384,0.1,896301,22,10,1684,1690,1670,1697,1,0.7208251953125,0.37109375,1,0.8759368658065796,0.002551555633544922,1684,1,1
alias,101236,16384,16384,0.1,896301,23,4,1684,1690,1670,1697,1,0.03843879699707031,0.017333984375,14,0.22161155939102173,0.011364936828613281,0,0,0
alias,101236,16384,16384,0.1,896301,20,3,1684,1690,1670,1697,1,0.00022920966148376465,0.0001430511474609375,65,0.005360037088394165,0.001817941665649414,16369,0,0
alias,101237,16384,16384,0.1,847571,20,7,1650,1656,1636,1663,1,0.0011533498764038086,0.00057220458984375,40,0.00451505184173584,0.009775161743164062,16383,0,0
alias,101237,16384,16384,0.1,847571,21,11,1650,1656,1636,1663,1,0.4356689453125,0.12890625,1,0.681640625,0.0782470703125,1652,1,1
alias,101237,16384,16384,0.1,847571,22,7,1650,1656,1636,1663,1,0.9369707107543945,0.9296875,1,0.9799444675445557,0.0013275109231472015,1650,1,1
alias,101237,16384,16384,0.1,847571,18,3,1650,1656,1636,1663,1,0.0013862848281860352,0.000766754150390625,63,0.027562499046325684,0.02082061767578125,16368,0,0
alias,101237,16384,16384,0.1,847571,17,10,1650,1656,1636,1663,1,0.0017042160034179688,0.0006561279296875,85,0.11750507354736328,0.0068416595458984375,0,0,0
alias,101237,16384,16384,0.1,847571,20,8,1650,1656,1636,1663,1,0.002309560775756836,0.001129150390625,20,0.005655527114868164,0.0021333694458007812,16382,0,0
alias,101237,16384,16384,0.1,847571,22,0,1650,1656,1636,1663,1,3.281049430370331e-06,1.646578311920166e-06,1338,0.00025505758821964264,4.30084764957428e-05,16383,0,0
alias,101237,16384,16384,0.1,847571,22,4,1650,1656,1636,1663,1,0.002094268798828125,0.000583648681640625,45,0.018059849739074707,0.00530242919921875,16383,0,0
alias,101237,16384,16384,0.1,847571,21,0,1650,1656,1636,1663,1,0.031402587890625,0.0079345703125,4,0.07846522331237793,0.0021295547485351562,0,0,0
alias,101237,16384,16384,0.1,847571,20,6,1650,1656,1636,1663,1,0.00018846988677978516,7.2479248046875e-05,76,0.09633354842662811,0.0008158683776855469,0,0,0
alias,101237,16384,16384,0.1,847571,20,9,1650,1656,1636,1663,1,0.00372314453125,0.001190185546875,9,0.005151938647031784,0.0020294189453125,16382,0,0
alias,101237,16384,16384,0.1,847571,21,3,1650,1656,1636,1663,1,0.001995563507080078,0.00104522705078125,40,0.031710028648376465,0.0022220611572265625,0,0,0
alias,101237,16384,16384,0.1,847571,21,1,1650,1656,1636,1663,1,0.00024050474166870117,9.298324584960938e-05,92,0.10356634855270386,0.0014591217041015625,0,0,0
alias,101237,16384,16384,0.1,847571,21,4,1650,1656,1636,1663,1,0.0074100494384765625,0.004425048828125,22,0.06462961435317993,0.0027379989624023438,16382,0,0
alias,101237,16384,16384,0.1,847571,21,5,1650,1656,1636,1663,1,0.012241363525390625,0.00579833984375,27,0.20434188842773438,0.0016622543334960938,0,0,0
alias,101237,16384,16384,0.1,847571,17,3,1650,1656,1636,1663,1,0.0007338523864746094,0.00023174285888671875,68,0.018500328063964844,0.00865936279296875,16383,0,0
alias,101237,16384,16384,0.1,847571,22,10,1650,1656,1636,1663,1,0.54620361328125,0.3203125,1,0.8005111217498779,0.0028162002563476562,1650,1,1
alias,101237,16384,16384,0.1,847571,23,4,1650,1656,1636,1663,1,0.015687942504882812,0.00836181640625,18,0.13840383291244507,0.008158683776855469,0,0,0
alias,101237,16384,16384,0.1,847571,20,3,1650,1656,1636,1663,1,0.0001748800277709961,7.963180541992188e-05,66,0.004052385687828064,0.00121307373046875,16369,0,0
alias,101238,16384,16384,0.1,223928,20,7,1691,1697,1676,1704,1,0.0014765262603759766,0.000457763671875,44,0.005579888820648193,0.005867481231689453,16383,0,0
alias,101238,16384,16384,0.1,223928,21,11,1691,1697,1676,1704,1,0.5908203125,0.1337890625,1,0.7618474960327148,0.052703857421875,1691,1,1
alias,101238,16384,16384,0.1,223928,22,7,1691,1697,1676,1704,1,0.8463649749755859,0.83984375,1,0.9724280834197998,0.0022915005683898926,1691,1,1
alias,101238,16384,16384,0.1,223928,18,3,1691,1697,1676,1704,1,0.0009059906005859375,0.000308990478515625,74,0.028294801712036133,0.01729583740234375,16367,0,0
alias,101238,16384,16384,0.1,223928,17,10,1691,1697,1676,1704,1,0.002407073974609375,0.00074005126953125,88,0.14116668701171875,0.00879669189453125,0,0,0
alias,101238,16384,16384,0.1,223928,20,8,1691,1697,1676,1704,1,0.0013680458068847656,0.000736236572265625,29,0.006541520357131958,0.0032100677490234375,16382,0,0
alias,101238,16384,16384,0.1,223928,22,0,1691,1697,1676,1704,1,6.671994924545288e-06,2.2798776626586914e-06,976,0.0004783235490322113,2.942979335784912e-05,16383,0,0
alias,101238,16384,16384,0.1,223928,22,4,1691,1697,1676,1704,1,0.00261688232421875,0.000606536865234375,46,0.032989501953125,0.00733184814453125,16383,0,0
alias,101238,16384,16384,0.1,223928,21,0,1691,1697,1676,1704,1,0.0650634765625,0.0201416015625,2,0.13406133651733398,0.0012664794921875,0,0,0
alias,101238,16384,16384,0.1,223928,20,6,1691,1697,1676,1704,1,0.0003676414489746094,0.00014400482177734375,70,0.15499956905841827,0.0014247894287109375,0,0,0
alias,101238,16384,16384,0.1,223928,20,9,1691,1697,1676,1704,1,0.005420684814453125,0.0012359619140625,12,0.010747559368610382,0.006038665771484375,16382,0,0
alias,101238,16384,16384,0.1,223928,21,3,1691,1697,1676,1704,1,0.00406646728515625,0.00140380859375,35,0.025957047939300537,0.0018320083618164062,0,0,0
alias,101238,16384,16384,0.1,223928,21,1,1691,1697,1676,1704,1,0.00023365020751953125,5.793571472167969e-05,114,0.09520459175109863,0.0010366439819335938,0,0,0
alias,101238,16384,16384,0.1,223928,21,4,1691,1697,1676,1704,1,0.014007568359375,0.004974365234375,24,0.09150028228759766,0.0029888153076171875,16382,0,0
alias,101238,16384,16384,0.1,223928,21,5,1691,1697,1676,1704,1,0.014556884765625,0.0031890869140625,37,0.2187042236328125,0.001819610595703125,16383,0,0
alias,101238,16384,16384,0.1,223928,17,3,1691,1697,1676,1704,1,0.0004949569702148438,0.000209808349609375,72,0.01499032974243164,0.01039886474609375,16383,0,0
alias,101238,16384,16384,0.1,223928,22,10,1691,1697,1676,1704,1,0.6214599609375,0.341796875,1,0.8549597263336182,0.004947662353515625,1691,1,1
alias,101238,16384,16384,0.1,223928,23,4,1691,1697,1676,1704,1,0.025112152099609375,0.01708984375,13,0.2466830015182495,0.011600971221923828,0,0,0
alias,101238,16384,16384,0.1,223928,20,3,1691,1697,1676,1704,1,0.00012840330600738525,7.390975952148438e-05,73,0.006953254342079163,0.00140380859375,16368,0,0
alias,101239,16384,16385,0.1,548522,20,7,1676,1682,1661,1689,1,0.0006728172302246094,0.00020694732666015625,57,0.004254400730133057,0.010389328002929688,16384,0,0
alias,101239,16384,16385,0.1,548522,21,11,1676,1682,1661,1689,1,0.4798583984375,0.1337890625,1,0.6639218330383301,0.1036376953125,1676,1,1
alias,101239,16384,16385,0.1,548522,22,7,1676,1682,1661,1689,1,0.9229001998901367,0.91796875,1,0.9797976016998291,0.0015756413340568542,1676,1,1
alias,101239,16384,16385,0.1,548522,18,3,1676,1682,1661,1689,1,0.0009610652923583984,0.0004596710205078125,69,0.03993523120880127,0.021053314208984375,16368,0,0
alias,101239,16384,16385,0.1,548522,17,10,1676,1682,1661,1689,1,0.0015172958374023438,0.000499725341796875,91,0.14884090423583984,0.007099151611328125,0,0,0
alias,101239,16384,16385,0.1,548522,20,8,1676,1682,1661,1689,1,0.0007170438766479492,0.0004863739013671875,31,0.003610849380493164,0.0019774436950683594,16383,0,0
alias,101239,16384,16385,0.1,548522,22,0,1676,1682,1661,1689,1,8.786935359239578e-05,7.343292236328125e-05,49,0.00043096672743558884,3.9011240005493164e-05,16384,0,0
alias,101239,16384,16385,0.1,548522,22,4,1676,1682,1661,1689,1,0.00215911865234375,0.000644683837890625,54,0.02607440948486328,0.008136749267578125,16384,0,0
alias,101239,16384,16385,0.1,548522,21,0,1676,1682,1661,1689,1,0.04351806640625,0.0115966796875,4,0.11450767517089844,0.0021224021911621094,0,0,0
alias,101239,16384,16385,0.1,548522,20,6,1676,1682,1661,1689,1,7.727742195129395e-05,3.1948089599609375e-05,93,0.08027380704879761,0.0008547306060791016,0,0,0
alias,101239,16384,16385,0.1,548522,20,9,1676,1682,1661,1689,1,0.0026798248291015625,0.0007781982421875,14,0.005325652658939362,0.004335880279541016,16383,0,0
alias,101239,16384,16385,0.1,548522,21,3,1676,1682,1661,1689,1,0.0012612342834472656,0.0004177093505859375,63,0.03699725866317749,0.0020258426666259766,0,0,0
alias,101239,16384,16385,0.1,548522,21,1,1676,1682,1661,1689,1,0.00016289949417114258,5.459785461425781e-05,116,0.1113618016242981,0.0014557838439941406,0,0,0
alias,101239,16384,16385,0.1,548522,21,4,1676,1682,1661,1689,1,0.00579833984375,0.001373291015625,40,0.06125187873840332,0.003296375274658203,16383,0,0
alias,101239,16384,16385,0.1,548522,21,5,1676,1682,1661,1689,1,0.006195068359375,0.001495361328125,53,0.16579627990722656,0.0018925666809082031,16384,0,0
alias,101239,16384,16385,0.1,548522,17,3,1676,1682,1661,1689,1,0.0005851984024047852,0.0002803802490234375,68,0.02363741397857666,0.009288787841796875,16384,0,0
alias,101239,16384,16385,0.1,548522,22,10,1676,1682,1661,1689,1,0.448486328125,0.251953125,2,0.8046890497207642,0.0039931535720825195,1682,0,1
alias,101239,16384,16385,0.1,548522,23,4,1676,1682,1661,1689,1,0.013166427612304688,0.0091552734375,16,0.1781272292137146,0.011684417724609375,0,0,0
alias,101239,16384,16385,0.1,548522,20,3,1676,1682,1661,1689,1,0.00010903924703598022,6.723403930664062e-05,76,0.008109234273433685,0.0008094310760498047,16369,0,0
alias,101240,16384,16384,0.1,890717,20,7,1627,1633,1613,1640,1,0.0005310773849487305,0.0001583099365234375,59,0.0029721856117248535,0.010319709777832031,16383,0,0
alias,101240,16384,16384,0.1,890717,21,11,1627,1633,1613,1640,1,0.5712890625,0.23828125,1,0.7401304244995117,0.064300537109375,1629,1,1
alias,101240,16384,16384,0.1,890717,22,7,1627,1633,1613,1640,1,0.9614067077636719,0.94921875,1,0.9869244694709778,0.0008871555328369141,1627,1,1
alias,101240,16384,16384,0.1,890717,18,3,1627,1633,1613,1640,1,0.0013977289199829102,0.00072479248046875,66,0.03284049034118652,0.022777557373046875,16368,0,0
alias,101240,16384,16384,0.1,890717,17,10,1627,1633,1613,1640,1,0.0017066001892089844,0.0006561279296875,82,0.13260602951049805,0.0075836181640625,0,0,0
alias,101240,16384,16384,0.1,890717,20,8,1627,1633,1613,1640,1,0.0012377500534057617,0.0005950927734375,26,0.0029794350266456604,0.0017580986022949219,16382,0,0
alias,101240,16384,16384,0.1,890717,22,0,1627,1633,1613,1640,1,6.566010415554047e-05,3.218650817871094e-05,88,0.00021709874272346497,5.0999224185943604e-05,16383,0,0
alias,101240,16384,16384,0.1,890717,22,4,1627,1633,1613,1640,1,0.00542449951171875,0.0020751953125,21,0.027439117431640625,0.005908966064453125,16383,0,0
alias,101240,16384,16384,0.1,890717,21,0,1627,1633,1613,1640,1,0.0283203125,0.007354736328125,7,0.06928300857543945,0.0019359588623046875,0,0,0
alias,101240,16384,16384,0.1,890717,20,6,1627,1633,1613,1640,1,0.00021064281463623047,8.96453857421875e-05,73,0.05654474347829819,0.0006273984909057617,0,0,0
alias,101240,16384,16384,0.1,890717,20,9,1627,1633,1613,1640,1,0.004940032958984375,0.0019989013671875,8,0.00610511377453804,0.002841949462890625,16382,0,0
alias,101240,16384,16384,0.1,890717,21,3,1627,1633,1613,1640,1,0.0012791752815246582,0.00092315673828125,43,0.025244712829589844,0.0019359588623046875,0,0,0
alias,101240,16384,16384,0.1,890717,21,1,1627,1633,1613,1640,1,0.0003204345703125,0.00022125244140625,77,0.07272028923034668,0.001262664794921875,0,0,0
alias,101240,16384,16384,0.1,890717,21,4,1627,1633,1613,1640,1,0.012378692626953125,0.005462646484375,25,0.07594996690750122,0.0030965805053710938,16382,0,0
alias,101240,16384,16384,0.1,890717,21,5,1627,1633,1613,1640,1,0.0123291015625,0.0052490234375,28,0.19062423706054688,0.0013418197631835938,0,0,0
alias,101240,16384,16384,0.1,890717,17,3,1627,1633,1613,1640,1,0.000667572021484375,0.0002155303955078125,68,0.021431446075439453,0.006923675537109375,16383,0,0
alias,101240,16384,16384,0.1,890717,22,10,1627,1633,1613,1640,1,0.642822265625,0.337890625,1,0.8700975179672241,0.0021953582763671875,1627,1,1
alias,101240,16384,16384,0.1,890717,23,4,1627,1633,1613,1640,1,0.03089141845703125,0.0155029296875,15,0.18016117811203003,0.01168900728225708,0,0,0
alias,101240,16384,16384,0.1,890717,20,3,1627,1633,1613,1640,1,0.0002672150731086731,0.00015926361083984375,60,0.004608727991580963,0.001264333724975586,16369,0,0
alias,101241,16384,16384,0.1,184514,20,7,1670,1676,1656,1683,1,0.00025713443756103516,9.72747802734375e-05,86,0.0036081671714782715,0.009686470031738281,16383,0,0
alias,101241,16384,16384,0.1,184514,21,11,1670,1676,1656,1683,1,0.453125,0.12060546875,2,0.6402626037597656,0.081756591796875,0,0,0
alias,101241,16384,16384,0.1,184514,22,7,1670,1676,1656,1683,1,0.9104747772216797,0.875,1,0.983119785785675,0.0015581697225570679,1670,1,1
alias,101241,16384,16384,0.1,184514,18,3,1670,1676,1656,1683,1,0.001051187515258789,0.0003509521484375,70,0.029103755950927734,0.0217132568359375,16368,0,0
alias,101241,16384,16384,0.1,184514,17,10,1670,1676,1656,1683,1,0.0015802383422851562,0.000499725341796875,87,0.13346004486083984,0.008113861083984375,0,0,0
alias,101241,16384,16384,0.1,184514,20,8,1670,1676,1656,1683,1,0.0008819103240966797,0.00038909912109375,31,0.004131346940994263,0.0016016960144042969,16382,0,0
alias,101241,16384,16384,0.1,184514,22,0,1670,1676,1656,1683,1,3.559514880180359e-05,1.4603137969970703e-05,220,0.0001705146860331297,4.1641294956207275e-05,16383,0,0
alias,101241,16384,16384,0.1,184514,22,4,1670,1676,1656,1683,1,0.0032014846801757812,0.00093841552734375,38,0.029526710510253906,0.005901336669921875,16383,0,0
alias,101241,16384,16384,0.1,184514,21,0,1670,1676,1656,1683,1,0.03070068359375,0.0086669921875,2,0.08010983467102051,0.0020208358764648438,0,0,0
alias,101241,16384,16384,0.1,184514,20,6,1670,1676,1656,1683,1,0.00014480948448181152,7.05718994140625e-05,77,0.11999288201332092,0.0006890296936035156,0,0,0
alias,101241,16384,16384,0.1,184514,20,9,1670,1676,1656,1683,1,0.0034666061401367188,0.00115966796875,9,0.006058938801288605,0.003589630126953125,16382,0,0
alias,101241,16384,16384,0.1,184514,21,3,1670,1676,1656,1683,1,0.0023403167724609375,0.0011749267578125,43,0.040107131004333496,0.0021140575408935547,0,0,0
alias,101241,16384,16384,0.1,184514,21,1,1670,1676,1656,1683,1,0.00014662742614746094,4.506111145019531e-05,121,0.13167619705200195,0.0012116432189941406,0,0,0
alias,101241,16384,16384,0.1,184514,21,4,1670,1676,1656,1683,1,0.00800323486328125,0.002716064453125,30,0.050218164920806885,0.003818511962890625,16382,0,0
alias,101241,16384,16384,0.1,184514,21,5,1670,1676,1656,1683,1,0.007167816162109375,0.001739501953125,48,0.1812877655029297,0.0017971992492675781,0,0,0
alias,101241,16384,16384,0.1,184514,17,3,1670,1676,1656,1683,1,0.00046372413635253906,0.000148773193359375,72,0.026337862014770508,0.010101318359375,16383,0,0
alias,101241,16384,16384,0.1,184514,22,10,1670,1676,1656,1683,1,0.52252197265625,0.2470703125,1,0.7953683137893677,0.004074573516845703,1670,1,1
alias,101241,16384,16384,0.1,184514,23,4,1670,1676,1656,1683,1,0.011444091796875,0.00732421875,19,0.17353610694408417,0.013590812683105469,0,0,0
alias,101241,16384,16384,0.1,184514,20,3,1670,1676,1656,1683,1,0.000441133975982666,0.0001811981201171875,69,0.01387399435043335,0.001148521900177002,16369,0,0
paraphrase,201234,16384,16384,0.1,193786,20,7,1667,1673,1650,1680,1,0.0011092424392700195,0.000514984130859375,48,0.014150023460388184,0.01183319091796875,16383,0,0
paraphrase,201234,16384,16384,0.1,193786,21,11,1667,1673,1650,1680,1,0.155029296875,0.08349609375,2,0.252471923828125,0.18621826171875,0,0,0
paraphrase,201234,16384,16384,0.1,193786,22,7,1667,1673,1650,1680,1,0.40346527099609375,0.337890625,1,0.8636732697486877,0.04067564010620117,1663,0,1
paraphrase,201234,16384,16384,0.1,193786,18,3,1667,1673,1650,1680,1,0.001130819320678711,0.000560760498046875,75,0.06933212280273438,0.04791259765625,0,0,0
paraphrase,201234,16384,16384,0.1,193786,17,10,1667,1673,1650,1680,1,0.0016794204711914062,0.0004711151123046875,88,0.1442718505859375,0.009159088134765625,0,0,0
paraphrase,201234,16384,16384,0.1,193786,20,8,1667,1673,1650,1680,1,0.0017213821411132812,0.00066375732421875,28,0.011427454650402069,0.004298210144042969,16372,0,0
paraphrase,201234,16384,16384,0.1,193786,22,0,1667,1673,1650,1680,1,1.2936070561408997e-05,6.258487701416016e-06,588,0.00024658162146806717,0.0001070760190486908,16383,0,0
paraphrase,201234,16384,16384,0.1,193786,22,4,1667,1673,1650,1680,1,0.0039033889770507812,0.00110626220703125,33,0.024933338165283203,0.018091201782226562,16383,0,0
paraphrase,201234,16384,16384,0.1,193786,21,0,1667,1673,1650,1680,1,0.0379791259765625,0.0191650390625,2,0.0736369788646698,0.0030364990234375,0,0,0
paraphrase,201234,16384,16384,0.1,193786,20,6,1667,1673,1650,1680,1,0.0006124973297119141,0.0002460479736328125,73,0.04060626029968262,0.003894805908203125,16382,0,0
paraphrase,201234,16384,16384,0.1,193786,20,9,1667,1673,1650,1680,1,0.0192718505859375,0.00860595703125,10,0.03882133588194847,0.012546539306640625,16382,0,0
paraphrase,201234,16384,16384,0.1,193786,21,3,1667,1673,1650,1680,1,0.0010914802551269531,0.0002918243408203125,95,0.03279685974121094,0.0058574676513671875,0,0,0
paraphrase,201234,16384,16384,0.1,193786,21,1,1667,1673,1650,1680,1,0.0005698204040527344,0.00023746490478515625,97,0.0930778980255127,0.0049686431884765625,0,0,0
paraphrase,201234,16384,16384,0.1,193786,21,4,1667,1673,1650,1680,1,0.007793426513671875,0.0038299560546875,16,0.08481651544570923,0.01421356201171875,16382,0,0
paraphrase,201234,16384,16384,0.1,193786,21,5,1667,1673,1650,1680,1,0.01653289794921875,0.006256103515625,22,0.10431766510009766,0.0018930435180664062,0,0,0
paraphrase,201234,16384,16384,0.1,193786,17,3,1667,1673,1650,1680,1,0.0009496212005615234,0.0003452301025390625,57,0.017583847045898438,0.012172698974609375,16383,0,0
paraphrase,201234,16384,16384,0.1,193786,22,10,1667,1673,1650,1680,1,0.44354248046875,0.1337890625,1,0.6764414310455322,0.01364898681640625,1669,1,1
paraphrase,201234,16384,16384,0.1,193786,23,4,1667,1673,1650,1680,1,0.008053779602050781,0.003143310546875,28,0.1525949239730835,0.054836273193359375,0,0,0
paraphrase,201234,16384,16384,0.1,193786,20,3,1667,1673,1650,1680,1,0.0008684396743774414,0.000408172607421875,21,0.0047057755291461945,0.0008754730224609375,16369,0,0
paraphrase,201235,16384,16383,0.1,207278,20,7,1681,1687,1664,1694,1,0.002527952194213867,0.0015106201171875,30,0.01566934585571289,0.01239013671875,16382,0,0
paraphrase,201235,16384,16383,0.1,207278,21,11,1681,1687,1664,1694,1,0.1888427734375,0.08935546875,2,0.3015326261520386,0.17376708984375,0,0,0
paraphrase,201235,16384,16383,0.1,207278,22,7,1681,1687,1664,1694,1,0.2994842529296875,0.177734375,2,0.8183903694152832,0.05494129657745361,1677,0,1
paraphrase,201235,16384,16383,0.1,207278,18,3,1681,1687,1664,1694,1,0.0015090703964233398,0.00099945068359375,60,0.07556986808776855,0.0264129638671875,16375,0,0
paraphrase,201235,16384,16383,0.1,207278,17,10,1681,1687,1664,1694,1,0.0041599273681640625,0.0013427734375,66,0.17059898376464844,0.009033203125,0,0,0
paraphrase,201235,16384,16383,0.1,207278,20,8,1681,1687,1664,1694,1,0.004773139953613281,0.0016021728515625,17,0.015240848064422607,0.00365447998046875,16371,0,0
paraphrase,201235,16384,16383,0.1,207278,22,0,1681,1687,1664,1694,1,2.1655112504959106e-05,7.927417755126953e-06,522,0.0007312577217817307,0.0001139175146818161,16382,0,0
paraphrase,201235,16384,16383,0.1,207278,22,4,1681,1687,1664,1694,1,0.0024385452270507812,0.000614166259765625,45,0.022594451904296875,0.018390655517578125,16382,0,0
paraphrase,201235,16384,16383,0.1,207278,21,0,1681,1687,1664,1694,1,0.03446197509765625,0.0220947265625,2,0.06684118509292603,0.0019025802612304688,0,0,0
paraphrase,201235,16384,16383,0.1,207278,20,6,1681,1687,1664,1694,1,0.0016226768493652344,0.000446319580078125,66,0.04576236009597778,0.00586700439453125,16381,0,0
paraphrase,201235,16384,16383,0.1,207278,20,9,1681,1687,1664,1694,1,0.0533905029296875,0.01483154296875,8,0.08510254323482513,0.010616302490234375,16381,0,0
paraphrase,201235,16384,16383,0.1,207278,21,3,1681,1687,1664,1694,1,0.0028657913208007812,0.00086212158203125,50,0.027039051055908203,0.007049560546875,0,0,0
paraphrase,201235,16384,16383,0.1,207278,21,1,1681,1687,1664,1694,1,0.0006490945816040039,0.00029754638671875,94,0.08369958400726318,0.004974365234375,0,0,0
paraphrase,201235,16384,16383,0.1,207278,21,4,1681,1687,1664,1694,1,0.015216827392578125,0.0076904296875,14,0.08740109205245972,0.017452239990234375,16381,0,0
paraphrase,201235,16384,16383,0.1,207278,21,5,1681,1687,1664,1694,1,0.0182952880859375,0.005462646484375,25,0.12142372131347656,0.0024700164794921875,0,0,0
paraphrase,201235,16384,16383,0.1,207278,17,3,1681,1687,1664,1694,1,0.0013756752014160156,0.00042724609375,51,0.013905763626098633,0.010467529296875,16382,0,0
paraphrase,201235,16384,16383,0.1,207278,22,10,1681,1687,1664,1694,1,0.50360107421875,0.1982421875,1,0.7035202980041504,0.011220932006835938,1682,1,1
paraphrase,201235,16384,16383,0.1,207278,23,4,1681,1687,1664,1694,1,0.007940292358398438,0.004180908203125,28,0.16014057397842407,0.08502197265625,0,0,0
paraphrase,201235,16384,16383,0.1,207278,20,3,1681,1687,1664,1694,1,0.0012301206588745117,0.000713348388671875,17,0.0057248398661613464,0.000743865966796875,16368,0,0
paraphrase,201236,16384,16384,0.1,331504,20,7,1667,1673,1650,1680,1,0.0017914772033691406,0.00067901611328125,46,0.017462074756622314,0.00899505615234375,16383,0,0
paraphrase,201236,16384,16384,0.1,331504,21,11,1667,1673,1650,1680,1,0.2156982421875,0.07666015625,2,0.3189898133277893,0.1339111328125,0,0,0
paraphrase,201236,16384,16384,0.1,331504,22,7,1667,1673,1650,1680,1,0.3766326904296875,0.302734375,2,0.8614183068275452,0.029150277376174927,1663,0,1
paraphrase,201236,16384,16384,0.1,331504,18,3,1667,1673,1650,1680,1,0.0011258125305175781,0.0004215240478515625,78,0.06858217716217041,0.02362823486328125,0,0,0
paraphrase,201236,16384,16384,0.1,331504,17,10,1667,1673,1650,1680,1,0.0026311874389648438,0.000713348388671875,81,0.16586017608642578,0.0088348388671875,0,0,0
paraphrase,201236,16384,16384,0.1,331504,20,8,1667,1673,1650,1680,1,0.0032091140747070312,0.00121307373046875,22,0.016079574823379517,0.0039501190185546875,16372,0,0
paraphrase,201236,16384,16384,0.1,331504,22,0,1667,1673,1650,1680,1,7.748603820800781e-06,3.904104232788086e-06,935,0.00022824667394161224,0.00012989714741706848,0,0,0
paraphrase,201236,16384,16384,0.1,331504,22,4,1667,1673,1650,1680,1,0.003875255584716797,0.001190185546875,31,0.026633739471435547,0.015125274658203125,16383,0,0
paraphrase,201236,16384,16384,0.1,331504,21,0,1667,1673,1650,1680,1,0.02439117431640625,0.016357421875,2,0.05500313639640808,0.0021276473999023438,0,0,0
paraphrase,201236,16384,16384,0.1,331504,20,6,1667,1673,1650,1680,1,0.0013551712036132812,0.0002727508544921875,71,0.05244526267051697,0.005991935729980469,16382,0,0
paraphrase,201236,16384,16384,0.1,331504,20,9,1667,1673,1650,1680,1,0.05572509765625,0.016357421875,8,0.08667252957820892,0.00955963134765625,16382,0,0
paraphrase,201236,16384,16384,0.1,331504,21,3,1667,1673,1650,1680,1,0.001575469970703125,0.000640869140625,64,0.03459608554840088,0.0076904296875,0,0,0
paraphrase,201236,16384,16384,0.1,331504,21,1,1667,1673,1650,1680,1,0.001062631607055664,0.000385284423828125,82,0.09937787055969238,0.0042743682861328125,0,0,0
paraphrase,201236,16384,16384,0.1,331504,21,4,1667,1673,1650,1680,1,0.012262344360351562,0.0067138671875,15,0.09463194012641907,0.01480865478515625,16382,0,0
paraphrase,201236,16384,16384,0.1,331504,21,5,1667,1673,1650,1680,1,0.02405548095703125,0.007354736328125,21,0.12134933471679688,0.0024433135986328125,0,0,0
paraphrase,201236,16384,16384,0.1,331504,17,3,1667,1673,1650,1680,1,0.0012977123260498047,0.00046539306640625,51,0.02047419548034668,0.009979248046875,16383,0,0
paraphrase,201236,16384,16384,0.1,331504,22,10,1667,1673,1650,1680,1,0.3988037109375,0.138671875,1,0.6483497619628906,0.00905609130859375,1669,1,1
paraphrase,201236,16384,16384,0.1,331504,23,4,1667,1673,1650,1680,1,0.007211208343505859,0.004302978515625,26,0.14237654209136963,0.07646560668945312,0,0,0
paraphrase,201236,16384,16384,0.1,331504,20,3,1667,1673,1650,1680,1,0.001843571662902832,0.00099945068359375,18,0.008499648422002792,0.0005645751953125,16369,0,0
paraphrase,201237,16384,16383,0.1,888821,20,7,1661,1667,1644,1674,1,0.007069587707519531,0.002471923828125,18,0.01661550998687744,0.00968170166015625,16382,0,0
paraphrase,201237,16384,16383,0.1,888821,21,11,1661,1667,1644,1674,1,0.19610595703125,0.064453125,2,0.29810258746147156,0.12896728515625,0,0,0
paraphrase,201237,16384,16383,0.1,888821,22,7,1661,1667,1644,1674,1,0.3819427490234375,0.314453125,2,0.8248953819274902,0.03311014175415039,1657,0,1
paraphrase,201237,16384,16383,0.1,888821,18,3,1661,1667,1644,1674,1,0.0009704828262329102,0.0003833770751953125,82,0.05837523937225342,0.0197601318359375,0,0,0
paraphrase,201237,16384,16383,0.1,888821,17,10,1661,1667,1644,1674,1,0.00252532958984375,0.000885009765625,78,0.13996315002441406,0.009429931640625,0,0,0
paraphrase,201237,16384,16383,0.1,888821,20,8,1661,1667,1644,1674,1,0.00141143798828125,0.000728607177734375,29,0.017642006278038025,0.006511688232421875,16371,0,0
paraphrase,201237,16384,16383,0.1,888821,22,0,1661,1667,1644,1674,1,6.776303052902222e-06,3.635883331298828e-06,975,0.0004266025498509407,7.123872637748718e-05,16382,0,0
paraphrase,201237,16384,16383,0.1,888821,22,4,1661,1667,1644,1674,1,0.001964092254638672,0.0004730224609375,45,0.02269613742828369,0.0165557861328125,16382,0,0
paraphrase,201237,16384,16383,0.1,888821,21,0,1661,1667,1644,1674,1,0.0179595947265625,0.006072998046875,6,0.05149298906326294,0.0031757354736328125,0,0,0
paraphrase,201237,16384,16383,0.1,888821,20,6,1661,1667,1644,1674,1,0.0010986328125,0.000263214111328125,78,0.045730531215667725,0.010217666625976562,16381,0,0
paraphrase,201237,16384,16383,0.1,888821,20,9,1661,1667,1644,1674,1,0.0590362548828125,0.0191650390625,9,0.09491302073001862,0.019256591796875,16381,0,0
paraphrase,201237,16384,16383,0.1,888821,21,3,1661,1667,1644,1674,1,0.0013523101806640625,0.0003528594970703125,89,0.0210912823677063,0.006024360656738281,0,0,0
paraphrase,201237,16384,16383,0.1,888821,21,1,1661,1667,1644,1674,1,0.0011737346649169922,0.0004482269287109375,72,0.08048033714294434,0.0030651092529296875,0,0,0
paraphrase,201237,16384,16383,0.1,888821,21,4,1661,1667,1644,1674,1,0.0065097808837890625,0.0021820068359375,31,0.09144052863121033,0.0140838623046875,16381,0,0
paraphrase,201237,16384,16383,0.1,888821,21,5,1661,1667,1644,1674,1,0.02362060546875,0.00830078125,18,0.1255016326904297,0.0028247833251953125,0,0,0
paraphrase,201237,16384,16383,0.1,888821,17,3,1661,1667,1644,1674,1,0.0027914047241210938,0.00156402587890625,32,0.01993381977081299,0.008747100830078125,16382,0,0
paraphrase,201237,16384,16383,0.1,888821,22,10,1661,1667,1644,1674,1,0.240478515625,0.07275390625,3,0.48366546630859375,0.017818450927734375,0,0,0
paraphrase,201237,16384,16383,0.1,888821,23,4,1661,1667,1644,1674,1,0.0106048583984375,0.0040283203125,25,0.11074608564376831,0.042072296142578125,0,0,0
paraphrase,201237,16384,16383,0.1,888821,20,3,1661,1667,1644,1674,1,0.001955687999725342,0.00115203857421875,16,0.007193036377429962,0.001119375228881836,16368,0,0
paraphrase,201238,16384,16384,0.1,987809,20,7,1680,1686,1663,1693,1,0.0033729076385498047,0.0010528564453125,32,0.014094382524490356,0.010112762451171875,16383,0,0
paraphrase,201238,16384,16384,0.1,987809,21,11,1680,1686,1663,1693,1,0.3116455078125,0.1123046875,2,0.43637776374816895,0.07299423217773438,0,0,0
paraphrase,201238,16384,16384,0.1,987809,22,7,1680,1686,1663,1693,1,0.55908203125,0.439453125,1,0.8850482106208801,0.012385547161102295,1680,1,1
paraphrase,201238,16384,16384,0.1,987809,18,3,1680,1686,1663,1693,1,0.0006487369537353516,0.000339508056640625,86,0.07199728488922119,0.015594482421875,16376,0,0
paraphrase,201238,16384,16384,0.1,987809,17,10,1680,1686,1663,1693,1,0.0041217803955078125,0.00122833251953125,66,0.15692901611328125,0.0077056884765625,0,0,0
paraphrase,201238,16384,16384,0.1,987809,20,8,1680,1686,1663,1693,1,0.004584789276123047,0.0018310546875,19,0.01944383978843689,0.0064983367919921875,16372,0,0
paraphrase,201238,16384,16384,0.1,987809,22,0,1680,1686,1663,1693,1,2.1941959857940674e-05,1.6570091247558594e-05,338,0.000619687489233911,6.686151027679443e-05,16383,0,0
paraphrase,201238,16384,16384,0.1,987809,22,4,1680,1686,1663,1693,1,0.0018644332885742188,0.00086212158203125,39,0.023760080337524414,0.01888275146484375,16383,0,0
paraphrase,201238,16384,16384,0.1,987809,21,0,1680,1686,1663,1693,1,0.0330810546875,0.01239013671875,2,0.05979794263839722,0.0011758804321289062,0,0,0
paraphrase,201238,16384,16384,0.1,987809,20,6,1680,1686,1663,1693,1,0.0029573440551757812,0.0011444091796875,52,0.05338144302368164,0.009731292724609375,16382,0,0
paraphrase,201238,16384,16384,0.1,987809,20,9,1680,1686,1663,1693,1,0.153076171875,0.04833984375,4,0.19794809818267822,0.0123748779296875,16382,0,0
paraphrase,201238,16384,16384,0.1,987809,21,3,1680,1686,1663,1693,1,0.0013875961303710938,0.000347137451171875,91,0.026427030563354492,0.0055255889892578125,0,0,0
paraphrase,201238,16384,16384,0.1,987809,21,1,1680,1686,1663,1693,1,0.0008225440979003906,0.00028228759765625,92,0.08189177513122559,0.0034437179565429688,0,0,0
paraphrase,201238,16384,16384,0.1,987809,21,4,1680,1686,1663,1693,1,0.026279449462890625,0.0084228515625,13,0.12149715423583984,0.010234832763671875,16382,0,0
paraphrase,201238,16384,16384,0.1,987809,21,5,1680,1686,1663,1693,1,0.0394134521484375,0.01068115234375,11,0.1259918212890625,0.0018157958984375,0,0,0
paraphrase,201238,16384,16384,0.1,987809,17,3,1680,1686,1663,1693,1,0.0016775131225585938,0.000759124755859375,39,0.015688776969909668,0.007221221923828125,16383,0,0
paraphrase,201238,16384,16384,0.1,987809,22,10,1680,1686,1663,1693,1,0.368408203125,0.1279296875,1,0.5923562049865723,0.009134292602539062,1682,1,1
paraphrase,201238,16384,16384,0.1,987809,23,4,1680,1686,1663,1693,1,0.012488365173339844,0.00537109375,23,0.15540093183517456,0.027194976806640625,0,0,0
paraphrase,201238,16384,16384,0.1,987809,20,3,1680,1686,1663,1693,1,0.0031429529190063477,0.0023040771484375,15,0.011372491717338562,0.001016855239868164,16369,0,0
paraphrase,201239,16384,16384,0.1,845811,20,7,1699,1705,1682,1712,1,0.003047943115234375,0.001373291015625,26,0.019139885902404785,0.01116180419921875,16383,0,0
paraphrase,201239,16384,16384,0.1,845811,21,11,1699,1705,1682,1712,1,0.22125244140625,0.06103515625,2,0.34771719574928284,0.11865234375,0,0,0
paraphrase,201239,16384,16384,0.1,845811,22,7,1699,1705,1682,1712,1,0.4658355712890625,0.427734375,1,0.9132734537124634,0.012446343898773193,1699,1,1
paraphrase,201239,16384,16384,0.1,845811,18,3,1699,1705,1682,1712,1,0.0007208585739135742,0.000377655029296875,79,0.06867718696594238,0.0321807861328125,16376,0,0
paraphrase,201239,16384,16384,0.1,845811,17,10,1699,1705,1682,1712,1,0.0029811859130859375,0.0010986328125,71,0.1643505096435547,0.0091705322265625,0,0,0
paraphrase,201239,16384,16384,0.1,845811,20,8,1699,1705,1682,1712,1,0.0022258758544921875,0.00096893310546875,23,0.014978565275669098,0.005115509033203125,16372,0,0
paraphrase,201239,16384,16384,0.1,845811,22,0,1699,1705,1682,1712,1,7.510930299758911e-05,4.482269287109375e-05,115,0.000620504841208458,6.75637274980545e-05,16383,0,0
paraphrase,201239,16384,16384,0.1,845811,22,4,1699,1705,1682,1712,1,0.0015330314636230469,0.000598907470703125,43,0.023117780685424805,0.008703231811523438,16383,0,0
paraphrase,201239,16384,16384,0.1,845811,21,0,1699,1705,1682,1712,1,0.0164947509765625,0.005035400390625,7,0.03960880637168884,0.0020399093627929688,0,0,0
paraphrase,201239,16384,16384,0.1,845811,20,6,1699,1705,1682,1712,1,0.0008311271667480469,0.000255584716796875,74,0.06585800647735596,0.006206512451171875,16382,0,0
paraphrase,201239,16384,16384,0.1,845811,20,9,1699,1705,1682,1712,1,0.04962921142578125,0.0186767578125,8,0.08794475346803665,0.0109710693359375,16382,0,0
paraphrase,201239,16384,16384,0.1,845811,21,3,1699,1705,1682,1712,1,0.0006153583526611328,0.0001850128173828125,136,0.025365889072418213,0.005588531494140625,0,0,0
paraphrase,201239,16384,16384,0.1,845811,21,1,1699,1705,1682,1712,1,0.0005451440811157227,0.00019931793212890625,102,0.09893560409545898,0.0026721954345703125,0,0,0
paraphrase,201239,16384,16384,0.1,845811,21,4,1699,1705,1682,1712,1,0.0098724365234375,0.0027313232421875,32,0.08896857500076294,0.014118194580078125,16382,0,0
paraphrase,201239,16384,16384,0.1,845811,21,5,1699,1705,1682,1712,1,0.0162200927734375,0.004302978515625,38,0.13445281982421875,0.0015878677368164062,0,0,0
paraphrase,201239,16384,16384,0.1,845811,17,3,1699,1705,1682,1712,1,0.0011568069458007812,0.000621795654296875,39,0.013461947441101074,0.00891876220703125,16383,0,0
paraphrase,201239,16384,16384,0.1,845811,22,10,1699,1705,1682,1712,1,0.39898681640625,0.1376953125,1,0.638946533203125,0.01287841796875,1699,1,1
paraphrase,201239,16384,16384,0.1,845811,23,4,1699,1705,1682,1712,1,0.007634520530700684,0.004241943359375,25,0.13685938715934753,0.03366851806640625,0,0,0
paraphrase,201239,16384,16384,0.1,845811,20,3,1699,1705,1682,1712,1,0.002416551113128662,0.00164794921875,15,0.007241327315568924,0.0005652904510498047,16369,0,0
paraphrase,201240,16384,16383,0.1,825220,20,7,1649,1655,1632,1662,1,0.003076910972595215,0.00141143798828125,27,0.012648344039916992,0.01348876953125,16382,0,0
paraphrase,201240,16384,16383,0.1,825220,21,11,1649,1655,1632,1662,1,0.1715087890625,0.055419921875,2,0.289131224155426,0.14056396484375,0,0,0
paraphrase,201240,16384,16383,0.1,825220,22,7,1649,1655,1632,1662,1,0.490203857421875,0.462890625,1,0.8863224983215332,0.023948341608047485,1649,1,1
paraphrase,201240,16384,16383,0.1,825220,18,3,1649,1655,1632,1662,1,0.0009276866912841797,0.0003871917724609375,79,0.04854470491409302,0.02931976318359375,16375,0,0
paraphrase,201240,16384,16383,0.1,825220,17,10,1649,1655,1632,1662,1,0.002410888671875,0.0008392333984375,79,0.16022109985351562,0.00856781005859375,0,0,0
paraphrase,201240,16384,16383,0.1,825220,20,8,1649,1655,1632,1662,1,0.003534078598022461,0.00136566162109375,18,0.027660582214593887,0.0037326812744140625,16371,0,0
paraphrase,201240,16384,16383,0.1,825220,22,0,1649,1655,1632,1662,1,7.230788469314575e-06,2.3990869522094727e-06,1443,0.00025810347869992256,0.0001439303159713745,16382,0,0
paraphrase,201240,16384,16383,0.1,825220,22,4,1649,1655,1632,1662,1,0.0016832351684570312,0.0004367828369140625,46,0.014030933380126953,0.016025543212890625,16382,0,0
paraphrase,201240,16384,16383,0.1,825220,21,0,1649,1655,1632,1662,1,0.01630401611328125,0.00872802734375,4,0.035692840814590454,0.0017633438110351562,0,0,0
paraphrase,201240,16384,16383,0.1,825220,20,6,1649,1655,1632,1662,1,0.0021004676818847656,0.000598907470703125,57,0.03808903694152832,0.0066318511962890625,16381,0,0
paraphrase,201240,16384,16383,0.1,825220,20,9,1649,1655,1632,1662,1,0.0407257080078125,0.017333984375,7,0.09544853121042252,0.00762176513671875,16381,0,0
paraphrase,201240,16384,16383,0.1,825220,21,3,1649,1655,1632,1662,1,0.0005977153778076172,0.0002765655517578125,104,0.016953110694885254,0.007917404174804688,0,0,0
paraphrase,201240,16384,16383,0.1,825220,21,1,1649,1655,1632,1662,1,0.000935971736907959,0.0004711151123046875,77,0.07212549448013306,0.0052127838134765625,0,0,0
paraphrase,201240,16384,16383,0.1,825220,21,4,1649,1655,1632,1662,1,0.005523681640625,0.00160980224609375,37,0.06579113006591797,0.019134521484375,16381,0,0
paraphrase,201240,16384,16383,0.1,825220,21,5,1649,1655,1632,1662,1,0.01604461669921875,0.00640869140625,23,0.09547901153564453,0.0028362274169921875,0,0,0
paraphrase,201240,16384,16383,0.1,825220,17,3,1649,1655,1632,1662,1,0.0020751953125,0.000942230224609375,38,0.021482467651367188,0.0086212158203125,16382,0,0
paraphrase,201240,16384,16383,0.1,825220,22,10,1649,1655,1632,1662,1,0.361053466796875,0.130859375,1,0.6266286373138428,0.011408805847167969,1649,1,1
paraphrase,201240,16384,16383,0.1,825220,23,4,1649,1655,1632,1662,1,0.009639739990234375,0.00457763671875,25,0.12205496430397034,0.06341361999511719,0,0,0
paraphrase,201240,16384,16383,0.1,825220,20,3,1649,1655,1632,1662,1,0.0018368959426879883,0.00128936767578125,14,0.0068024322390556335,0.0007219314575195312,16368,0,0
paraphrase,201241,16384,16384,0.1,844590,20,7,1698,1704,1681,1711,1,0.0028672218322753906,0.00133514404296875,28,0.015080809593200684,0.0121612548828125,16383,0,0
paraphrase,201241,16384,16384,0.1,844590,21,11,1698,1704,1681,1711,1,0.1680908203125,0.047607421875,3,0.2537018060684204,0.21417236328125,0,0,0
paraphrase,201241,16384,16384,0.1,844590,22,7,1698,1704,1681,1711,1,0.4312171936035156,0.412109375,1,0.8943555951118469,0.023904144763946533,1698,1,1
paraphrase,201241,16384,16384,0.1,844590,18,3,1698,1704,1681,1711,1,0.0009008049964904785,0.0004787445068359375,75,0.06217449903488159,0.0310516357421875,16376,0,0
paraphrase,201241,16384,16384,0.1,844590,17,10,1698,1704,1681,1711,1,0.0027370452880859375,0.00102996826171875,75,0.16536521911621094,0.0102691650390625,0,0,0
paraphrase,201241,16384,16384,0.1,844590,20,8,1698,1704,1681,1711,1,0.001817464828491211,0.00069427490234375,26,0.01139906421303749,0.006575584411621094,16382,0,0
paraphrase,201241,16384,16384,0.1,844590,22,0,1698,1704,1681,1711,1,4.686042666435242e-05,1.5079975128173828e-05,364,0.0006269253790378571,7.706508040428162e-05,0,0,0
paraphrase,201241,16384,16384,0.1,844590,22,4,1698,1704,1681,1711,1,0.00140380859375,0.000579833984375,41,0.020555734634399414,0.011905670166015625,16383,0,0
paraphrase,201241,16384,16384,0.1,844590,21,0,1698,1704,1681,1711,1,0.02481842041015625,0.01348876953125,2,0.04726052284240723,0.0020475387573242188,0,0,0
paraphrase,201241,16384,16384,0.1,844590,20,6,1698,1704,1681,1711,1,0.0005397796630859375,0.00017452239990234375,75,0.04135464131832123,0.006298065185546875,16382,0,0
paraphrase,201241,16384,16384,0.1,844590,20,9,1698,1704,1681,1711,1,0.0315704345703125,0.013427734375,8,0.05025868117809296,0.013784408569335938,16382,0,0
paraphrase,201241,16384,16384,0.1,844590,21,3,1698,1704,1681,1711,1,0.0006418228149414062,0.000213623046875,111,0.021019428968429565,0.005924224853515625,0,0,0
paraphrase,201241,16384,16384,0.1,844590,21,1,1698,1704,1681,1711,1,0.0006130337715148926,0.0002002716064453125,96,0.09031814336776733,0.0037794113159179688,0,0,0
paraphrase,201241,16384,16384,0.1,844590,21,4,1698,1704,1681,1711,1,0.014404296875,0.00445556640625,19,0.07712516188621521,0.01886749267578125,16382,0,0
paraphrase,201241,16384,16384,0.1,844590,21,5,1698,1704,1681,1711,1,0.028106689453125,0.00811767578125,18,0.1331329345703125,0.00273895263671875,0,0,0
paraphrase,201241,16384,16384,0.1,844590,17,3,1698,1704,1681,1711,1,0.0011301040649414062,0.0005645751953125,44,0.013196349143981934,0.01296234130859375,16383,0,0
paraphrase,201241,16384,16384,0.1,844590,22,10,1698,1704,1681,1711,1,0.3497314453125,0.126953125,1,0.5679776668548584,0.01687908172607422,1698,1,1
paraphrase,201241,16384,16384,0.1,844590,23,4,1698,1704,1681,1711,1,0.004272580146789551,0.0027618408203125,28,0.1273464560508728,0.042949676513671875,0,0,0
paraphrase,201241,16384,16384,0.1,844590,20,3,1698,1704,1681,1711,1,0.0018961429595947266,0.00125885009765625,16,0.005207620561122894,0.0009005069732666016,16369,0,0
relational,301234,16384,16384,0.1,994066,20,7,1662,1668,1642,1675,1,0.00045680999755859375,0.00014972686767578125,84,0.004457361996173859,0.0029538869857788086,16383,0,0
relational,301234,16384,16384,0.1,994066,21,11,1662,1668,1642,1675,1,0.30096435546875,0.0771484375,3,0.5951309204101562,0.12921142578125,0,0,0
relational,301234,16384,16384,0.1,994066,22,7,1662,1668,1642,1675,1,0.8694562911987305,0.86328125,1,0.9769634008407593,0.010875210165977478,1662,1,1
relational,301234,16384,16384,0.1,994066,18,3,1662,1668,1642,1675,1,0.00016367435455322266,6.818771362304688e-05,101,0.027630478143692017,0.024877548217773438,0,0,0
relational,301234,16384,16384,0.1,994066,17,10,1662,1668,1642,1675,1,0.0013399124145507812,0.0003643035888671875,103,0.12569522857666016,0.004955291748046875,0,0,0
relational,301234,16384,16384,0.1,994066,20,8,1662,1668,1642,1675,1,0.00020325183868408203,0.0001220703125,55,0.003265589475631714,0.0036635398864746094,16382,0,0
relational,301234,16384,16384,0.1,994066,22,0,1662,1668,1642,1675,1,2.323184162378311e-06,1.4677643775939941e-06,1432,0.00019474001601338387,2.8908252716064453e-05,16383,0,0
relational,301234,16384,16384,0.1,994066,22,4,1662,1668,1642,1675,1,0.004494667053222656,0.00176239013671875,26,0.04350394010543823,0.0091094970703125,16383,0,0
relational,301234,16384,16384,0.1,994066,21,0,1662,1668,1642,1675,1,0.01328277587890625,0.002471923828125,16,0.0589907169342041,0.0013141632080078125,0,0,0
relational,301234,16384,16384,0.1,994066,20,6,1662,1668,1642,1675,1,6.890296936035156e-05,3.170967102050781e-05,103,0.03864360600709915,0.0002925395965576172,0,0,0
relational,301234,16384,16384,0.1,994066,20,9,1662,1668,1642,1675,1,0.0041961669921875,0.0021209716796875,10,0.00676338467746973,0.0038661956787109375,16382,0,0
relational,301234,16384,16384,0.1,994066,21,3,1662,1668,1642,1675,1,0.0008890628814697266,0.000301361083984375,88,0.04295229911804199,0.000993967056274414,0,0,0
relational,301234,16384,16384,0.1,994066,21,1,1662,1668,1642,1675,1,0.00010687112808227539,5.054473876953125e-05,145,0.07468003034591675,0.0009984970092773438,0,0,0
relational,301234,16384,16384,0.1,994066,21,4,1662,1668,1642,1675,1,0.0054073333740234375,0.00147247314453125,43,0.03811764717102051,0.0051422119140625,0,0,0
relational,301234,16384,16384,0.1,994066,21,5,1662,1668,1642,1675,1,0.0233154296875,0.00579833984375,33,0.23326969146728516,0.0022063255310058594,0,0,0
relational,301234,16384,16384,0.1,994066,17,3,1662,1668,1642,1675,1,0.0003529787063598633,0.000164031982421875,75,0.015226125717163086,0.005451202392578125,16383,0,0
relational,301234,16384,16384,0.1,994066,22,10,1662,1668,1642,1675,1,0.60467529296875,0.375,1,0.769974946975708,0.012561321258544922,1662,1,1
relational,301234,16384,16384,0.1,994066,23,4,1662,1668,1642,1675,1,0.009565353393554688,0.006866455078125,15,0.21552824974060059,0.010634422302246094,0,0,0
relational,301234,16384,16384,0.1,994066,20,3,1662,1668,1642,1675,1,1.1846888810396194e-05,7.271766662597656e-06,109,0.004629327449947596,0.0009400844573974609,16363,0,0
relational,301235,16384,16384,0.1,726316,20,7,1678,1684,1660,1691,1,0.00026911497116088867,8.535385131835938e-05,96,0.0036318302154541016,0.0037539005279541016,16383,0,0
relational,301235,16384,16384,0.1,726316,21,11,1678,1684,1660,1691,1,0.28485107421875,0.06884765625,4,0.4728507995605469,0.202880859375,0,0,0
relational,301235,16384,16384,0.1,726316,22,7,1678,1684,1660,1691,1,0.8618144989013672,0.859375,1,0.9677917957305908,0.009762212634086609,1678,1,1
relational,301235,16384,16384,0.1,726316,18,3,1678,1684,1660,1691,1,0.0005525350570678711,0.00032806396484375,77,0.0384674072265625,0.02355194091796875,0,0,0
relational,301235,16384,16384,0.1,726316,17,10,1678,1684,1660,1691,1,0.0022630691528320312,0.00067901611328125,91,0.14517879486083984,0.006702423095703125,0,0,0
relational,301235,16384,16384,0.1,726316,20,8,1678,1684,1660,1691,1,0.00044542551040649414,0.0002918243408203125,41,0.00368335098028183,0.004044055938720703,16382,0,0
relational,301235,16384,16384,0.1,726316,22,0,1678,1684,1660,1691,1,7.5213611125946045e-06,6.0498714447021484e-06,453,0.00017114821821451187,2.7239322662353516e-05,16383,0,0
relational,301235,16384,16384,0.1,726316,22,4,1678,1684,1660,1691,1,0.0035114288330078125,0.000659942626953125,52,0.027425765991210938,0.01549530029296875,16383,0,0
relational,301235,16384,16384,0.1,726316,21,0,1678,1684,1660,1691,1,0.01731109619140625,0.00439453125,8,0.08518362045288086,0.0022192001342773438,0,0,0
relational,301235,16384,16384,0.1,726316,20,6,1678,1684,1660,1691,1,0.00010532140731811523,7.2479248046875e-05,74,0.05524393916130066,0.00034034252166748047,0,0,0
relational,301235,16384,16384,0.1,726316,20,9,1678,1684,1660,1691,1,0.0018291473388671875,0.000637054443359375,19,0.004510524682700634,0.012537002563476562,16382,0,0
relational,301235,16384,16384,0.1,726316,21,3,1678,1684,1660,1691,1,0.0013704299926757812,0.00038909912109375,77,0.05261451005935669,0.0021047592163085938,0,0,0
relational,301235,16384,16384,0.1,726316,21,1,1678,1684,1660,1691,1,0.00011789798736572266,4.100799560546875e-05,137,0.08500707149505615,0.0024280548095703125,0,0,0
relational,301235,16384,16384,0.1,726316,21,4,1678,1684,1660,1691,1,0.0145111083984375,0.0047607421875,32,0.10224759578704834,0.012420654296875,0,0,0
relational,301235,16384,16384,0.1,726316,21,5,1678,1684,1660,1691,1,0.01052093505859375,0.0022125244140625,50,0.34372615814208984,0.0038099288940429688,0,0,0
relational,301235,16384,16384,0.1,726316,17,3,1678,1684,1660,1691,1,0.0005633831024169922,0.0002346038818359375,74,0.018390893936157227,0.006755828857421875,16383,0,0
relational,301235,16384,16384,0.1,726316,22,10,1678,1684,1660,1691,1,0.658447265625,0.439453125,1,0.8144186735153198,0.012793540954589844,1678,1,1
relational,301235,16384,16384,0.1,726316,23,4,1678,1684,1660,1691,1,0.013001441955566406,0.009521484375,13,0.21400457620620728,0.013254165649414062,0,0,0
relational,301235,16384,16384,0.1,726316,20,3,1678,1684,1660,1691,1,3.32072377204895e-05,1.7762184143066406e-05,86,0.006124772131443024,0.0011548995971679688,16367,0,0
relational,301236,16384,16385,0.1,708819,20,7,1675,1681,1657,1688,1,0.0002803802490234375,9.059906005859375e-05,89,0.003795057535171509,0.00334930419921875,16384,0,0
relational,301236,16384,16385,0.1,708819,21,11,1675,1681,1657,1688,1,0.227294921875,0.058837890625,4,0.4247627258300781,0.18585205078125,0,0,0
relational,301236,16384,16385,0.1,708819,22,7,1675,1681,1657,1688,1,0.8567664623260498,0.85546875,1,0.9563684463500977,0.01894284039735794,1675,1,1
relational,301236,16384,16385,0.1,708819,18,3,1675,1681,1657,1688,1,0.0001995563507080078,0.00011396408081054688,88,0.024237990379333496,0.018871307373046875,16377,0,0
relational,301236,16384,16385,0.1,708819,17,10,1675,1681,1657,1688,1,0.0013957023620605469,0.0004558563232421875,95,0.13069868087768555,0.005931854248046875,0,0,0
relational,301236,16384,16385,0.1,708819,20,8,1675,1681,1657,1688,1,0.0003228187561035156,0.0001983642578125,53,0.0041249096393585205,0.005863666534423828,16383,0,0
relational,301236,16384,16385,0.1,708819,22,0,1675,1681,1657,1688,1,7.077120244503021e-05,4.100799560546875e-05,65,0.0003237854689359665,2.7514994144439697e-05,16384,0,0
relational,301236,16384,16385,0.1,708819,22,4,1675,1681,1657,1688,1,0.004032135009765625,0.0017547607421875,33,0.02651071548461914,0.015380859375,16384,0,0
relational,301236,16384,16385,0.1,708819,21,0,1675,1681,1657,1688,1,0.0137481689453125,0.004241943359375,11,0.0846104621887207,0.0019788742065429688,0,0,0
relational,301236,16384,16385,0.1,708819,20,6,1675,1681,1657,1688,1,7.95125961303711e-05,5.245208740234375e-05,80,0.09189972281455994,0.0002448558807373047,0,0,0
relational,301236,16384,16385,0.1,708819,20,9,1675,1681,1657,1688,1,0.0009882450103759766,0.0004291534423828125,19,0.003392382524907589,0.009037971496582031,16383,0,0
relational,301236,16384,16385,0.1,708819,21,3,1675,1681,1657,1688,1,0.0014753341674804688,0.0004444122314453125,71,0.05043196678161621,0.00214385986328125,0,0,0
relational,301236,16384,16385,0.1,708819,21,1,1675,1681,1657,1688,1,0.00010827183723449707,3.838539123535156e-05,130,0.09691813588142395,0.0012331008911132812,0,0,0
relational,301236,16384,16385,0.1,708819,21,4,1675,1681,1657,1688,1,0.016387939453125,0.00494384765625,23,0.08061668276786804,0.012653350830078125,0,0,0
relational,301236,16384,16385,0.1,708819,21,5,1675,1681,1657,1688,1,0.01352691650390625,0.003814697265625,37,0.2889394760131836,0.0025861263275146484,0,0,0
relational,301236,16384,16385,0.1,708819,17,3,1675,1681,1657,1688,1,0.00039076805114746094,0.0001392364501953125,80,0.022162973880767822,0.0064544677734375,16384,0,0
relational,301236,16384,16385,0.1,708819,22,10,1675,1681,1657,1688,1,0.64703369140625,0.4921875,1,0.7912472486495972,0.0162661075592041,1675,1,1
relational,301236,16384,16385,0.1,708819,23,4,1675,1681,1657,1688,1,0.01271677017211914,0.00927734375,16,0.2015857696533203,0.014241695404052734,0,0,0
relational,301236,16384,16385,0.1,708819,20,3,1675,1681,1657,1688,1,1.1358410120010376e-05,7.62939453125e-06,90,0.002838827669620514,0.0009735226631164551,16368,0,0
relational,301237,16384,16384,0.1,227126,20,7,1678,1684,1658,1691,1,0.0002269148826599121,7.486343383789062e-05,121,0.004167675971984863,0.0030367374420166016,16383,0,0
relational,301237,16384,16384,0.1,227126,21,11,1678,1684,1658,1691,1,0.232666015625,0.05224609375,4,0.4654254913330078,0.1688232421875,0,0,0
relational,301237,16384,16384,0.1,227126,22,7,1678,1684,1658,1691,1,0.7849898338317871,0.78125,1,0.9634201526641846,0.012254558503627777,1678,1,1
relational,301237,16384,16384,0.1,227126,18,3,1678,1684,1658,1691,1,0.0001963973045349121,6.723403930664062e-05,96,0.02752131223678589,0.019073486328125,16365,0,0
relational,301237,16384,16384,0.1,227126,17,10,1678,1684,1658,1691,1,0.001842498779296875,0.000446319580078125,99,0.13051986694335938,0.005580902099609375,0,0,0
relational,301237,16384,16384,0.1,227126,20,8,1678,1684,1658,1691,1,0.0002314150333404541,0.0001430511474609375,55,0.0036680251359939575,0.0032415390014648438,16382,0,0
relational,301237,16384,16384,0.1,227126,22,0,1678,1684,1658,1691,1,3.7499703466892242e-06,1.8402934074401855e-06,1443,0.00021161651238799095,3.3408403396606445e-05,16383,0,0
relational,301237,16384,16384,0.1,227126,22,4,1678,1684,1658,1691,1,0.00594329833984375,0.0016326904296875,38,0.03452253341674805,0.0189361572265625,16383,0,0
relational,301237,16384,16384,0.1,227126,21,0,1678,1684,1658,1691,1,0.01702880859375,0.00457763671875,10,0.08514118194580078,0.0018091201782226562,0,0,0
relational,301237,16384,16384,0.1,227126,20,6,1678,1684,1658,1691,1,9.891390800476074e-05,5.841255187988281e-05,85,0.06189529597759247,0.0003514289855957031,0,0,0
relational,301237,16384,16384,0.1,227126,20,9,1678,1684,1658,1691,1,0.00218963623046875,0.0007171630859375,16,0.006690997630357742,0.007126808166503906,16382,0,0
relational,301237,16384,16384,0.1,227126,21,3,1678,1684,1658,1691,1,0.0013980865478515625,0.000453948974609375,73,0.05727648735046387,0.0024356842041015625,0,0,0
relational,301237,16384,16384,0.1,227126,21,1,1678,1684,1658,1691,1,0.00010785460472106934,3.5762786865234375e-05,162,0.0930459201335907,0.0019235610961914062,0,0,0
relational,301237,16384,16384,0.1,227126,21,4,1678,1684,1658,1691,1,0.020595550537109375,0.00726318359375,17,0.10360060632228851,0.01270294189453125,0,0,0
relational,301237,16384,16384,0.1,227126,21,5,1678,1684,1658,1691,1,0.01808929443359375,0.004974365234375,37,0.31510281562805176,0.003833770751953125,0,0,0
relational,301237,16384,16384,0.1,227126,17,3,1678,1684,1658,1691,1,0.00026226043701171875,6.198883056640625e-05,92,0.018732905387878418,0.006366729736328125,16383,0,0
relational,301237,16384,16384,0.1,227126,22,10,1678,1684,1658,1691,1,0.7072906494140625,0.39453125,1,0.8312152624130249,0.011212348937988281,1678,1,1
relational,301237,16384,16384,0.1,227126,23,4,1678,1684,1658,1691,1,0.00969076156616211,0.00726318359375,18,0.15763908624649048,0.026701927185058594,0,0,0
relational,301237,16384,16384,0.1,227126,20,3,1678,1684,1658,1691,1,1.8458813428878784e-05,6.9141387939453125e-06,98,0.0032330192625522614,0.0004369020462036133,16367,0,0
relational,301238,16384,16385,0.1,112467,20,7,1669,1675,1651,1682,1,0.00010639429092407227,3.123283386230469e-05,321,0.005468845367431641,0.0028246641159057617,16384,0,0
relational,301238,16384,16385,0.1,112467,21,11,1669,1675,1651,1682,1,0.273681640625,0.0771484375,2,0.5064611434936523,0.17254638671875,0,0,0
relational,301238,16384,16385,0.1,112467,22,7,1669,1675,1651,1682,1,0.8295502662658691,0.77734375,1,0.9568679332733154,0.030735857784748077,1669,1,1
relational,301238,16384,16385,0.1,112467,18,3,1669,1675,1651,1682,1,0.00023674964904785156,6.67572021484375e-05,96,0.029088616371154785,0.03908729553222656,16366,0,0
relational,301238,16384,16385,0.1,112467,17,10,1669,1675,1651,1682,1,0.0012140274047851562,0.000274658203125,102,0.12425708770751953,0.006031036376953125,0,0,0
relational,301238,16384,16385,0.1,112467,20,8,1669,1675,1651,1682,1,0.00013718008995056152,4.7206878662109375e-05,68,0.0025831684470176697,0.003618955612182617,16383,0,0
relational,301238,16384,16385,0.1,112467,22,0,1669,1675,1651,1682,1,5.46872615814209e-06,4.410743713378906e-06,569,0.0001974320039153099,2.088397741317749e-05,16384,0,0
relational,301238,16384,16385,0.1,112467,22,4,1669,1675,1651,1682,1,0.003589630126953125,0.0007476806640625,41,0.020354628562927246,0.013397216796875,16384,0,0
relational,301238,16384,16385,0.1,112467,21,0,1669,1675,1651,1682,1,0.0096435546875,0.0032196044921875,14,0.0740361213684082,0.0026187896728515625,0,0,0
relational,301238,16384,16385,0.1,112467,20,6,1669,1675,1651,1682,1,3.48016619682312e-05,1.4424324035644531e-05,102,0.07082896679639816,0.00018173456192016602,0,0,0
relational,301238,16384,16385,0.1,112467,20,9,1669,1675,1651,1682,1,0.000904083251953125,0.0002803802490234375,27,0.0030586724169552326,0.0048007965087890625,16383,0,0
relational,301238,16384,16385,0.1,112467,21,3,1669,1675,1651,1682,1,0.000690460205078125,0.0001811981201171875,97,0.04955354332923889,0.0017638206481933594,0,0,0
relational,301238,16384,16385,0.1,112467,21,1,1669,1675,1651,1682,1,0.00013208389282226562,4.3392181396484375e-05,154,0.08872425556182861,0.0014188289642333984,0,0,0
relational,301238,16384,16385,0.1,112467,21,4,1669,1675,1651,1682,1,0.0055084228515625,0.001953125,45,0.06586742401123047,0.01168060302734375,0,0,0
relational,301238,16384,16385,0.1,112467,21,5,1669,1675,1651,1682,1,0.007198333740234375,0.0022735595703125,48,0.2626667022705078,0.0021762847900390625,0,0,0
relational,301238,16384,16385,0.1,112467,17,3,1669,1675,1651,1682,1,0.0003039836883544922,8.869171142578125e-05,88,0.0208817720413208,0.009355545043945312,16384,0,0
relational,301238,16384,16385,0.1,112467,22,10,1669,1675,1651,1682,1,0.83203125,0.380859375,1,0.9177901744842529,0.007817506790161133,1669,1,1
relational,301238,16384,16385,0.1,112467,23,4,1669,1675,1651,1682,1,0.012859344482421875,0.004791259765625,18,0.17476725578308105,0.0309906005859375,0,0,0
relational,301238,16384,16385,0.1,112467,20,3,1669,1675,1651,1682,1,9.890645742416382e-06,3.382563591003418e-06,112,0.004314075224101543,0.0008122920989990234,16364,0,0
relational,301239,16384,16385,0.1,367666,20,7,1683,1689,1665,1696,1,0.00020271539688110352,0.00010204315185546875,98,0.005235135555267334,0.002270817756652832,16384,0,0
relational,301239,16384,16385,0.1,367666,21,11,1683,1689,1665,1696,1,0.2391357421875,0.059326171875,3,0.47854137420654297,0.16278076171875,0,0,0
relational,301239,16384,16385,0.1,367666,22,7,1683,1689,1665,1696,1,0.8634748458862305,0.859375,1,0.9781897068023682,0.006474398076534271,1683,1,1
relational,301239,16384,16385,0.1,367666,18,3,1683,1689,1665,1696,1,0.00025653839111328125,0.00014019012451171875,83,0.031563401222229004,0.020900726318359375,16377,0,0
relational,301239,16384,16385,0.1,367666,17,10,1683,1689,1665,1696,1,0.001976490020751953,0.000560760498046875,92,0.13519620895385742,0.006832122802734375,0,0,0
relational,301239,16384,16385,0.1,367666,20,8,1683,1689,1665,1696,1,0.00020838528871536255,0.00012683868408203125,48,0.0023501254618167877,0.004564762115478516,16383,0,0
relational,301239,16384,16385,0.1,367666,22,0,1683,1689,1665,1696,1,9.20519232749939e-06,2.5033950805664062e-06,946,0.0004810728132724762,2.372637391090393e-05,16384,0,0
relational,301239,16384,16385,0.1,367666,22,4,1683,1689,1665,1696,1,0.004547119140625,0.001190185546875,40,0.031925201416015625,0.01566314697265625,16384,0,0
relational,301239,16384,16385,0.1,367666,21,0,1683,1689,1665,1696,1,0.009670257568359375,0.0020751953125,20,0.07172727584838867,0.0017719268798828125,0,0,0
relational,301239,16384,16385,0.1,367666,20,6,1683,1689,1665,1696,1,9.966269135475159e-05,6.580352783203125e-05,76,0.05480274558067322,0.0004888772964477539,0,0,0
relational,301239,16384,16385,0.1,367666,20,9,1683,1689,1665,1696,1,0.0016963481903076172,0.00058746337890625,19,0.0048532634973526,0.005230903625488281,16383,0,0
relational,301239,16384,16385,0.1,367666,21,3,1683,1689,1665,1696,1,0.0017309188842773438,0.0008697509765625,54,0.04474973678588867,0.0022950172424316406,0,0,0
relational,301239,16384,16385,0.1,367666,21,1,1683,1689,1665,1696,1,8.046627044677734e-05,2.3245811462402344e-05,248,0.1004289984703064,0.0011539459228515625,0,0,0
relational,301239,16384,16385,0.1,367666,21,4,1683,1689,1665,1696,1,0.00909423828125,0.002777099609375,40,0.07429921627044678,0.007274627685546875,0,0,0
relational,301239,16384,16385,0.1,367666,21,5,1683,1689,1665,1696,1,0.01274871826171875,0.0038299560546875,32,0.288297176361084,0.0027251243591308594,0,0,0
relational,301239,16384,16385,0.1,367666,17,3,1683,1689,1665,1696,1,0.0003618001937866211,0.00012969970703125,82,0.015992045402526855,0.0069599151611328125,16384,0,0
relational,301239,16384,16385,0.1,367666,22,10,1683,1689,1665,1696,1,0.823699951171875,0.6171875,1,0.9174879789352417,0.0069522857666015625,1683,1,1
relational,301239,16384,16385,0.1,367666,23,4,1683,1689,1665,1696,1,0.010946273803710938,0.0098876953125,16,0.1870381236076355,0.01323699951171875,0,0,0
relational,301239,16384,16385,0.1,367666,20,3,1683,1689,1665,1696,1,1.10650435090065e-05,5.125999450683594e-06,93,0.0021216068416833878,0.000731050968170166,16368,0,0
relational,301240,16384,16384,0.1,321185,20,7,1686,1692,1666,1699,1,0.00038427114486694336,0.0001678466796875,63,0.0038361847400665283,0.002115309238433838,16383,0,0
relational,301240,16384,16384,0.1,321185,21,11,1686,1692,1666,1699,1,0.3079833984375,0.08837890625,3,0.5336112976074219,0.0710601806640625,0,0,0
relational,301240,16384,16384,0.1,321185,22,7,1686,1692,1666,1699,1,0.7968578338623047,0.7890625,1,0.9637596607208252,0.003900929819792509,1686,1,1
relational,301240,16384,16384,0.1,321185,18,3,1686,1692,1666,1699,1,0.00043320655822753906,0.00022411346435546875,82,0.03112173080444336,0.019573211669921875,0,0,0
relational,301240,16384,16384,0.1,321185,17,10,1686,1692,1666,1699,1,0.00257110595703125,0.000698089599609375,96,0.14923477172851562,0.00592803955078125,0,0,0
relational,301240,16384,16384,0.1,321185,20,8,1686,1692,1666,1699,1,0.0010334253311157227,0.0003986358642578125,42,0.006171286106109619,0.0038728713989257812,16382,0,0
relational,301240,16384,16384,0.1,321185,22,0,1686,1692,1666,1699,1,6.358139216899872e-06,2.2649765014648438e-06,841,0.0005118222907185555,2.2765249013900757e-05,16383,0,0
relational,301240,16384,16384,0.1,321185,22,4,1686,1692,1666,1699,1,0.0041255950927734375,0.0021514892578125,26,0.04089188575744629,0.0053558349609375,16383,0,0
relational,301240,16384,16384,0.1,321185,21,0,1686,1692,1666,1699,1,0.014003753662109375,0.00482177734375,11,0.0906534194946289,0.0022268295288085938,0,0,0
relational,301240,16384,16384,0.1,321185,20,6,1686,1692,1666,1699,1,0.00011689960956573486,4.887580871582031e-05,86,0.05215316265821457,0.00028255581855773926,0,0,0
relational,301240,16384,16384,0.1,321185,20,9,1686,1692,1666,1699,1,0.004408359527587891,0.0015716552734375,10,0.007821577601134777,0.004456996917724609,16382,0,0
relational,301240,16384,16384,0.1,321185,21,3,1686,1692,1666,1699,1,0.0035238265991210938,0.000942230224609375,53,0.06382021307945251,0.0013420581817626953,0,0,0
relational,301240,16384,16384,0.1,321185,21,1,1686,1692,1666,1699,1,0.00023651123046875,0.00012063980102539062,103,0.09362351894378662,0.0012574195861816406,0,0,0
relational,301240,16384,16384,0.1,321185,21,4,1686,1692,1666,1699,1,0.009416580200195312,0.004119873046875,34,0.10922747850418091,0.007180213928222656,0,0,0
relational,301240,16384,16384,0.1,321185,21,5,1686,1692,1666,1699,1,0.01000213623046875,0.0027923583984375,46,0.26700687408447266,0.000978231430053711,0,0,0
relational,301240,16384,16384,0.1,321185,17,3,1686,1692,1666,1699,1,0.0005812644958496094,0.00021076202392578125,76,0.016713857650756836,0.007350921630859375,16383,0,0
relational,301240,16384,16384,0.1,321185,22,10,1686,1692,1666,1699,1,0.80572509765625,0.43359375,1,0.8996444940567017,0.003412902355194092,1686,1,1
relational,301240,16384,16384,0.1,321185,23,4,1686,1692,1666,1699,1,0.02218914031982422,0.016845703125,12,0.24345475435256958,0.02964305877685547,0,0,0
relational,301240,16384,16384,0.1,321185,20,3,1686,1692,1666,1699,1,4.0899962186813354e-05,2.0265579223632812e-05,89,0.007719036191701889,0.0005367696285247803,16367,0,0
relational,301241,16384,16383,0.1,795577,20,7,1669,1675,1649,1682,1,9.685754776000977e-05,3.0159950256347656e-05,293,0.004259288311004639,0.007805585861206055,16382,0,0
relational,301241,16384,16383,0.1,795577,21,11,1669,1675,1649,1682,1,0.27960205078125,0.076171875,4,0.5020360946655273,0.2374267578125,0,0,0
relational,301241,16384,16383,0.1,795577,22,7,1669,1675,1649,1682,1,0.6978340148925781,0.6953125,1,0.8379726409912109,0.1508505642414093,1669,1,1
relational,301241,16384,16383,0.1,795577,18,3,1669,1675,1649,1682,1,0.0003521442413330078,0.0002002716064453125,81,0.030329108238220215,0.02709197998046875,0,0,0
relational,301241,16384,16383,0.1,795577,17,10,1669,1675,1649,1682,1,0.0011277198791503906,0.0002727508544921875,101,0.1352076530456543,0.006427764892578125,0,0,0
relational,301241,16384,16383,0.1,795577,20,8,1669,1675,1649,1682,1,0.00018993020057678223,0.0001220703125,55,0.0024223383516073227,0.0030617713928222656,16381,0,0
relational,301241,16384,16383,0.1,795577,22,0,1669,1675,1649,1682,1,4.507973790168762e-05,2.3365020751953125e-05,86,0.00015007471665740013,2.79843807220459e-05,16382,0,0
relational,301241,16384,16383,0.1,795577,22,4,1669,1675,1649,1682,1,0.00463104248046875,0.00098419189453125,41,0.02591043710708618,0.0134429931640625,16382,0,0
relational,301241,16384,16383,0.1,795577,21,0,1669,1675,1649,1682,1,0.01751708984375,0.0035858154296875,14,0.1092376708984375,0.00485992431640625,0,0,0
relational,301241,16384,16383,0.1,795577,20,6,1669,1675,1649,1682,1,5.24371862411499e-05,3.647804260253906e-05,86,0.06751760840415955,0.00030046701431274414,0,0,0
relational,301241,16384,16383,0.1,795577,20,9,1669,1675,1649,1682,1,0.0018205642700195312,0.000667572021484375,18,0.0038224710151553154,0.00652313232421875,16381,0,0
relational,301241,16384,16383,0.1,795577,21,3,1669,1675,1649,1682,1,0.0009007453918457031,0.0002689361572265625,87,0.04471614956855774,0.003543853759765625,0,0,0
relational,301241,16384,16383,0.1,795577,21,1,1669,1675,1649,1682,1,7.125735282897949e-05,2.5272369384765625e-05,169,0.08945825695991516,0.0027027130126953125,0,0,0
relational,301241,16384,16383,0.1,795577,21,4,1669,1675,1649,1682,1,0.01165008544921875,0.003387451171875,34,0.07792222499847412,0.01131439208984375,0,0,0
relational,301241,16384,16383,0.1,795577,21,5,1669,1675,1649,1682,1,0.01346588134765625,0.003570556640625,46,0.26353931427001953,0.008747577667236328,0,0,0
relational,301241,16384,16383,0.1,795577,17,3,1669,1675,1649,1682,1,0.00035881996154785156,0.00010776519775390625,84,0.019952893257141113,0.009145736694335938,16382,0,0
relational,301241,16384,16383,0.1,795577,22,10,1669,1675,1649,1682,1,0.66802978515625,0.4765625,1,0.80609530210495,0.02465510368347168,1669,1,1
relational,301241,16384,16383,0.1,795577,23,4,1669,1675,1649,1682,1,0.006763458251953125,0.00531005859375,24,0.181280255317688,0.011483192443847656,0,0,0
relational,301241,16384,16383,0.1,795577,20,3,1669,1675,1649,1682,1,8.833245374262333e-06,4.649162292480469e-06,104,0.0028402437455952168,0.0008973479270935059,16362,0,0
distractor_heavy,401234,16384,16384,0.1,210681,20,7,1656,1662,1631,1669,2,0.0007929801940917969,0.0003604888916015625,51,0.005595535039901733,0.00998687744140625,16383,0,0
distractor_heavy,401234,16384,16384,0.1,210681,21,11,1656,1662,1631,1669,2,0.19097900390625,0.050048828125,3,0.49994468688964844,0.2042236328125,0,0,0
distractor_heavy,401234,16384,16384,0.1,210681,22,7,1656,1662,1631,1669,2,0.2878570556640625,0.28125,1,0.7715029716491699,0.1467239260673523,1656,1,1
distractor_heavy,401234,16384,16384,0.1,210681,18,3,1656,1662,1631,1669,2,0.00010822713375091553,4.220008850097656e-05,100,0.020536407828330994,0.03600168228149414,16376,0,0
distractor_heavy,401234,16384,16384,0.1,210681,17,10,1656,1662,1631,1669,2,0.0008883476257324219,0.0003204345703125,95,0.11237096786499023,0.00914764404296875,0,0,0
distractor_heavy,401234,16384,16384,0.1,210681,20,8,1656,1662,1631,1669,2,0.0007551312446594238,0.0003299713134765625,36,0.005082115530967712,0.0014927983283996582,16382,0,0
distractor_heavy,401234,16384,16384,0.1,210681,22,0,1656,1662,1631,1669,2,9.67876985669136e-07,7.487833499908447e-07,2306,0.00026976712979376316,4.851631820201874e-05,16383,0,0
distractor_heavy,401234,16384,16384,0.1,210681,22,4,1656,1662,1631,1669,2,0.0011305809020996094,0.0004329681396484375,46,0.029804885387420654,0.003925800323486328,16383,0,0
distractor_heavy,401234,16384,16384,0.1,210681,21,0,1656,1662,1631,1669,2,0.025665283203125,0.009033203125,6,0.08403980731964111,0.01973724365234375,0,0,0
distractor_heavy,401234,16384,16384,0.1,210681,20,6,1656,1662,1631,1669,2,8.092820644378662e-05,2.753734588623047e-05,90,0.10417841374874115,0.0002607405185699463,0,0,0
distractor_heavy,401234,16384,16384,0.1,210681,20,9,1656,1662,1631,1669,2,0.007159233093261719,0.0030059814453125,7,0.010366003960371017,0.0012624263763427734,16382,0,0
distractor_heavy,401234,16384,16384,0.1,210681,21,3,1656,1662,1631,1669,2,0.00021195411682128906,4.792213439941406e-05,179,0.026749491691589355,0.005576610565185547,0,0,0
distractor_heavy,401234,16384,16384,0.1,210681,21,1,1656,1662,1631,1669,2,0.00012634694576263428,4.76837158203125e-05,150,0.11058925092220306,0.0037729740142822266,0,0,0
distractor_heavy,401234,16384,16384,0.1,210681,21,4,1656,1662,1631,1669,2,0.0004799365997314453,0.00019741058349609375,79,0.027466386556625366,0.0113067626953125,16382,0,0
distractor_heavy,401234,16384,16384,0.1,210681,21,5,1656,1662,1631,1669,2,0.0017547607421875,0.0005340576171875,91,0.1437215805053711,0.015400886535644531,0,0,0
distractor_heavy,401234,16384,16384,0.1,210681,17,3,1656,1662,1631,1669,2,0.0006194114685058594,0.000202178955078125,74,0.0179595947265625,0.0065593719482421875,16383,0,0
distractor_heavy,401234,16384,16384,0.1,210681,22,10,1656,1662,1631,1669,2,0.1365966796875,0.04443359375,7,0.48703718185424805,0.08491992950439453,0,0,0
distractor_heavy,401234,16384,16384,0.1,210681,23,4,1656,1662,1631,1669,2,0.0021246671676635742,0.001495361328125,36,0.1719377040863037,0.019498586654663086,0,0,0
distractor_heavy,401234,16384,16384,0.1,210681,20,3,1656,1662,1631,1669,2,0.00017315149307250977,8.0108642578125e-05,74,0.02553047239780426,0.003211379051208496,16367,0,0
distractor_heavy,401235,16384,16384,0.1,639039,20,7,1677,1683,1653,1690,2,0.0008668899536132812,0.000308990478515625,52,0.005115240812301636,0.012487530708312988,16383,0,0
distractor_heavy,401235,16384,16384,0.1,639039,21,11,1677,1683,1653,1690,2,0.2242431640625,0.05078125,4,0.47136497497558594,0.258270263671875,0,0,0
distractor_heavy,401235,16384,16384,0.1,639039,22,7,1677,1683,1653,1690,2,0.4187154769897461,0.4140625,1,0.7869374752044678,0.2030256986618042,1677,1,1
distractor_heavy,401235,16384,16384,0.1,639039,18,3,1677,1683,1653,1690,2,0.0002391338348388672,7.534027099609375e-05,84,0.015369832515716553,0.037502288818359375,16372,0,0
distractor_heavy,401235,16384,16384,0.1,639039,17,10,1677,1683,1653,1690,2,0.001522064208984375,0.0004711151123046875,88,0.11946487426757812,0.008035659790039062,0,0,0
distractor_heavy,401235,16384,16384,0.1,639039,20,8,1677,1683,1653,1690,2,0.0005060434341430664,0.00014019012451171875,58,0.007462643086910248,0.003507852554321289,16382,0,0
distractor_heavy,401235,16384,16384,0.1,639039,22,0,1677,1683,1653,1690,2,7.541384547948837e-06,5.7220458984375e-06,608,0.0002487336751073599,5.023949779570103e-05,16383,0,0
distractor_heavy,401235,16384,16384,0.1,639039,22,4,1677,1683,1653,1690,2,0.0013093948364257812,0.00048065185546875,46,0.026387691497802734,0.005619525909423828,16383,0,0
distractor_heavy,401235,16384,16384,0.1,639039,21,0,1677,1683,1653,1690,2,0.0409088134765625,0.01708984375,2,0.08997988700866699,0.01956939697265625,0,0,0
distractor_heavy,401235,16384,16384,0.1,639039,20,6,1677,1683,1653,1690,2,8.386373519897461e-05,2.1338462829589844e-05,104,0.12164338678121567,0.0005977749824523926,0,0,0
distractor_heavy,401235,16384,16384,0.1,639039,20,9,1677,1683,1653,1690,2,0.006137847900390625,0.00139617919921875,9,0.00848335213959217,0.003449559211730957,16382,0,0
distractor_heavy,401235,16384,16384,0.1,639039,21,3,1677,1683,1653,1690,2,0.0003185272216796875,7.963180541992188e-05,139,0.04752707481384277,0.00836181640625,0,0,0
distractor_heavy,401235,16384,16384,0.1,639039,21,1,1677,1683,1653,1690,2,9.909272193908691e-05,2.7418136596679688e-05,198,0.13243809342384338,0.004913806915283203,0,0,0
distractor_heavy,401235,16384,16384,0.1,639039,21,4,1677,1683,1653,1690,2,0.0017189979553222656,0.000835418701171875,50,0.025395289063453674,0.012364387512207031,16382,0,0
distractor_heavy,401235,16384,16384,0.1,639039,21,5,1677,1683,1653,1690,2,0.00293731689453125,0.00084686279296875,83,0.14765119552612305,0.01244354248046875,0,0,0
distractor_heavy,401235,16384,16384,0.1,639039,17,3,1677,1683,1653,1690,2,0.00048661231994628906,0.00019550323486328125,74,0.022789597511291504,0.007533669471740723,16383,0,0
distractor_heavy,401235,16384,16384,0.1,639039,22,10,1677,1683,1653,1690,2,0.092620849609375,0.04541015625,6,0.4413421154022217,0.10057830810546875,0,0,0
distractor_heavy,401235,16384,16384,0.1,639039,23,4,1677,1683,1653,1690,2,0.0026355981826782227,0.002166748046875,34,0.1515403389930725,0.02293574810028076,0,0,0
distractor_heavy,401235,16384,16384,0.1,639039,20,3,1677,1683,1653,1690,2,0.00013825297355651855,7.152557373046875e-05,81,0.026670604944229126,0.006915450096130371,16368,0,0
distractor_heavy,401236,16384,16384,0.1,705589,20,7,1666,1672,1642,1679,2,0.0005636215209960938,0.000194549560546875,72,0.005625694990158081,0.01363670825958252,16383,0,0
distractor_heavy,401236,16384,16384,0.1,705589,21,11,1666,1672,1642,1679,2,0.2371826171875,0.05126953125,4,0.4867897033691406,0.2537689208984375,0,0,0
distractor_heavy,401236,16384,16384,0.1,705589,22,7,1666,1672,1642,1679,2,0.49973607063293457,0.498046875,1,0.8352570533752441,0.1363198161125183,1666,1,1
distractor_heavy,401236,16384,16384,0.1,705589,18,3,1666,1672,1642,1679,2,0.0003037452697753906,0.0001811981201171875,72,0.013768434524536133,0.041413307189941406,16376,0,0
distractor_heavy,401236,16384,16384,0.1,705589,17,10,1666,1672,1642,1679,2,0.0006897449493408203,0.000247955322265625,100,0.09876561164855957,0.007628440856933594,0,0,0
distractor_heavy,401236,16384,16384,0.1,705589,20,8,1666,1672,1642,1679,2,0.0002167224884033203,6.103515625e-05,72,0.005589604377746582,0.0036011338233947754,16382,0,0
distractor_heavy,401236,16384,16384,0.1,705589,22,0,1666,1672,1642,1679,2,1.6493722796440125e-06,5.62518835067749e-07,2860,0.0003145656082779169,4.801061004400253e-05,16383,0,0
distractor_heavy,401236,16384,16384,0.1,705589,22,4,1666,1672,1642,1679,2,0.0007565021514892578,0.00022125244140625,57,0.027464598417282104,0.0065155029296875,16383,0,0
distractor_heavy,401236,16384,16384,0.1,705589,21,0,1666,1672,1642,1679,2,0.0419769287109375,0.02490234375,2,0.10035479068756104,0.0218505859375,0,0,0
distractor_heavy,401236,16384,16384,0.1,705589,20,6,1666,1672,1642,1679,2,4.6700239181518555e-05,1.1146068572998047e-05,124,0.08841082453727722,0.0005595684051513672,0,0,0
distractor_heavy,401236,16384,16384,0.1,705589,20,9,1666,1672,1642,1679,2,0.006786346435546875,0.003021240234375,8,0.010006889700889587,0.004407167434692383,16382,0,0
distractor_heavy,401236,16384,16384,0.1,705589,21,3,1666,1672,1642,1679,2,0.0003199577331542969,0.00015354156494140625,98,0.03724241256713867,0.00968170166015625,0,0,0
distractor_heavy,401236,16384,16384,0.1,705589,21,1,1666,1672,1642,1679,2,0.00011405348777770996,3.7670135498046875e-05,173,0.10809716582298279,0.004619598388671875,0,0,0
distractor_heavy,401236,16384,16384,0.1,705589,21,4,1666,1672,1642,1679,2,0.0021200180053710938,0.0016021728515625,36,0.030343353748321533,0.01748943328857422,16382,0,0
distractor_heavy,401236,16384,16384,0.1,705589,21,5,1666,1672,1642,1679,2,0.004883766174316406,0.0021514892578125,53,0.1546926498413086,0.015941619873046875,0,0,0
distractor_heavy,401236,16384,16384,0.1,705589,17,3,1666,1672,1642,1679,2,0.0002599954605102539,0.00010538101196289062,85,0.018589377403259277,0.007400989532470703,16383,0,0
distractor_heavy,401236,16384,16384,0.1,705589,22,10,1666,1672,1642,1679,2,0.0966644287109375,0.045166015625,7,0.49572253227233887,0.13563156127929688,0,0,0
distractor_heavy,401236,16384,16384,0.1,705589,23,4,1666,1672,1642,1679,2,0.001863032579421997,0.0014801025390625,38,0.1724342405796051,0.010350704193115234,0,0,0
distractor_heavy,401236,16384,16384,0.1,705589,20,3,1666,1672,1642,1679,2,7.62939453125e-05,4.482269287109375e-05,90,0.019666321575641632,0.0053986310958862305,16368,0,0
distractor_heavy,401237,16384,16384,0.1,577255,20,7,1656,1662,1632,1669,2,0.0009527206420898438,0.00038909912109375,49,0.005630046129226685,0.014012545347213745,16383,0,0
distractor_heavy,401237,16384,16384,0.1,577255,21,11,1656,1662,1632,1669,2,0.2596435546875,0.0634765625,2,0.47837257385253906,0.266815185546875,0,0,0
distractor_heavy,401237,16384,16384,0.1,577255,22,7,1656,1662,1632,1669,2,0.6221103668212891,0.6171875,1,0.9023182392120361,0.1611475944519043,1656,1,1
distractor_heavy,401237,16384,16384,0.1,577255,18,3,1656,1662,1632,1669,2,0.00016120076179504395,7.772445678710938e-05,90,0.016564667224884033,0.04133939743041992,16372,0,0
distractor_heavy,401237,16384,16384,0.1,577255,17,10,1656,1662,1632,1669,2,0.0012073516845703125,0.00038909912109375,90,0.10873699188232422,0.007838249206542969,0,0,0
distractor_heavy,401237,16384,16384,0.1,577255,20,8,1656,1662,1632,1669,2,0.0008394718170166016,0.000335693359375,37,0.005657091736793518,0.0034325718879699707,16382,0,0
distractor_heavy,401237,16384,16384,0.1,577255,22,0,1656,1662,1632,1669,2,2.3671891540288925e-06,1.8253922462463379e-06,1689,0.0002396011259406805,0.00010603666305541992,16383,0,0
distractor_heavy,401237,16384,16384,0.1,577255,22,4,1656,1662,1632,1669,2,0.0017895698547363281,0.000885009765625,37,0.027857840061187744,0.010438919067382812,16383,0,0
distractor_heavy,401237,16384,16384,0.1,577255,21,0,1656,1662,1632,1669,2,0.028594970703125,0.01123046875,3,0.07145184278488159,0.0169219970703125,0,0,0
distractor_heavy,401237,16384,16384,0.1,577255,20,6,1656,1662,1632,1669,2,0.00011843442916870117,3.552436828613281e-05,104,0.07820470631122589,0.0007947683334350586,16382,0,0
distractor_heavy,401237,16384,16384,0.1,577255,20,9,1656,1662,1632,1669,2,0.013759613037109375,0.004669189453125,5,0.016467608511447906,0.0037151575088500977,16382,0,0
distractor_heavy,401237,16384,16384,0.1,577255,21,3,1656,1662,1632,1669,2,0.0002613067626953125,7.772445678710938e-05,160,0.02389061450958252,0.007240772247314453,0,0,0
distractor_heavy,401237,16384,16384,0.1,577255,21,1,1656,1662,1632,1669,2,0.00017756223678588867,5.698204040527344e-05,175,0.09264630079269409,0.0058383941650390625,0,0,0
distractor_heavy,401237,16384,16384,0.1,577255,21,4,1656,1662,1632,1669,2,0.0012593269348144531,0.000591278076171875,54,0.027535513043403625,0.016251564025878906,16382,0,0
distractor_heavy,401237,16384,16384,0.1,577255,21,5,1656,1662,1632,1669,2,0.0056514739990234375,0.00225830078125,56,0.13383865356445312,0.018898963928222656,0,0,0
distractor_heavy,401237,16384,16384,0.1,577255,17,3,1656,1662,1632,1669,2,0.0008442401885986328,0.0002574920654296875,72,0.018560051918029785,0.007352709770202637,16383,0,0
distractor_heavy,401237,16384,16384,0.1,577255,22,10,1656,1662,1632,1669,2,0.1016845703125,0.0634765625,4,0.43182992935180664,0.1344461441040039,1669,0,0
distractor_heavy,401237,16384,16384,0.1,577255,23,4,1656,1662,1632,1669,2,0.0011722743511199951,0.00106048583984375,44,0.155429869890213,0.01929992437362671,0,0,0
distractor_heavy,401237,16384,16384,0.1,577255,20,3,1656,1662,1632,1669,2,0.00022910535335540771,0.00016689300537109375,65,0.028907805681228638,0.0060274600982666016,16368,0,0
distractor_heavy,401238,16384,16384,0.1,984712,20,7,1664,1670,1640,1677,2,0.0007162094116210938,0.00023746490478515625,71,0.0057763755321502686,0.01274031400680542,16383,0,0
distractor_heavy,401238,16384,16384,0.1,984712,21,11,1664,1670,1640,1677,2,0.1702880859375,0.037353515625,6,0.3982539176940918,0.282684326171875,0,0,0
distractor_heavy,401238,16384,16384,0.1,984712,22,7,1664,1670,1640,1677,2,0.2465982437133789,0.244140625,1,0.637143611907959,0.2880746126174927,1664,1,1
distractor_heavy,401238,16384,16384,0.1,984712,18,3,1664,1670,1640,1677,2,0.00018292665481567383,8.487701416015625e-05,84,0.014046311378479004,0.0471806526184082,16376,0,0
distractor_heavy,401238,16384,16384,0.1,984712,17,10,1664,1670,1640,1677,2,0.0008075237274169922,0.0003662109375,93,0.1159818172454834,0.008193016052246094,0,0,0
distractor_heavy,401238,16384,16384,0.1,984712,20,8,1664,1670,1640,1677,2,0.000269472599029541,8.821487426757812e-05,71,0.005041524767875671,0.0025330781936645508,16382,0,0
distractor_heavy,401238,16384,16384,0.1,984712,22,0,1664,1670,1640,1677,2,1.2316741049289703e-06,5.885958671569824e-07,2832,0.0009023398160934448,5.145138129591942e-05,16383,0,0
distractor_heavy,401238,16384,16384,0.1,984712,22,4,1664,1670,1640,1677,2,0.0004088878631591797,0.00013256072998046875,83,0.03033795952796936,0.005572795867919922,16383,0,0
distractor_heavy,401238,16384,16384,0.1,984712,21,0,1664,1670,1640,1677,2,0.0297088623046875,0.0081787109375,7,0.08153802156448364,0.021636962890625,0,0,0
distractor_heavy,401238,16384,16384,0.1,984712,20,6,1664,1670,1640,1677,2,7.829070091247559e-05,2.205371856689453e-05,118,0.07201801240444183,0.0006557106971740723,0,0,0
distractor_heavy,401238,16384,16384,0.1,984712,20,9,1664,1670,1640,1677,2,0.007617950439453125,0.0027313232421875,7,0.010962299071252346,0.0032215118408203125,16382,0,0
distractor_heavy,401238,16384,16384,0.1,984712,21,3,1664,1670,1640,1677,2,0.00028759241104125977,0.00010347366333007812,126,0.03539913892745972,0.009427547454833984,0,0,0
distractor_heavy,401238,16384,16384,0.1,984712,21,1,1664,1670,1640,1677,2,0.00022137165069580078,7.772445678710938e-05,153,0.09368431568145752,0.005591392517089844,0,0,0
distractor_heavy,401238,16384,16384,0.1,984712,21,4,1664,1670,1640,1677,2,0.0007638931274414062,0.00025177001953125,79,0.026690706610679626,0.017310142517089844,16382,0,0
distractor_heavy,401238,16384,16384,0.1,984712,21,5,1664,1670,1640,1677,2,0.0024394989013671875,0.00051116943359375,98,0.12578868865966797,0.016265869140625,0,0,0
distractor_heavy,401238,16384,16384,0.1,984712,17,3,1664,1670,1640,1677,2,0.0003591775894165039,0.00018596649169921875,76,0.020229458808898926,0.007596254348754883,16383,0,0
distractor_heavy,401238,16384,16384,0.1,984712,22,10,1664,1670,1640,1677,2,0.0665435791015625,0.02587890625,12,0.400628924369812,0.12273788452148438,0,0,0
distractor_heavy,401238,16384,16384,0.1,984712,23,4,1664,1670,1640,1677,2,0.0020575225353240967,0.00176239013671875,38,0.1754550337791443,0.01814904808998108,0,0,0
distractor_heavy,401238,16384,16384,0.1,984712,20,3,1664,1670,1640,1677,2,7.43567943572998e-05,3.910064697265625e-05,93,0.03280322253704071,0.006384849548339844,16368,0,0
distractor_heavy,401239,16384,16384,0.1,836886,20,7,1704,1710,1680,1717,2,0.0013360977172851562,0.000637054443359375,44,0.008395940065383911,0.01246708631515503,16383,0,0
distractor_heavy,401239,16384,16384,0.1,836886,21,11,1704,1710,1680,1717,2,0.276123046875,0.0634765625,2,0.5076303482055664,0.2196044921875,0,0,0
distractor_heavy,401239,16384,16384,0.1,836886,22,7,1704,1710,1680,1717,2,0.5240964889526367,0.51953125,1,0.8667252063751221,0.14066624641418457,1704,1,1
distractor_heavy,401239,16384,16384,0.1,836886,18,3,1704,1710,1680,1717,2,0.00048360228538513184,0.0003376007080078125,63,0.024119704961776733,0.031511783599853516,16372,0,0
distractor_heavy,401239,16384,16384,0.1,836886,17,10,1704,1710,1680,1717,2,0.0010480880737304688,0.000316619873046875,100,0.125701904296875,0.0086822509765625,0,0,0
distractor_heavy,401239,16384,16384,0.1,836886,20,8,1704,1710,1680,1717,2,0.0005831420421600342,0.00020122528076171875,49,0.006005100905895233,0.003625154495239258,16382,0,0
distractor_heavy,401239,16384,16384,0.1,836886,22,0,1704,1710,1680,1717,2,3.2605603337287903e-06,2.6226043701171875e-06,1197,0.00038048718124628067,8.583255112171173e-05,16383,0,0
distractor_heavy,401239,16384,16384,0.1,836886,22,4,1704,1710,1680,1717,2,0.0009055137634277344,0.00023365020751953125,62,0.042516231536865234,0.007118701934814453,16383,0,0
distractor_heavy,401239,16384,16384,0.1,836886,21,0,1704,1710,1680,1717,2,0.0636138916015625,0.032470703125,2,0.12615787982940674,0.025577545166015625,0,0,0
distractor_heavy,401239,16384,16384,0.1,836886,20,6,1704,1710,1680,1717,2,0.0001475512981414795,3.62396240234375e-05,104,0.11401768028736115,0.000811457633972168,0,0,0
distractor_heavy,401239,16384,16384,0.1,836886,20,9,1704,1710,1680,1717,2,0.011447906494140625,0.0042724609375,5,0.01408880203962326,0.0029152631759643555,16382,0,0
distractor_heavy,401239,16384,16384,0.1,836886,21,3,1704,1710,1680,1717,2,0.00032520294189453125,0.00012493133544921875,115,0.038315653800964355,0.012394905090332031,0,0,0
distractor_heavy,401239,16384,16384,0.1,836886,21,1,1704,1710,1680,1717,2,0.00018131732940673828,7.963180541992188e-05,137,0.11297762393951416,0.005849599838256836,0,0,0
distractor_heavy,401239,16384,16384,0.1,836886,21,4,1704,1710,1680,1717,2,0.004353523254394531,0.003326416015625,23,0.0428541824221611,0.01882171630859375,16382,0,0
distractor_heavy,401239,16384,16384,0.1,836886,21,5,1704,1710,1680,1717,2,0.01065826416015625,0.004974365234375,34,0.18660640716552734,0.025478363037109375,0,0,0
distractor_heavy,401239,16384,16384,0.1,836886,17,3,1704,1710,1680,1717,2,0.00036406517028808594,0.00012111663818359375,82,0.02065753936767578,0.006720900535583496,16383,0,0
distractor_heavy,401239,16384,16384,0.1,836886,22,10,1704,1710,1680,1717,2,0.140411376953125,0.052001953125,6,0.49402713775634766,0.11592292785644531,0,0,0
distractor_heavy,401239,16384,16384,0.1,836886,23,4,1704,1710,1680,1717,2,0.0025947093963623047,0.0020751953125,32,0.19097411632537842,0.01162266731262207,0,0,0
distractor_heavy,401239,16384,16384,0.1,836886,20,3,1704,1710,1680,1717,2,0.00035915523767471313,0.0002593994140625,54,0.026115991175174713,0.005227804183959961,16368,0,0
distractor_heavy,401240,16384,16384,0.1,453754,20,7,1672,1678,1648,1685,2,0.0005383491516113281,0.000186920166015625,78,0.007355690002441406,0.013071179389953613,16383,0,0
distractor_heavy,401240,16384,16384,0.1,453754,21,11,1672,1678,1648,1685,2,0.23681640625,0.049072265625,4,0.4834175109863281,0.2049560546875,0,0,0
distractor_heavy,401240,16384,16384,0.1,453754,22,7,1672,1678,1648,1685,2,0.39239978790283203,0.388671875,1,0.7899460792541504,0.1522100865840912,1672,1,1
distractor_heavy,401240,16384,16384,0.1,453754,18,3,1672,1678,1648,1685,2,0.00021570920944213867,7.724761962890625e-05,85,0.014739155769348145,0.03450632095336914,16376,0,0
distractor_heavy,401240,16384,16384,0.1,453754,17,10,1672,1678,1648,1685,2,0.0011925697326660156,0.000431060791015625,92,0.1238245964050293,0.00792694091796875,0,0,0
distractor_heavy,401240,16384,16384,0.1,453754,20,8,1672,1678,1648,1685,2,0.0007510185241699219,0.00024318695068359375,39,0.00736333429813385,0.002527475357055664,16382,0,0
distractor_heavy,401240,16384,16384,0.1,453754,22,0,1672,1678,1648,1685,2,3.026425838470459e-05,1.239776611328125e-05,326,0.0002558920532464981,5.75212761759758e-05,16383,0,0
distractor_heavy,401240,16384,16384,0.1,453754,22,4,1672,1678,1648,1685,2,0.0010833740234375,0.0003948211669921875,47,0.039496779441833496,0.005379438400268555,16383,0,0
distractor_heavy,401240,16384,16384,0.1,453754,21,0,1672,1678,1648,1685,2,0.03214263916015625,0.01190185546875,3,0.08704793453216553,0.01873016357421875,0,0,0
distractor_heavy,401240,16384,16384,0.1,453754,20,6,1672,1678,1648,1685,2,0.00013184547424316406,2.9206275939941406e-05,111,0.1279887557029724,0.0006790757179260254,0,0,0
distractor_heavy,401240,16384,16384,0.1,453754,20,9,1672,1678,1648,1685,2,0.0263519287109375,0.00799560546875,4,0.03115863725543022,0.002722442150115967,16382,0,0
distractor_heavy,401240,16384,16384,0.1,453754,21,3,1672,1678,1648,1685,2,0.0005979537963867188,0.0001659393310546875,99,0.04598188400268555,0.010052680969238281,0,0,0
distractor_heavy,401240,16384,16384,0.1,453754,21,1,1672,1678,1648,1685,2,0.0001004934310913086,3.075599670410156e-05,253,0.1260164976119995,0.005854129791259766,0,0,0
distractor_heavy,401240,16384,16384,0.1,453754,21,4,1672,1678,1648,1685,2,0.0014958381652832031,0.0007171630859375,59,0.03715473413467407,0.017599105834960938,16382,0,0
distractor_heavy,401240,16384,16384,0.1,453754,21,5,1672,1678,1648,1685,2,0.0030527114868164062,0.000820159912109375,92,0.1497936248779297,0.017854690551757812,0,0,0
distractor_heavy,401240,16384,16384,0.1,453754,17,3,1672,1678,1648,1685,2,0.0005793571472167969,0.00018596649169921875,76,0.021937131881713867,0.006045818328857422,16383,0,0
distractor_heavy,401240,16384,16384,0.1,453754,22,10,1672,1678,1648,1685,2,0.111724853515625,0.06298828125,5,0.49834680557250977,0.10484647750854492,0,0,0
distractor_heavy,401240,16384,16384,0.1,453754,23,4,1672,1678,1648,1685,2,0.0017520785331726074,0.00167083740234375,38,0.16079485416412354,0.01772129535675049,0,0,0
distractor_heavy,401240,16384,16384,0.1,453754,20,3,1672,1678,1648,1685,2,0.00021617114543914795,0.00011014938354492188,74,0.02783861756324768,0.005380153656005859,16368,0,0
distractor_heavy,401241,16384,16384,0.1,395505,20,7,1654,1660,1630,1667,2,0.0011138916015625,0.0002956390380859375,59,0.006651937961578369,0.013397753238677979,16383,0,0
distractor_heavy,401241,16384,16384,0.1,395505,21,11,1654,1660,1630,1667,2,0.336181640625,0.1259765625,1,0.5501861572265625,0.14227294921875,1655,1,1
distractor_heavy,401241,16384,16384,0.1,395505,22,7,1654,1660,1630,1667,2,0.4066753387451172,0.396484375,1,0.8739380836486816,0.08572852611541748,1654,1,1
distractor_heavy,401241,16384,16384,0.1,395505,18,3,1654,1660,1630,1667,2,0.0001653134822845459,9.584426879882812e-05,86,0.015493601560592651,0.04112672805786133,16372,0,0
distractor_heavy,401241,16384,16384,0.1,395505,17,10,1654,1660,1630,1667,2,0.0007967948913574219,0.00023651123046875,104,0.11066484451293945,0.009418487548828125,0,0,0
distractor_heavy,401241,16384,16384,0.1,395505,20,8,1654,1660,1630,1667,2,0.000638127326965332,0.00021648406982421875,40,0.004910677671432495,0.0026955008506774902,16382,0,0
distractor_heavy,401241,16384,16384,0.1,395505,22,0,1654,1660,1630,1667,2,8.37171683087945e-06,5.0961971282958984e-06,729,0.000342702551279217,0.00010424293577671051,16383,0,0
distractor_heavy,401241,16384,16384,0.1,395505,22,4,1654,1660,1630,1667,2,0.0011615753173828125,0.0004024505615234375,49,0.02323049306869507,0.010775089263916016,16383,0,0
distractor_heavy,401241,16384,16384,0.1,395505,21,0,1654,1660,1630,1667,2,0.016326904296875,0.00653076171875,4,0.05201995372772217,0.016210556030273438,0,0,0
distractor_heavy,401241,16384,16384,0.1,395505,20,6,1654,1660,1630,1667,2,0.00015026330947875977,5.459785461425781e-05,88,0.07955025136470795,0.0006747543811798096,16382,0,0
distractor_heavy,401241,16384,16384,0.1,395505,20,9,1654,1660,1630,1667,2,0.0280303955078125,0.0103759765625,4,0.03173370659351349,0.003215417265892029,16382,0,0
distractor_heavy,401241,16384,16384,0.1,395505,21,3,1654,1660,1630,1667,2,0.0003459453582763672,8.96453857421875e-05,142,0.02395796775817871,0.008685588836669922,0,0,0
distractor_heavy,401241,16384,16384,0.1,395505,21,1,1654,1660,1630,1667,2,0.00015544891357421875,5.6743621826171875e-05,167,0.09212064743041992,0.007161140441894531,0,0,0
distractor_heavy,401241,16384,16384,0.1,395505,21,4,1654,1660,1630,1667,2,0.001462101936340332,0.0010223388671875,54,0.03374272584915161,0.014284133911132812,16382,0,0
distractor_heavy,401241,16384,16384,0.1,395505,21,5,1654,1660,1630,1667,2,0.004317283630371094,0.002288818359375,54,0.15129518508911133,0.018812179565429688,0,0,0
distractor_heavy,401241,16384,16384,0.1,395505,17,3,1654,1660,1630,1667,2,0.0006263256072998047,0.0001964569091796875,74,0.018553972244262695,0.0074710845947265625,16383,0,0
distractor_heavy,401241,16384,16384,0.1,395505,22,10,1654,1660,1630,1667,2,0.10599517822265625,0.031494140625,8,0.4862769842147827,0.09226369857788086,0,0,0
distractor_heavy,401241,16384,16384,0.1,395505,23,4,1654,1660,1630,1667,2,0.0012454688549041748,0.00083160400390625,43,0.14720699191093445,0.021342158317565918,0,0,0
distractor_heavy,401241,16384,16384,0.1,395505,20,3,1654,1660,1630,1667,2,0.0004260241985321045,0.0001983642578125,61,0.020627900958061218,0.006440639495849609,16368,0,0
