variant,seed,target_tokens,actual_tokens,needle_frac,gold,layer,head,baseline_logprob,ablated_logprob,delta_logprob
literal,1234,8192,8191,0.1,915965,21,11,-2.0839297771453857,-2.2091742356618247,-0.12524445851643895
literal,1234,8192,8191,0.1,915965,22,7,-2.0839297771453857,-2.146477699279785,-0.06254792213439941
literal,1234,8192,8191,0.1,915965,18,3,-2.0839297771453857,-2.1985607941945395,-0.1146310170491538
literal,1234,8192,8191,0.1,915965,20,9,-2.0839297771453857,-2.1360127131144204,-0.05208293596903468
literal,1234,8192,8191,0.1,915965,17,3,-2.0839297771453857,-2.0421458085378013,0.04178396860758449
literal,1234,8192,8191,0.1,915965,22,10,-2.0839297771453857,-2.115183115005493,-0.03125333786010742
literal,1234,8192,8191,0.1,915965,23,4,-2.0839297771453857,-2.146418889363607,-0.06248911221822118
literal,1234,8192,8191,0.1,915965,20,3,-2.0839297771453857,-2.115187406539917,-0.03125762939453125
literal,1234,8192,8191,0.1,915965,0,3,-2.0839297771453857,-2.1151225566864014,-0.031192779541015625
literal,1234,8192,8191,0.1,915965,0,6,-2.0839297771453857,-2.104540745417277,-0.020610968271891128
literal,1234,8192,8191,0.1,915965,0,4,-2.0839297771453857,-2.1151623725891113,-0.031232595443725586
literal,1234,8192,8191,0.1,915965,0,7,-2.0839297771453857,-2.0839452743530273,-1.5497207641601562e-05
literal,1234,8192,8191,0.1,915965,0,8,-2.0839297771453857,-2.094247023264567,-0.010317246119181167
literal,1234,8192,8191,0.1,915965,21,9,-2.0839297771453857,-2.0110495885213218,0.07288018862406398
literal,1234,8192,8191,0.1,915965,20,2,-2.0839297771453857,-2.0630711714426675,0.020858605702718247
literal,1234,8192,8191,0.1,915965,19,1,-2.0839297771453857,-2.063074509302775,0.020855267842610825
literal,1234,8192,8191,0.1,915965,20,5,-2.0839297771453857,-2.0943159262339273,-0.010386149088541519
literal,1234,8192,8191,0.1,915965,0,11,-2.0839297771453857,-2.0631585915883384,0.020771185557047378
literal,1234,8192,8191,0.1,915965,0,2,-2.0839297771453857,-2.073490301767985,0.010439475377400864
literal,1234,8192,8191,0.1,915965,0,10,-2.0839297771453857,-2.042062203089396,0.04186757405598973
literal,1234,8192,8191,0.1,915965,0,0,-2.0839297771453857,-2.052742878595988,0.031186898549397934
literal,1234,8192,8191,0.1,915965,0,1,-2.0839297771453857,-2.0734800497690835,0.010449727376302231
literal,1234,8192,8191,0.1,915965,20,11,-2.0839297771453857,-2.0214229424794516,0.0625068346659341
literal,1234,8192,8191,0.1,915965,0,5,-2.0839297771453857,-2.0734787782033286,0.010450998942057144
literal,1234,8192,8191,0.1,915965,18,1,-2.0839297771453857,-2.0526912212371826,0.031238555908203125
literal,1234,8192,8191,0.1,915965,23,8,-2.0839297771453857,-2.063102642695109,0.02082713445027684
literal,1234,8192,8191,0.1,915965,20,10,-2.0839297771453857,-2.063120126724243,0.020809650421142578
literal,1234,8192,8191,0.1,915965,17,6,-2.0839297771453857,-2.083958069483439,-2.8292338053237387e-05
literal,1234,8192,8191,0.1,915965,20,0,-2.0839297771453857,-2.0631203651428223,0.020809412002563477
literal,1234,8192,8191,0.1,915965,21,4,-2.0839297771453857,-2.1464189688364663,-0.06248919169108058
literal,1234,8192,8191,0.1,915965,18,7,-2.0839297771453857,-2.094309091567993,-0.010379314422607422
literal,1234,8192,8191,0.1,915965,21,8,-2.0839297771453857,-2.11523175239563,-0.03130197525024414
literal,1234,8192,8191,0.1,915965,20,1,-2.0839297771453857,-2.0526445706685386,0.03128520647684718
literal,1234,8192,8191,0.1,915965,21,10,-2.0839297771453857,-2.1151774724324546,-0.031247695287068833
literal,1234,8192,8191,0.1,915965,22,6,-2.0839297771453857,-2.0631117026011148,0.02081807454427098
literal,1234,8192,8191,0.1,915965,17,8,-2.0839297771453857,-2.0630811055501304,0.020848671595255386
literal,1234,8192,8191,0.1,915965,20,7,-2.0839297771453857,-2.3756941159566245,-0.29176433881123875
literal,1234,8192,8191,0.1,915965,21,5,-2.0839297771453857,-2.125600973765055,-0.04167119661966945
literal,1234,8192,8191,0.1,915965,21,6,-2.0839297771453857,-2.0734757582346597,0.01045401891072606
literal,1234,8192,8191,0.1,915965,22,11,-2.0839297771453857,-2.063108046849569,0.02082173029581691
literal,1234,8192,8191,0.1,915965,17,2,-2.0839297771453857,-2.052880128224691,0.03104964892069484
literal,1234,8192,8191,0.1,915965,20,4,-2.0839297771453857,-2.1152151425679526,-0.03128536542256688
literal,1234,8192,8191,0.1,915965,21,2,-2.0839297771453857,-2.052673021952311,0.03125675519307469
literal,1234,8192,8191,0.1,915965,22,9,-2.0839297771453857,-2.083912213643392,1.7563501993667074e-05
literal,1234,8192,8191,0.1,915965,17,7,-2.0839297771453857,-2.031884511311849,0.052045265833536636
literal,1234,8192,8191,0.1,915965,21,7,-2.0839297771453857,-2.05267063776652,0.03125913937886571
literal,1234,8192,8191,0.1,915965,20,8,-2.0839297771453857,-2.1880406538645425,-0.10411087671915675
literal,1234,8192,8191,0.1,915965,22,8,-2.0839297771453857,-2.0839529832204184,-2.3206075032700113e-05
literal,1234,8192,8191,0.1,915965,17,10,-2.0839297771453857,-2.19850492477417,-0.11457514762878418
literal,1234,8192,8191,0.1,915965,21,3,-2.0839297771453857,-2.136038303375244,-0.0521085262298584
literal,1234,8192,8191,0.1,915965,22,2,-2.0839297771453857,-2.073521614074707,0.010408163070678711
literal,1234,8192,8191,0.1,915965,20,6,-2.0839297771453857,-2.115182558695475,-0.03125278155008937
literal,1234,8192,8191,0.1,915965,21,1,-2.0839297771453857,-2.136009613672892,-0.05207983652750636
literal,1234,8192,8191,0.1,915965,22,0,-2.0839297771453857,-2.1776950359344482,-0.0937652587890625
literal,1234,8192,8191,0.1,915965,22,5,-2.0839297771453857,-1.9276727040608723,0.15625707308451342
literal,1234,8192,8191,0.1,915965,21,0,-2.0839297771453857,-2.146423657735189,-0.06249388058980321
literal,1234,8192,8191,0.1,915965,17,9,-2.0839297771453857,-2.115187168121338,-0.03125739097595215
literal,1234,8192,8191,0.1,915965,22,3,-2.0839297771453857,-2.052676200866699,0.03125357627868652
literal,1234,8192,8191,0.1,915965,17,11,-2.0839297771453857,-2.0527102947235107,0.031219482421875
literal,1234,8192,8191,0.1,915965,22,4,-2.0839297771453857,-2.136026461919149,-0.05209668477376317
literal,1234,8192,8191,0.1,915965,22,1,-2.0839297771453857,-2.0735036532084146,0.010426123936971177
literal,1235,8192,8193,0.1,822782,21,11,-1.9383243719736736,-2.125936587651571,-0.1876122156778972
literal,1235,8192,8193,0.1,822782,22,7,-1.9383243719736736,-2.2091981569925943,-0.2708737850189207
literal,1235,8192,8193,0.1,822782,18,3,-1.9383243719736736,-2.021715005238851,-0.08339063326517748
literal,1235,8192,8193,0.1,822782,20,9,-1.9383243719736736,-2.0633224646250405,-0.12499809265136697
literal,1235,8192,8193,0.1,822782,17,3,-1.9383243719736736,-1.9590336084365845,-0.020709236462910896
literal,1235,8192,8193,0.1,822782,22,10,-1.9383243719736736,-2.000847657521566,-0.06252328554789233
literal,1235,8192,8193,0.1,822782,23,4,-1.9383243719736736,-1.9591375192006428,-0.020813147226969253
literal,1235,8192,8193,0.1,822782,20,3,-1.9383243719736736,-1.969573736190796,-0.031249364217122322
literal,1235,8192,8193,0.1,822782,0,3,-1.9383243719736736,-2.0322295824686685,-0.0939052104949949
literal,1235,8192,8193,0.1,822782,0,6,-1.9383243719736736,-2.083958109219869,-0.14563373724619555
literal,1235,8192,8193,0.1,822782,0,4,-1.9383243719736736,-2.011320193608602,-0.07299582163492846
literal,1235,8192,8193,0.1,822782,0,7,-1.9383243719736736,-1.969582239786784,-0.03125786781311035
literal,1235,8192,8193,0.1,822782,0,8,-1.9383243719736736,-1.969477613766988,-0.031153241793314468
literal,1235,8192,8193,0.1,822782,21,9,-1.9383243719736736,-1.8654075463612874,0.07291682561238622
literal,1235,8192,8193,0.1,822782,20,2,-1.9383243719736736,-1.9383596579233806,-3.528594970703125e-05
literal,1235,8192,8193,0.1,822782,19,1,-1.9383243719736736,-1.9382784366607666,4.5935312906975057e-05
literal,1235,8192,8193,0.1,822782,20,5,-1.9383243719736736,-1.9279121557871501,0.010412216186523438
literal,1235,8192,8193,0.1,822782,0,11,-1.9383243719736736,-1.9383938312530518,-6.94592793781812e-05
literal,1235,8192,8193,0.1,822782,0,2,-1.9383243719736736,-1.9696186383565266,-0.03129426638285304
literal,1235,8192,8193,0.1,822782,0,10,-1.9383243719736736,-1.9903210798899333,-0.051996707916259766
literal,1235,8192,8193,0.1,822782,0,0,-1.9383243719736736,-1.9176896413167317,0.02063473065694188
literal,1235,8192,8193,0.1,822782,0,1,-1.9383243719736736,-1.9800963401794434,-0.04177196820576978
literal,1235,8192,8193,0.1,822782,20,11,-1.9383243719736736,-1.9070768356323242,0.031247536341349358
literal,1235,8192,8193,0.1,822782,0,5,-1.9383243719736736,-1.9695769151051838,-0.03125254313151027
literal,1235,8192,8193,0.1,822782,18,1,-1.9383243719736736,-1.8862749735514324,0.05204939842224121
literal,1235,8192,8193,0.1,822782,23,8,-1.9383243719736736,-1.9590977032979329,-0.020773331324259292
literal,1235,8192,8193,0.1,822782,20,10,-1.9383243719736736,-1.9175439675649006,0.020780404408772934
literal,1235,8192,8193,0.1,822782,17,6,-1.9383243719736736,-2.011263449986776,-0.07293907801310229
literal,1235,8192,8193,0.1,822782,20,0,-1.9383243719736736,-1.9487239519755046,-0.010399580001831055
literal,1235,8192,8193,0.1,822782,21,4,-1.9383243719736736,-2.021690527598063,-0.08336615562438943
literal,1235,8192,8193,0.1,822782,18,7,-1.9383243719736736,-1.9487040042877197,-0.01037963231404615
literal,1235,8192,8193,0.1,822782,21,8,-1.9383243719736736,-1.959189732869466,-0.020865360895792495
literal,1235,8192,8193,0.1,822782,20,1,-1.9383243719736736,-1.9278918902079265,0.01043248176574707
literal,1235,8192,8193,0.1,822782,21,10,-1.9383243719736736,-2.0008633931477866,-0.06253902117411303
literal,1235,8192,8193,0.1,822782,22,6,-1.9383243719736736,-1.9487529595692952,-0.010428587595621597
literal,1235,8192,8193,0.1,822782,17,8,-1.9383243719736736,-1.9383281071980794,-3.7352244057764494e-06
literal,1235,8192,8193,0.1,822782,20,7,-1.9383243719736736,-2.094554344813029,-0.15622997283935525
literal,1235,8192,8193,0.1,822782,21,5,-1.9383243719736736,-1.9904389381408691,-0.052114566167195564
literal,1235,8192,8193,0.1,822782,21,6,-1.9383243719736736,-1.9070110321044922,0.03131333986918139
literal,1235,8192,8193,0.1,822782,22,11,-1.9383243719736736,-1.9382967154184978,2.765655517578125e-05
literal,1235,8192,8193,0.1,822782,17,2,-1.9383243719736736,-1.8759972254435222,0.06232714653015137
literal,1235,8192,8193,0.1,822782,20,4,-1.9383243719736736,-1.9487248261769612,-0.010400454203287612
literal,1235,8192,8193,0.1,822782,21,2,-1.9383243719736736,-1.9070107142130535,0.03131365776062012
literal,1235,8192,8193,0.1,822782,22,9,-1.9383243719736736,-1.9383100668589275,1.430511474609375e-05
literal,1235,8192,8193,0.1,822782,17,7,-1.9383243719736736,-1.896743377049764,0.04158099492390965
literal,1235,8192,8193,0.1,822782,21,7,-1.9383243719736736,-1.917500416437785,0.020823955535888672
literal,1235,8192,8193,0.1,822782,20,8,-1.9383243719736736,-2.021568536758423,-0.08324416478474927
literal,1235,8192,8193,0.1,822782,22,8,-1.9383243719736736,-1.9279409249623616,0.010383447011311997
literal,1235,8192,8193,0.1,822782,17,10,-1.9383243719736736,-2.021622578303019,-0.08329820632934548
literal,1235,8192,8193,0.1,822782,21,3,-1.9383243719736736,-2.0112173557281494,-0.07289298375447584
literal,1235,8192,8193,0.1,822782,22,2,-1.9383243719736736,-1.938320795694987,3.5762786865234375e-06
literal,1235,8192,8193,0.1,822782,20,6,-1.9383243719736736,-2.0008604526519775,-0.06253608067830396
literal,1235,8192,8193,0.1,822782,21,1,-1.9383243719736736,-2.000840346018473,-0.06251597404479958
literal,1235,8192,8193,0.1,822782,22,0,-1.9383243719736736,-2.000844399134318,-0.06252002716064431
literal,1235,8192,8193,0.1,822782,22,5,-1.9383243719736736,-1.8966957728068035,0.04162859916687012
literal,1235,8192,8193,0.1,822782,21,0,-1.9383243719736736,-2.0007998943328857,-0.062475522359212166
literal,1235,8192,8193,0.1,822782,17,9,-1.9383243719736736,-2.0113152662913003,-0.07299089431762673
literal,1235,8192,8193,0.1,822782,22,3,-1.9383243719736736,-1.9383403460184734,-1.5974044799804688e-05
literal,1235,8192,8193,0.1,822782,17,11,-1.9383243719736736,-1.938343604405721,-1.9232432047378012e-05
literal,1235,8192,8193,0.1,822782,22,4,-1.9383243719736736,-2.000813643137614,-0.06248927116394021
literal,1235,8192,8193,0.1,822782,22,1,-1.9383243719736736,-1.9279321829477947,0.010392189025878906
literal,1236,8192,8192,0.1,659279,21,11,-1.9796881675720215,-2.1257449785868325,-0.14605681101481105
literal,1236,8192,8192,0.1,659279,22,7,-1.9796881675720215,-2.1984710693359375,-0.21878290176391602
literal,1236,8192,8192,0.1,659279,18,3,-1.9796881675720215,-2.1359694798787436,-0.15628131230672215
literal,1236,8192,8192,0.1,659279,20,9,-1.9796881675720215,-2.1463190714518228,-0.16663090387980128
literal,1236,8192,8192,0.1,659279,17,3,-1.9796881675720215,-2.0004274050394693,-0.02073923746744777
literal,1236,8192,8192,0.1,659279,22,10,-1.9796881675720215,-2.0109047889709473,-0.03121662139892578
literal,1236,8192,8192,0.1,659279,23,4,-1.9796881675720215,-2.0525922775268555,-0.07290410995483398
literal,1236,8192,8192,0.1,659279,20,3,-1.9796881675720215,-2.0317769050598145,-0.05208873748779297
literal,1236,8192,8192,0.1,659279,0,3,-1.9796881675720215,-2.0213796297709146,-0.04169146219889308
literal,1236,8192,8192,0.1,659279,0,6,-1.9796881675720215,-1.9169704914093018,0.06271767616271973
literal,1236,8192,8192,0.1,659279,0,4,-1.9796881675720215,-2.0005332628885903,-0.020845095316568862
literal,1236,8192,8192,0.1,659279,0,7,-1.9796881675720215,-2.0422019958496094,-0.06251382827758789
literal,1236,8192,8192,0.1,659279,0,8,-1.9796881675720215,-1.9900342623392742,-0.010346094767252678
literal,1236,8192,8192,0.1,659279,21,9,-1.9796881675720215,-1.969274361928304,0.010413805643717522
literal,1236,8192,8192,0.1,659279,20,2,-1.9796881675720215,-2.0005009969075522,-0.020812829335530747
literal,1236,8192,8192,0.1,659279,19,1,-1.9796881675720215,-1.9692708651224773,0.010417302449544197
literal,1236,8192,8192,0.1,659279,20,5,-1.9796881675720215,-1.9588580131530762,0.020830154418945312
literal,1236,8192,8192,0.1,659279,0,11,-1.9796881675720215,-2.0109373728434243,-0.031249205271402847
literal,1236,8192,8192,0.1,659279,0,2,-1.9796881675720215,-2.0005369186401367,-0.020848751068115234
literal,1236,8192,8192,0.1,659279,0,10,-1.9796881675720215,-1.958682696024577,0.021005471547444587
literal,1236,8192,8192,0.1,659279,0,0,-1.9796881675720215,-1.9588651657104492,0.020823001861572266
literal,1236,8192,8192,0.1,659279,0,1,-1.9796881675720215,-1.990121841430664,-0.010433673858642578
literal,1236,8192,8192,0.1,659279,20,11,-1.9796881675720215,-1.969252109527588,0.010436058044433594
literal,1236,8192,8192,0.1,659279,0,5,-1.9796881675720215,-1.9796640078226726,2.415974934888432e-05
literal,1236,8192,8192,0.1,659279,18,1,-1.9796881675720215,-1.9484128952026367,0.031275272369384766
literal,1236,8192,8192,0.1,659279,23,8,-1.9796881675720215,-2.0004825592041016,-0.020794391632080078
literal,1236,8192,8192,0.1,659279,20,10,-1.9796881675720215,-1.9692505200703938,0.010437647501627678
literal,1236,8192,8192,0.1,659279,17,6,-1.9796881675720215,-2.021340529123942,-0.041652361551920425
literal,1236,8192,8192,0.1,659279,20,0,-1.9796881675720215,-2.0005130767822266,-0.020824909210205078
literal,1236,8192,8192,0.1,659279,21,4,-1.9796881675720215,-2.0734227498372397,-0.09373458226521825
literal,1236,8192,8192,0.1,659279,18,7,-1.9796881675720215,-1.9796398480733235,4.831949869799068e-05
literal,1236,8192,8192,0.1,659279,21,8,-1.9796881675720215,-2.0109289487202964,-0.031240781148274888
literal,1236,8192,8192,0.1,659279,20,1,-1.9796881675720215,-1.9588098526000977,0.020878314971923828
literal,1236,8192,8192,0.1,659279,21,10,-1.9796881675720215,-1.9796419143676758,4.6253204345703125e-05
literal,1236,8192,8192,0.1,659279,22,6,-1.9796881675720215,-1.9692579905192058,0.010430177052815681
literal,1236,8192,8192,0.1,659279,17,8,-1.9796881675720215,-1.9901096026102703,-0.010421435038248772
literal,1236,8192,8192,0.1,659279,20,7,-1.9796881675720215,-2.09429136912028,-0.11460320154825832
literal,1236,8192,8192,0.1,659279,21,5,-1.9796881675720215,-2.0317737261454263,-0.0520855585734048
literal,1236,8192,8192,0.1,659279,21,6,-1.9796881675720215,-1.9796497027079265,3.846486409497807e-05
literal,1236,8192,8192,0.1,659279,22,11,-1.9796881675720215,-2.0005129178365073,-0.020824750264485825
literal,1236,8192,8192,0.1,659279,17,2,-1.9796881675720215,-1.9380955696105957,0.04159259796142578
literal,1236,8192,8192,0.1,659279,20,4,-1.9796881675720215,-2.0005385080973306,-0.020850340525309097
literal,1236,8192,8192,0.1,659279,21,2,-1.9796881675720215,-1.9588046073913574,0.020883560180664062
literal,1236,8192,8192,0.1,659279,22,9,-1.9796881675720215,-1.979668140411377,2.002716064453125e-05
literal,1236,8192,8192,0.1,659279,17,7,-1.9796881675720215,-1.9797123273213704,-2.415974934888432e-05
literal,1236,8192,8192,0.1,659279,21,7,-1.9796881675720215,-2.0005229314168296,-0.02083476384480809
literal,1236,8192,8192,0.1,659279,20,8,-1.9796881675720215,-2.1670923233032227,-0.18740415573120117
literal,1236,8192,8192,0.1,659279,22,8,-1.9796881675720215,-2.0005176862080893,-0.020829518636067856
literal,1236,8192,8192,0.1,659279,17,10,-1.9796881675720215,-2.115065415700277,-0.13537724812825536
literal,1236,8192,8192,0.1,659279,21,3,-1.9796881675720215,-2.0630086263020835,-0.083320458730062
literal,1236,8192,8192,0.1,659279,22,2,-1.9796881675720215,-1.990082581837972,-0.010394414265950447
literal,1236,8192,8192,0.1,659279,20,6,-1.9796881675720215,-2.052584648132324,-0.07289648056030273
literal,1236,8192,8192,0.1,659279,21,1,-1.9796881675720215,-2.042166233062744,-0.062478065490722656
literal,1236,8192,8192,0.1,659279,22,0,-1.9796881675720215,-2.0838783582051597,-0.10419019063313817
literal,1236,8192,8192,0.1,659279,22,5,-1.9796881675720215,-1.8963146209716797,0.0833735466003418
literal,1236,8192,8192,0.1,659279,21,0,-1.9796881675720215,-2.062985420227051,-0.0832972526550293
literal,1236,8192,8192,0.1,659279,17,9,-1.9796881675720215,-2.0421859423319497,-0.06249777475992824
literal,1236,8192,8192,0.1,659279,22,3,-1.9796881675720215,-2.0109287897745767,-0.03124062220255519
literal,1236,8192,8192,0.1,659279,17,11,-1.9796881675720215,-1.9588745435078938,0.020813624064127678
literal,1236,8192,8192,0.1,659279,22,4,-1.9796881675720215,-2.073434352874756,-0.09374618530273438
literal,1236,8192,8192,0.1,659279,22,1,-1.9796881675720215,-2.000514348347982,-0.020826180775960434
literal,1237,8192,8191,0.1,255903,21,11,-2.2609168688456216,-2.282040596008301,-0.021123727162679184
literal,1237,8192,8191,0.1,255903,22,7,-2.2609168688456216,-2.365140120188395,-0.10422325134277344
literal,1237,8192,8191,0.1,255903,18,3,-2.2609168688456216,-2.3338890075683594,-0.07297213872273778
literal,1237,8192,8191,0.1,255903,20,9,-2.2609168688456216,-2.302578608194987,-0.041661739349365234
literal,1237,8192,8191,0.1,255903,17,3,-2.2609168688456216,-2.250440756479899,0.010476112365722656
literal,1237,8192,8191,0.1,255903,22,10,-2.2609168688456216,-2.292153835296631,-0.031236966451009263
literal,1237,8192,8191,0.1,255903,23,4,-2.2609168688456216,-2.292161146799723,-0.031244277954101562
literal,1237,8192,8191,0.1,255903,20,3,-2.2609168688456216,-2.3234686851501465,-0.06255181630452489
literal,1237,8192,8191,0.1,255903,0,3,-2.2609168688456216,-2.281788190205892,-0.02087132136027048
literal,1237,8192,8191,0.1,255903,0,6,-2.2609168688456216,-2.1774826844533286,0.083434184392293
literal,1237,8192,8191,0.1,255903,0,4,-2.2609168688456216,-2.2505367596944175,0.010380109151204131
literal,1237,8192,8191,0.1,255903,0,7,-2.2609168688456216,-2.3130313555399575,-0.05211448669433594
literal,1237,8192,8191,0.1,255903,0,8,-2.2609168688456216,-2.302560647328695,-0.04164377848307321
literal,1237,8192,8191,0.1,255903,21,9,-2.2609168688456216,-2.1776134173075357,0.08330345153808594
literal,1237,8192,8191,0.1,255903,20,2,-2.2609168688456216,-2.2504990895589194,0.010417779286702178
literal,1237,8192,8191,0.1,255903,19,1,-2.2609168688456216,-2.250520388285319,0.010396480560302734
literal,1237,8192,8191,0.1,255903,20,5,-2.2609168688456216,-2.1463281313578286,0.11458873748779297
literal,1237,8192,8191,0.1,255903,0,11,-2.2609168688456216,-2.250492731730143,0.010424137115478516
literal,1237,8192,8191,0.1,255903,0,2,-2.2609168688456216,-2.2504959106445312,0.010420958201090347
literal,1237,8192,8191,0.1,255903,0,10,-2.2609168688456216,-2.208736260732015,0.052180608113606475
literal,1237,8192,8191,0.1,255903,0,0,-2.2609168688456216,-2.2088499069213867,0.05206696192423488
literal,1237,8192,8191,0.1,255903,0,1,-2.2609168688456216,-2.2504711151123047,0.01044575373331691
literal,1237,8192,8191,0.1,255903,20,11,-2.2609168688456216,-2.156754970550537,0.10416189829508449
literal,1237,8192,8191,0.1,255903,0,5,-2.2609168688456216,-2.2505170504252114,0.010399818420410156
literal,1237,8192,8191,0.1,255903,18,1,-2.2609168688456216,-2.2296948432922363,0.03122202555338527
literal,1237,8192,8191,0.1,255903,23,8,-2.2609168688456216,-2.2713119188944497,-0.010395050048828125
literal,1237,8192,8191,0.1,255903,20,10,-2.2609168688456216,-2.20883846282959,0.05207840601603175
literal,1237,8192,8191,0.1,255903,17,6,-2.2609168688456216,-2.2296902338663735,0.031226634979248047
literal,1237,8192,8191,0.1,255903,20,0,-2.2609168688456216,-2.260949452718099,-3.25838724775096e-05
literal,1237,8192,8191,0.1,255903,21,4,-2.2609168688456216,-2.3234469095865884,-0.0625300407409668
literal,1237,8192,8191,0.1,255903,18,7,-2.2609168688456216,-2.292168140411377,-0.031251271565755356
literal,1237,8192,8191,0.1,255903,21,8,-2.2609168688456216,-2.292214870452881,-0.03129800160725926
literal,1237,8192,8191,0.1,255903,20,1,-2.2609168688456216,-2.167158762613932,0.09375810623168945
literal,1237,8192,8191,0.1,255903,21,10,-2.2609168688456216,-2.281763235727946,-0.02084636688232422
literal,1237,8192,8191,0.1,255903,22,6,-2.2609168688456216,-2.250513712565104,0.010403156280517578
literal,1237,8192,8191,0.1,255903,17,8,-2.2609168688456216,-2.2088340123494468,0.052082856496174834
literal,1237,8192,8191,0.1,255903,20,7,-2.2609168688456216,-2.3442665735880532,-0.08334970474243164
literal,1237,8192,8191,0.1,255903,21,5,-2.2609168688456216,-2.3234219551086426,-0.06250508626302098
literal,1237,8192,8191,0.1,255903,21,6,-2.2609168688456216,-2.3859642346700034,-0.1250473658243818
literal,1237,8192,8191,0.1,255903,22,11,-2.2609168688456216,-2.240077177683512,0.020839691162109375
literal,1237,8192,8191,0.1,255903,17,2,-2.2609168688456216,-2.2193473180135093,0.041569550832112334
literal,1237,8192,8191,0.1,255903,20,4,-2.2609168688456216,-2.3026485443115234,-0.04173167546590184
literal,1237,8192,8191,0.1,255903,21,2,-2.2609168688456216,-2.2296592394510903,0.03125762939453125
literal,1237,8192,8191,0.1,255903,22,9,-2.2609168688456216,-2.271327018737793,-0.010410149892171372
literal,1237,8192,8191,0.1,255903,17,7,-2.2609168688456216,-2.219273249308268,0.041643619537353516
literal,1237,8192,8191,0.1,255903,21,7,-2.2609168688456216,-2.2192562421162925,0.04166062672932913
literal,1237,8192,8191,0.1,255903,20,8,-2.2609168688456216,-2.3858925501505532,-0.12497568130493164
literal,1237,8192,8191,0.1,255903,22,8,-2.2609168688456216,-2.240086237589518,0.020830631256103516
literal,1237,8192,8191,0.1,255903,17,10,-2.2609168688456216,-2.375530401865641,-0.11461353302001953
literal,1237,8192,8191,0.1,255903,21,3,-2.2609168688456216,-2.3442837397257485,-0.08336687088012695
literal,1237,8192,8191,0.1,255903,22,2,-2.2609168688456216,-2.2296675046284995,0.0312493642171221
literal,1237,8192,8191,0.1,255903,20,6,-2.2609168688456216,-2.3338707288106284,-0.0729538599650068
literal,1237,8192,8191,0.1,255903,21,1,-2.2609168688456216,-2.3338581720987954,-0.07294130325317383
literal,1237,8192,8191,0.1,255903,22,0,-2.2609168688456216,-2.3338378270467124,-0.07292095820109079
literal,1237,8192,8191,0.1,255903,22,5,-2.2609168688456216,-2.010903835296631,0.25001303354899074
literal,1237,8192,8191,0.1,255903,21,0,-2.2609168688456216,-2.3338637351989746,-0.07294686635335301
literal,1237,8192,8191,0.1,255903,17,9,-2.2609168688456216,-2.292189280192057,-0.03127241134643555
literal,1237,8192,8191,0.1,255903,22,3,-2.2609168688456216,-2.2713624636332193,-0.010445594787597656
literal,1237,8192,8191,0.1,255903,17,11,-2.2609168688456216,-2.2401013374328613,0.02081553141276027
literal,1237,8192,8191,0.1,255903,22,4,-2.2609168688456216,-2.3651070594787598,-0.10419019063313817
literal,1237,8192,8191,0.1,255903,22,1,-2.2609168688456216,-2.281754970550537,-0.020838101704915513
literal,1238,8192,8192,0.1,127404,21,11,-2.104977607727051,-2.0635964075724282,0.041381200154622544
literal,1238,8192,8192,0.1,127404,22,7,-2.104977607727051,-2.115384896596273,-0.010407288869222153
literal,1238,8192,8192,0.1,127404,18,3,-2.104977607727051,-2.1779394149780273,-0.07296180725097656
literal,1238,8192,8192,0.1,127404,20,9,-2.104977607727051,-2.23000160853068,-0.1250240008036294
literal,1238,8192,8192,0.1,127404,17,3,-2.104977607727051,-2.084059715270996,0.020917892456054688
literal,1238,8192,8192,0.1,127404,22,10,-2.104977607727051,-2.1153666178385415,-0.010389010111490737
literal,1238,8192,8192,0.1,127404,23,4,-2.104977607727051,-2.1674652099609375,-0.06248760223388672
literal,1238,8192,8192,0.1,127404,20,3,-2.104977607727051,-2.146663506825765,-0.04168589909871434
literal,1238,8192,8192,0.1,127404,0,3,-2.104977607727051,-2.094573656717936,0.010403951009114731
literal,1238,8192,8192,0.1,127404,0,6,-2.104977607727051,-2.0528810818990073,0.05209652582804347
literal,1238,8192,8192,0.1,127404,0,4,-2.104977607727051,-2.1153895060221353,-0.010411898295084487
literal,1238,8192,8192,0.1,127404,0,7,-2.104977607727051,-2.104992230733236,-1.4623006185043863e-05
literal,1238,8192,8192,0.1,127404,0,8,-2.104977607727051,-2.084105650583903,0.020871957143147934
literal,1238,8192,8192,0.1,127404,21,9,-2.104977607727051,-2.0320307413736978,0.07294686635335301
literal,1238,8192,8192,0.1,127404,20,2,-2.104977607727051,-2.1049655278523765,1.2079874674331137e-05
literal,1238,8192,8192,0.1,127404,19,1,-2.104977607727051,-2.1153697967529297,-0.010392189025878906
literal,1238,8192,8192,0.1,127404,20,5,-2.104977607727051,-2.0528526306152344,0.052124977111816406
literal,1238,8192,8192,0.1,127404,0,11,-2.104977607727051,-2.104931195576986,4.641215006495614e-05
literal,1238,8192,8192,0.1,127404,0,2,-2.104977607727051,-2.06332794825236,0.0416496594746909
literal,1238,8192,8192,0.1,127404,0,10,-2.104977607727051,-2.052744706471761,0.052232901255289566
literal,1238,8192,8192,0.1,127404,0,0,-2.104977607727051,-2.0633214314778647,0.04165617624918605
literal,1238,8192,8192,0.1,127404,0,1,-2.104977607727051,-2.084151268005371,0.020826339721679688
literal,1238,8192,8192,0.1,127404,20,11,-2.104977607727051,-2.094505945841471,0.010471661885579575
literal,1238,8192,8192,0.1,127404,0,5,-2.104977607727051,-2.1049707730611167,6.834665934096762e-06
literal,1238,8192,8192,0.1,127404,18,1,-2.104977607727051,-2.0632944107055664,0.041683197021484375
literal,1238,8192,8192,0.1,127404,23,8,-2.104977607727051,-2.1570773124694824,-0.05209970474243164
literal,1238,8192,8192,0.1,127404,20,10,-2.104977607727051,-2.0841248830159507,0.020852724711100112
literal,1238,8192,8192,0.1,127404,17,6,-2.104977607727051,-2.1154023806254068,-0.010424772898355972
literal,1238,8192,8192,0.1,127404,20,0,-2.104977607727051,-2.125824451446533,-0.020846843719482422
literal,1238,8192,8192,0.1,127404,21,4,-2.104977607727051,-2.2091493606567383,-0.1041717529296875
literal,1238,8192,8192,0.1,127404,18,7,-2.104977607727051,-2.1361486117045083,-0.031171003977457534
literal,1238,8192,8192,0.1,127404,21,8,-2.104977607727051,-2.115386644999186,-0.010409037272135269
literal,1238,8192,8192,0.1,127404,20,1,-2.104977607727051,-2.052800019582113,0.052177588144938
literal,1238,8192,8192,0.1,127404,21,10,-2.104977607727051,-2.136213938395182,-0.031236330668131362
literal,1238,8192,8192,0.1,127404,22,6,-2.104977607727051,-2.115420341491699,-0.010442733764648438
literal,1238,8192,8192,0.1,127404,17,8,-2.104977607727051,-2.0945911407470703,0.010386466979980469
literal,1238,8192,8192,0.1,127404,20,7,-2.104977607727051,-2.157118002573649,-0.05214039484659816
literal,1238,8192,8192,0.1,127404,21,5,-2.104977607727051,-2.146638552347819,-0.04166094462076808
literal,1238,8192,8192,0.1,127404,21,6,-2.104977607727051,-2.2092088063557944,-0.10423119862874364
literal,1238,8192,8192,0.1,127404,22,11,-2.104977607727051,-2.0945491790771484,0.010428428649902344
literal,1238,8192,8192,0.1,127404,17,2,-2.104977607727051,-2.0634355545043945,0.04154205322265625
literal,1238,8192,8192,0.1,127404,20,4,-2.104977607727051,-2.105015754699707,-3.814697265625e-05
literal,1238,8192,8192,0.1,127404,21,2,-2.104977607727051,-2.1154163678487143,-0.01043876012166356
literal,1238,8192,8192,0.1,127404,22,9,-2.104977607727051,-2.115396817525228,-0.010419209798177231
literal,1238,8192,8192,0.1,127404,17,7,-2.104977607727051,-2.063333829243978,0.04164377848307277
literal,1238,8192,8192,0.1,127404,21,7,-2.104977607727051,-2.094559828440348,0.010417779286702622
literal,1238,8192,8192,0.1,127404,20,8,-2.104977607727051,-2.2611220677693686,-0.15614446004231786
literal,1238,8192,8192,0.1,127404,22,8,-2.104977607727051,-2.094519774119059,0.010457833607991684
literal,1238,8192,8192,0.1,127404,17,10,-2.104977607727051,-2.229920228322347,-0.12494262059529637
literal,1238,8192,8192,0.1,127404,21,3,-2.104977607727051,-2.167485237121582,-0.06250762939453125
literal,1238,8192,8192,0.1,127404,22,2,-2.104977607727051,-2.1258058547973633,-0.0208282470703125
literal,1238,8192,8192,0.1,127404,20,6,-2.104977607727051,-2.146629969278971,-0.041652361551920425
literal,1238,8192,8192,0.1,127404,21,1,-2.104977607727051,-2.17789363861084,-0.07291603088378906
literal,1238,8192,8192,0.1,127404,22,0,-2.104977607727051,-2.1883368492126465,-0.0833592414855957
literal,1238,8192,8192,0.1,127404,22,5,-2.104977607727051,-2.011226177215576,0.09375143051147461
literal,1238,8192,8192,0.1,127404,21,0,-2.104977607727051,-2.1779624621073403,-0.07298485438028957
literal,1238,8192,8192,0.1,127404,17,9,-2.104977607727051,-2.1362597147623696,-0.03128210703531886
literal,1238,8192,8192,0.1,127404,22,3,-2.104977607727051,-2.115384260813395,-0.010406653086344253
literal,1238,8192,8192,0.1,127404,17,11,-2.104977607727051,-2.0841992696126304,0.020778338114420425
literal,1238,8192,8192,0.1,127404,22,4,-2.104977607727051,-2.167489210764567,-0.06251160303751613
literal,1238,8192,8192,0.1,127404,22,1,-2.104977607727051,-2.1258015632629395,-0.020823955535888672
literal,1239,8192,8192,0.1,178315,21,11,-2.0737412770589194,-2.0741453170776367,-0.0004040400187172999
literal,1239,8192,8192,0.1,178315,22,7,-2.0737412770589194,-2.125868479410807,-0.052127202351887725
literal,1239,8192,8192,0.1,178315,18,3,-2.0737412770589194,-2.1258955001831055,-0.05215422312418605
literal,1239,8192,8192,0.1,178315,20,9,-2.0737412770589194,-2.1987269719441733,-0.1249856948852539
literal,1239,8192,8192,0.1,178315,17,3,-2.0737412770589194,-2.1153311729431152,-0.041589895884195816
literal,1239,8192,8192,0.1,178315,22,10,-2.0737412770589194,-2.073734919230143,6.357828776337726e-06
literal,1239,8192,8192,0.1,178315,23,4,-2.0737412770589194,-2.1049582163492837,-0.031216939290364287
literal,1239,8192,8192,0.1,178315,20,3,-2.0737412770589194,-2.0841830571492515,-0.010441780090332031
literal,1239,8192,8192,0.1,178315,0,3,-2.0737412770589194,-2.0737810134887695,-3.973642985011239e-05
literal,1239,8192,8192,0.1,178315,0,6,-2.0737412770589194,-1.990634282430013,0.08310699462890647
literal,1239,8192,8192,0.1,178315,0,4,-2.0737412770589194,-2.0633761088053384,0.010365168253581025
literal,1239,8192,8192,0.1,178315,0,7,-2.0737412770589194,-2.084167798360189,-0.010426521301269531
literal,1239,8192,8192,0.1,178315,0,8,-2.0737412770589194,-2.073756535847982,-1.52587890625e-05
literal,1239,8192,8192,0.1,178315,21,9,-2.0737412770589194,-2.0111862818400064,0.06255499521891306
literal,1239,8192,8192,0.1,178315,20,2,-2.0737412770589194,-2.0633039474487305,0.01043732961018895
literal,1239,8192,8192,0.1,178315,19,1,-2.0737412770589194,-2.084138552347819,-0.010397275288899444
literal,1239,8192,8192,0.1,178315,20,5,-2.0737412770589194,-2.0007688204447427,0.07297245661417673
literal,1239,8192,8192,0.1,178315,0,11,-2.0737412770589194,-2.032022794087728,0.041718482971191406
literal,1239,8192,8192,0.1,178315,0,2,-2.0737412770589194,-2.042537053426107,0.0312042236328125
literal,1239,8192,8192,0.1,178315,0,10,-2.0737412770589194,-2.01124636332194,0.06249491373697946
literal,1239,8192,8192,0.1,178315,0,0,-2.0737412770589194,-2.000844955444336,0.07289632161458348
literal,1239,8192,8192,0.1,178315,0,1,-2.0737412770589194,-2.0633506774902344,0.010390599568685044
literal,1239,8192,8192,0.1,178315,20,11,-2.0737412770589194,-2.0111870765686035,0.0625542004903159
literal,1239,8192,8192,0.1,178315,0,5,-2.0737412770589194,-2.04246457417806,0.031276702880859375
literal,1239,8192,8192,0.1,178315,18,1,-2.0737412770589194,-2.0112988154093423,0.06244246164957712
literal,1239,8192,8192,0.1,178315,23,8,-2.0737412770589194,-2.115383783976237,-0.04164250691731741
literal,1239,8192,8192,0.1,178315,20,10,-2.0737412770589194,-2.052922248840332,0.020819028218587388
literal,1239,8192,8192,0.1,178315,17,6,-2.0737412770589194,-2.0633570353190103,0.01038424173990915
literal,1239,8192,8192,0.1,178315,20,0,-2.0737412770589194,-2.094602902730306,-0.02086162567138672
literal,1239,8192,8192,0.1,178315,21,4,-2.0737412770589194,-2.1466549237569175,-0.07291364669799805
literal,1239,8192,8192,0.1,178315,18,7,-2.0737412770589194,-2.0737330118815103,8.265177409150226e-06
literal,1239,8192,8192,0.1,178315,21,8,-2.0737412770589194,-2.0737571716308594,-1.5894571939956137e-05
literal,1239,8192,8192,0.1,178315,20,1,-2.0737412770589194,-2.0215911865234375,0.05215009053548192
literal,1239,8192,8192,0.1,178315,21,10,-2.0737412770589194,-2.0424931844075522,0.031248092651367188
literal,1239,8192,8192,0.1,178315,22,6,-2.0737412770589194,-2.084103584289551,-0.010362307230631362
literal,1239,8192,8192,0.1,178315,17,8,-2.0737412770589194,-2.042530059814453,0.031211217244466294
literal,1239,8192,8192,0.1,178315,20,7,-2.0737412770589194,-2.1155730883280435,-0.04183181126912405
literal,1239,8192,8192,0.1,178315,21,5,-2.0737412770589194,-2.1049866676330566,-0.031245390574137222
literal,1239,8192,8192,0.1,178315,21,6,-2.0737412770589194,-2.1258745193481445,-0.05213324228922511
literal,1239,8192,8192,0.1,178315,22,11,-2.0737412770589194,-2.0737311045328775,1.0172526041962726e-05
literal,1239,8192,8192,0.1,178315,17,2,-2.0737412770589194,-2.0217765172322593,0.051964759826660156
literal,1239,8192,8192,0.1,178315,20,4,-2.0737412770589194,-2.073779741923014,-3.8464864094756024e-05
literal,1239,8192,8192,0.1,178315,21,2,-2.0737412770589194,-2.0633179346720376,0.010423342386881806
literal,1239,8192,8192,0.1,178315,22,9,-2.0737412770589194,-2.0633058547973633,0.010435422261556138
literal,1239,8192,8192,0.1,178315,17,7,-2.0737412770589194,-2.0425421396891275,0.031199137369791963
literal,1239,8192,8192,0.1,178315,21,7,-2.0737412770589194,-2.0320800145467124,0.04166126251220703
literal,1239,8192,8192,0.1,178315,20,8,-2.0737412770589194,-2.1986303329467773,-0.12488905588785792
literal,1239,8192,8192,0.1,178315,22,8,-2.0737412770589194,-2.0736875534057617,5.372365315770011e-05
literal,1239,8192,8192,0.1,178315,17,10,-2.0737412770589194,-2.157019933064779,-0.08327865600585938
literal,1239,8192,8192,0.1,178315,21,3,-2.0737412770589194,-2.125845273335775,-0.05210399627685547
literal,1239,8192,8192,0.1,178315,22,2,-2.0737412770589194,-2.073802630106608,-6.135304768850602e-05
literal,1239,8192,8192,0.1,178315,20,6,-2.0737412770589194,-2.1153767903645835,-0.04163551330566406
literal,1239,8192,8192,0.1,178315,21,1,-2.0737412770589194,-2.104977289835612,-0.031236012776692412
literal,1239,8192,8192,0.1,178315,22,0,-2.0737412770589194,-2.1466824213663735,-0.07294114430745413
literal,1239,8192,8192,0.1,178315,22,5,-2.0737412770589194,-1.969551722208659,0.10418955485026049
literal,1239,8192,8192,0.1,178315,21,0,-2.0737412770589194,-2.146653493245443,-0.07291221618652344
literal,1239,8192,8192,0.1,178315,17,9,-2.0737412770589194,-2.094568888346354,-0.0208276112874346
literal,1239,8192,8192,0.1,178315,22,3,-2.0737412770589194,-2.0528974533081055,0.02084382375081395
literal,1239,8192,8192,0.1,178315,17,11,-2.0737412770589194,-2.0424931844075522,0.031248092651367188
literal,1239,8192,8192,0.1,178315,22,4,-2.0737412770589194,-2.1154152552286782,-0.04167397816975882
literal,1239,8192,8192,0.1,178315,22,1,-2.0737412770589194,-2.073732058207194,9.218851725556476e-06
literal,1240,8192,8191,0.1,779361,21,11,-1.9174858729044597,-2.063558260599772,-0.14607238769531228
literal,1240,8192,8191,0.1,779361,22,7,-1.9174858729044597,-2.0633713404337564,-0.14588546752929665
literal,1240,8192,8191,0.1,779361,18,3,-1.9174858729044597,-1.990559736887614,-0.0730738639831543
literal,1240,8192,8191,0.1,779361,20,9,-1.9174858729044597,-1.9695777893066406,-0.052091916402180916
literal,1240,8192,8191,0.1,779361,17,3,-1.9174858729044597,-1.906873067220052,0.0106128056844077
literal,1240,8192,8191,0.1,779361,22,10,-1.9174858729044597,-1.9383438428243,-0.020857969919840347
literal,1240,8192,8191,0.1,779361,23,4,-1.9174858729044597,-1.9487476348876953,-0.0312617619832356
literal,1240,8192,8191,0.1,779361,20,3,-1.9174858729044597,-1.9591905275980632,-0.041704654693603516
literal,1240,8192,8191,0.1,779361,0,3,-1.9174858729044597,-1.917502721150716,-1.6848246256362387e-05
literal,1240,8192,8191,0.1,779361,0,6,-1.9174858729044597,-1.8546207745869954,0.06286509831746434
literal,1240,8192,8191,0.1,779361,0,4,-1.9174858729044597,-1.8967811266581218,0.02070474624633789
literal,1240,8192,8191,0.1,779361,0,7,-1.9174858729044597,-1.8965932528177898,0.020892620086669922
literal,1240,8192,8191,0.1,779361,0,8,-1.9174858729044597,-1.8861549695332844,0.03133090337117528
literal,1240,8192,8191,0.1,779361,21,9,-1.9174858729044597,-1.875846227010091,0.04163964589436864
literal,1240,8192,8191,0.1,779361,20,2,-1.9174858729044597,-1.8758323987325032,0.04165347417195653
literal,1240,8192,8191,0.1,779361,19,1,-1.9174858729044597,-1.8966819445292156,0.02080392837524414
literal,1240,8192,8191,0.1,779361,20,5,-1.9174858729044597,-1.9070816040039062,0.01040426890055346
literal,1240,8192,8191,0.1,779361,0,11,-1.9174858729044597,-1.8551090558369954,0.06237681706746434
literal,1240,8192,8191,0.1,779361,0,2,-1.9174858729044597,-1.8863232930501301,0.031162579854329575
literal,1240,8192,8191,0.1,779361,0,10,-1.9174858729044597,-1.8651183446248372,0.052367528279622544
literal,1240,8192,8191,0.1,779361,0,0,-1.9174858729044597,-1.8657423655192058,0.051743507385253906
literal,1240,8192,8191,0.1,779361,0,1,-1.9174858729044597,-1.9071377118428547,0.010348161061604966
literal,1240,8192,8191,0.1,779361,20,11,-1.9174858729044597,-1.865420659383138,0.05206521352132176
literal,1240,8192,8191,0.1,779361,0,5,-1.9174858729044597,-1.886228084564209,0.031257788340250725
literal,1240,8192,8191,0.1,779361,18,1,-1.9174858729044597,-1.8341911633809407,0.08329470952351903
literal,1240,8192,8191,0.1,779361,23,8,-1.9174858729044597,-1.9174497922261555,3.608067830418449e-05
literal,1240,8192,8191,0.1,779361,20,10,-1.9174858729044597,-1.8550217946370442,0.06246407826741551
literal,1240,8192,8191,0.1,779361,17,6,-1.9174858729044597,-1.9071043332417805,0.010381539662679184
literal,1240,8192,8191,0.1,779361,20,0,-1.9174858729044597,-1.8966973622639973,0.020788510640462388
literal,1240,8192,8191,0.1,779361,21,4,-1.9174858729044597,-1.9383689562479656,-0.02088308334350586
literal,1240,8192,8191,0.1,779361,18,7,-1.9174858729044597,-1.9174895286560059,-3.6557515461499435e-06
literal,1240,8192,8191,0.1,779361,21,8,-1.9174858729044597,-1.9279530843098958,-0.01046721140543605
literal,1240,8192,8191,0.1,779361,20,1,-1.9174858729044597,-1.8966403007507324,0.020845572153727288
literal,1240,8192,8191,0.1,779361,21,10,-1.9174858729044597,-1.9070981343587239,0.010387738545735825
literal,1240,8192,8191,0.1,779361,22,6,-1.9174858729044597,-1.8966736793518066,0.02081219355265307
literal,1240,8192,8191,0.1,779361,17,8,-1.9174858729044597,-1.8654265403747559,0.05205933252970385
literal,1240,8192,8191,0.1,779361,20,7,-1.9174858729044597,-2.0842315355936685,-0.16674566268920876
literal,1240,8192,8191,0.1,779361,21,5,-1.9174858729044597,-1.9383405049641926,-0.020854632059732925
literal,1240,8192,8191,0.1,779361,21,6,-1.9174858729044597,-1.875839392344157,0.041646480560302734
literal,1240,8192,8191,0.1,779361,22,11,-1.9174858729044597,-1.8862536748250325,0.03123219807942723
literal,1240,8192,8191,0.1,779361,17,2,-1.9174858729044597,-1.8552284240722656,0.062257448832194084
literal,1240,8192,8191,0.1,779361,20,4,-1.9174858729044597,-1.8967358271280925,0.020750045776367188
literal,1240,8192,8191,0.1,779361,21,2,-1.9174858729044597,-1.8758145968119304,0.0416712760925293
literal,1240,8192,8191,0.1,779361,22,9,-1.9174858729044597,-1.9070685704549153,0.010417302449544419
literal,1240,8192,8191,0.1,779361,17,7,-1.9174858729044597,-1.855072021484375,0.06241385142008471
literal,1240,8192,8191,0.1,779361,21,7,-1.9174858729044597,-1.865463415781657,0.052022457122802734
literal,1240,8192,8191,0.1,779361,20,8,-1.9174858729044597,-2.000713348388672,-0.08322747548421217
literal,1240,8192,8191,0.1,779361,22,8,-1.9174858729044597,-1.8966814676920574,0.020804405212402344
literal,1240,8192,8191,0.1,779361,17,10,-1.9174858729044597,-2.000865618387858,-0.08337974548339822
literal,1240,8192,8191,0.1,779361,21,3,-1.9174858729044597,-1.94875701268514,-0.03127113978068019
literal,1240,8192,8191,0.1,779361,22,2,-1.9174858729044597,-1.907070477803548,0.010415395100911606
literal,1240,8192,8191,0.1,779361,20,6,-1.9174858729044597,-1.9488019943237305,-0.03131612141927076
literal,1240,8192,8191,0.1,779361,21,1,-1.9174858729044597,-1.9487620989481609,-0.03127622604370117
literal,1240,8192,8191,0.1,779361,22,0,-1.9174858729044597,-1.969586690266927,-0.0521008173624673
literal,1240,8192,8191,0.1,779361,22,5,-1.9174858729044597,-1.8133304913838704,0.10415538152058934
literal,1240,8192,8191,0.1,779361,21,0,-1.9174858729044597,-1.9799838066101074,-0.06249793370564771
literal,1240,8192,8191,0.1,779361,17,9,-1.9174858729044597,-1.9279721577962239,-0.010486284891764175
literal,1240,8192,8191,0.1,779361,22,3,-1.9174858729044597,-1.8862301508585613,0.03125572204589844
literal,1240,8192,8191,0.1,779361,17,11,-1.9174858729044597,-1.8967145284016926,0.020771344502767075
literal,1240,8192,8191,0.1,779361,22,4,-1.9174858729044597,-1.9800378481547039,-0.06255197525024414
literal,1240,8192,8191,0.1,779361,22,1,-1.9174858729044597,-1.9071102142333984,0.010375658671061272
literal,1241,8192,8192,0.1,731022,21,11,-1.9490454991658528,-2.0951876640319824,-0.14614216486612963
literal,1241,8192,8192,0.1,731022,22,7,-1.9490454991658528,-2.074216604232788,-0.1251711050669353
literal,1241,8192,8192,0.1,731022,18,3,-1.9490454991658528,-2.0950133005777993,-0.14596780141194654
literal,1241,8192,8192,0.1,731022,20,9,-1.9490454991658528,-2.0219852129618325,-0.07293971379597974
literal,1241,8192,8192,0.1,731022,17,3,-1.9490454991658528,-1.9904004732767742,-0.04135497411092137
literal,1241,8192,8192,0.1,731022,22,10,-1.9490454991658528,-2.0012216567993164,-0.052176157633463616
literal,1241,8192,8192,0.1,731022,23,4,-1.9490454991658528,-1.9907634258270264,-0.04171792666117358
literal,1241,8192,8192,0.1,731022,20,3,-1.9490454991658528,-2.01154891649882,-0.06250341733296705
literal,1241,8192,8192,0.1,731022,0,3,-1.9490454991658528,-1.9387733936309814,0.010272105534871345
literal,1241,8192,8192,0.1,731022,0,6,-1.9490454991658528,-1.9590221246083577,-0.009976625442504883
literal,1241,8192,8192,0.1,731022,0,4,-1.9490454991658528,-1.9386914571126301,0.010354042053222656
literal,1241,8192,8192,0.1,731022,0,7,-1.9490454991658528,-1.9699375629425049,-0.020892063776652092
literal,1241,8192,8192,0.1,731022,0,8,-1.9490454991658528,-1.9385103384653728,0.010535160700479995
literal,1241,8192,8192,0.1,731022,21,9,-1.9490454991658528,-1.9178509712219238,0.031194527943928962
literal,1241,8192,8192,0.1,731022,20,2,-1.9490454991658528,-1.949039061864217,6.4373016357421875e-06
literal,1241,8192,8192,0.1,731022,19,1,-1.9490454991658528,-1.9699331124623616,-0.02088761329650879
literal,1241,8192,8192,0.1,731022,20,5,-1.9490454991658528,-1.9282710552215576,0.020774443944295173
literal,1241,8192,8192,0.1,731022,0,11,-1.9490454991658528,-1.9282182852427165,0.020827213923136245
literal,1241,8192,8192,0.1,731022,0,2,-1.9490454991658528,-1.94913649559021,-9.099642435717037e-05
literal,1241,8192,8192,0.1,731022,0,10,-1.9490454991658528,-1.9173805713653564,0.031664927800496345
literal,1241,8192,8192,0.1,731022,0,0,-1.9490454991658528,-1.9283422629038494,0.020703236262003433
literal,1241,8192,8192,0.1,731022,0,1,-1.9490454991658528,-1.93876846631368,0.010277032852172852
literal,1241,8192,8192,0.1,731022,20,11,-1.9490454991658528,-1.896937370300293,0.05210812886555982
literal,1241,8192,8192,0.1,731022,0,5,-1.9490454991658528,-1.9699602921803792,-0.020914793014526367
literal,1241,8192,8192,0.1,731022,18,1,-1.9490454991658528,-1.896939992904663,0.052105506261189705
literal,1241,8192,8192,0.1,731022,23,8,-1.9490454991658528,-1.9594974517822266,-0.010451952616373772
literal,1241,8192,8192,0.1,731022,20,10,-1.9490454991658528,-1.9282066822052002,0.020838816960652595
literal,1241,8192,8192,0.1,731022,17,6,-1.9490454991658528,-1.9802733262379963,-0.031227827072143555
literal,1241,8192,8192,0.1,731022,20,0,-1.9490454991658528,-1.9177928765614827,0.03125262260437012
literal,1241,8192,8192,0.1,731022,21,4,-1.9490454991658528,-2.0115819772084556,-0.06253647804260276
literal,1241,8192,8192,0.1,731022,18,7,-1.9490454991658528,-1.9489638805389404,8.161862691236088e-05
literal,1241,8192,8192,0.1,731022,21,8,-1.9490454991658528,-1.980350414911906,-0.03130491574605321
literal,1241,8192,8192,0.1,731022,20,1,-1.9490454991658528,-1.9177463849385579,0.03129911422729492
literal,1241,8192,8192,0.1,731022,21,10,-1.9490454991658528,-1.9698460102081299,-0.020800511042277092
literal,1241,8192,8192,0.1,731022,22,6,-1.9490454991658528,-1.9491103490193684,-6.4849853515625e-05
literal,1241,8192,8192,0.1,731022,17,8,-1.9490454991658528,-1.91775647799174,0.03128902117411281
literal,1241,8192,8192,0.1,731022,20,7,-1.9490454991658528,-2.220068613688151,-0.2710231145222981
literal,1241,8192,8192,0.1,731022,21,5,-1.9490454991658528,-1.9906614621480305,-0.041615962982177734
literal,1241,8192,8192,0.1,731022,21,6,-1.9490454991658528,-1.9387032985687256,0.010342200597127205
literal,1241,8192,8192,0.1,731022,22,11,-1.9490454991658528,-1.9699194431304932,-0.020873943964640373
literal,1241,8192,8192,0.1,731022,17,2,-1.9490454991658528,-1.8972814083099365,0.05176409085591627
literal,1241,8192,8192,0.1,731022,20,4,-1.9490454991658528,-1.9282817045847576,0.02076379458109523
literal,1241,8192,8192,0.1,731022,21,2,-1.9490454991658528,-1.928194522857666,0.020850976308186775
literal,1241,8192,8192,0.1,731022,22,9,-1.9490454991658528,-1.949064016342163,-1.851717631029537e-05
literal,1241,8192,8192,0.1,731022,17,7,-1.9490454991658528,-1.907415787378947,0.041629711786905776
literal,1241,8192,8192,0.1,731022,21,7,-1.9490454991658528,-1.9282906850179036,0.02075481414794922
literal,1241,8192,8192,0.1,731022,20,8,-1.9490454991658528,-2.074005126953125,-0.12495962778727221
literal,1241,8192,8192,0.1,731022,22,8,-1.9490454991658528,-1.949128786722819,-8.328755696629386e-05
literal,1241,8192,8192,0.1,731022,17,10,-1.9490454991658528,-2.042754809061686,-0.09370930989583326
literal,1241,8192,8192,0.1,731022,21,3,-1.9490454991658528,-2.0011377334594727,-0.052092234293619866
literal,1241,8192,8192,0.1,731022,22,2,-1.9490454991658528,-1.959549109141032,-0.010503609975179184
literal,1241,8192,8192,0.1,731022,20,6,-1.9490454991658528,-1.990779956181844,-0.04173445701599121
literal,1241,8192,8192,0.1,731022,21,1,-1.9490454991658528,-2.0219101111094155,-0.07286461194356275
literal,1241,8192,8192,0.1,731022,22,0,-1.9490454991658528,-2.0428388118743896,-0.09379331270853686
literal,1241,8192,8192,0.1,731022,22,5,-1.9490454991658528,-1.8449249267578125,0.10412057240804029
literal,1241,8192,8192,0.1,731022,21,0,-1.9490454991658528,-2.032428503036499,-0.08338300387064623
literal,1241,8192,8192,0.1,731022,17,9,-1.9490454991658528,-1.9699262777964275,-0.020880778630574692
literal,1241,8192,8192,0.1,731022,22,3,-1.9490454991658528,-1.9595319430033367,-0.010486443837483872
literal,1241,8192,8192,0.1,731022,17,11,-1.9490454991658528,-1.9179508686065674,0.031094630559285408
literal,1241,8192,8192,0.1,731022,22,4,-1.9490454991658528,-2.001137097676595,-0.05209159851074241
literal,1241,8192,8192,0.1,731022,22,1,-1.9490454991658528,-1.959477186203003,-0.010431687037150139
alias,101234,8192,8192,0.1,476403,21,11,-1.9529555638631184,-2.1743481953938804,-0.22139263153076194
alias,101234,8192,8192,0.1,476403,22,7,-1.9529555638631184,-2.067915916442871,-0.11496035257975268
alias,101234,8192,8192,0.1,476403,18,3,-1.9529555638631184,-2.0502904256184897,-0.09733486175537132
alias,101234,8192,8192,0.1,476403,20,9,-1.9529555638631184,-1.9845304489135742,-0.0315748850504558
alias,101234,8192,8192,0.1,476403,17,3,-1.9529555638631184,-1.9537172317504883,-0.0007616678873698657
alias,101234,8192,8192,0.1,476403,22,10,-1.9529555638631184,-1.973981539408366,-0.021025975545247544
alias,101234,8192,8192,0.1,476403,23,4,-1.9529555638631184,-1.9946797688802083,-0.041724205017089844
alias,101234,8192,8192,0.1,476403,20,3,-1.9529555638631184,-1.99486509958903,-0.041909535725911606
alias,101234,8192,8192,0.1,476403,0,3,-1.9529555638631184,-1.9626658757527669,-0.009710311889648438
alias,101234,8192,8192,0.1,476403,0,6,-1.9529555638631184,-2.033454418182373,-0.08049885431925463
alias,101234,8192,8192,0.1,476403,0,4,-1.9529555638631184,-1.984326680501302,-0.031371116638183594
alias,101234,8192,8192,0.1,476403,0,7,-1.9529555638631184,-1.9742902119954426,-0.02133464813232422
alias,101234,8192,8192,0.1,476403,0,8,-1.9529555638631184,-1.9316781361897786,0.021277427673339844
alias,101234,8192,8192,0.1,476403,21,9,-1.9529555638631184,-1.943076769510905,0.009878794352213394
alias,101234,8192,8192,0.1,476403,20,2,-1.9529555638631184,-1.9843308130900066,-0.03137524922688817
alias,101234,8192,8192,0.1,476403,19,1,-1.9529555638631184,-1.9530808130900066,-0.00012524922688816886
alias,101234,8192,8192,0.1,476403,20,5,-1.9529555638631184,-1.9639348983764648,-0.010979334513346428
alias,101234,8192,8192,0.1,476403,0,11,-1.9529555638631184,-1.909502347310384,0.043453216552734375
alias,101234,8192,8192,0.1,476403,0,2,-1.9529555638631184,-1.952461878458659,0.0004936854044594874
alias,101234,8192,8192,0.1,476403,0,10,-1.9529555638631184,-1.992238998413086,-0.03928343454996752
alias,101234,8192,8192,0.1,476403,0,0,-1.9529555638631184,-1.9327716827392578,0.020183881123860603
alias,101234,8192,8192,0.1,476403,0,1,-1.9529555638631184,-1.9830640157063801,-0.03010845184326172
alias,101234,8192,8192,0.1,476403,20,11,-1.9529555638631184,-2.0050477981567383,-0.052092234293619866
alias,101234,8192,8192,0.1,476403,0,5,-1.9529555638631184,-1.9844099680582683,-0.03145440419514989
alias,101234,8192,8192,0.1,476403,18,1,-1.9529555638631184,-1.9739373524983723,-0.020981788635253906
alias,101234,8192,8192,0.1,476403,23,8,-1.9529555638631184,-1.9426952997843425,0.010260264078775894
alias,101234,8192,8192,0.1,476403,20,10,-1.9529555638631184,-1.974291165669759,-0.021335601806640625
alias,101234,8192,8192,0.1,476403,17,6,-1.9529555638631184,-1.9537029266357422,-0.0007473627726237719
alias,101234,8192,8192,0.1,476403,20,0,-1.9529555638631184,-1.974291483561198,-0.021335919698079575
alias,101234,8192,8192,0.1,476403,21,4,-1.9529555638631184,-1.984676678975423,-0.03172111511230469
alias,101234,8192,8192,0.1,476403,18,7,-1.9529555638631184,-1.9844547907511394,-0.03149922688802098
alias,101234,8192,8192,0.1,476403,21,8,-1.9529555638631184,-1.91143798828125,0.041517575581868416
alias,101234,8192,8192,0.1,476403,20,1,-1.9529555638631184,-2.0053367614746094,-0.05238119761149096
alias,101234,8192,8192,0.1,476403,21,10,-1.9529555638631184,-2.067568778991699,-0.1146132151285808
alias,101234,8192,8192,0.1,476403,22,6,-1.9529555638631184,-1.96381409962972,-0.010858535766601562
alias,101234,8192,8192,0.1,476403,17,8,-1.9529555638631184,-1.9634771347045898,-0.010521570841471428
alias,101234,8192,8192,0.1,476403,20,7,-1.9529555638631184,-2.1724154154459634,-0.21945985158284498
alias,101234,8192,8192,0.1,476403,21,5,-1.9529555638631184,-2.01554266611735,-0.0625871022542317
alias,101234,8192,8192,0.1,476403,21,6,-1.9529555638631184,-2.0046873092651367,-0.0517317454020183
alias,101234,8192,8192,0.1,476403,22,11,-1.9529555638631184,-1.9634904861450195,-0.010534922281901116
alias,101234,8192,8192,0.1,476403,17,2,-1.9529555638631184,-1.9738515218098958,-0.020895957946777344
alias,101234,8192,8192,0.1,476403,20,4,-1.9529555638631184,-1.943058967590332,0.009896596272786384
alias,101234,8192,8192,0.1,476403,21,2,-1.9529555638631184,-1.963499387105306,-0.0105438232421875
alias,101234,8192,8192,0.1,476403,22,9,-1.9529555638631184,-1.9430532455444336,0.009902318318684822
alias,101234,8192,8192,0.1,476403,17,7,-1.9529555638631184,-1.9118388493855794,0.04111671447753906
alias,101234,8192,8192,0.1,476403,21,7,-1.9529555638631184,-1.9634888966878254,-0.010533332824707031
alias,101234,8192,8192,0.1,476403,20,8,-1.9529555638631184,-2.056202252705892,-0.10324668884277366
alias,101234,8192,8192,0.1,476403,22,8,-1.9529555638631184,-1.953094482421875,-0.00013891855875658443
alias,101234,8192,8192,0.1,476403,17,10,-1.9529555638631184,-2.0153493881225586,-0.06239382425944018
alias,101234,8192,8192,0.1,476403,21,3,-1.9529555638631184,-2.015366872151693,-0.06241130828857444
alias,101234,8192,8192,0.1,476403,22,2,-1.9529555638631184,-1.9635035196940105,-0.010547955830892075
alias,101234,8192,8192,0.1,476403,20,6,-1.9529555638631184,-2.015897750854492,-0.06294218699137377
alias,101234,8192,8192,0.1,476403,21,1,-1.9529555638631184,-2.0263439814249673,-0.07338841756184888
alias,101234,8192,8192,0.1,476403,22,0,-1.9529555638631184,-2.0468241373697915,-0.0938685735066731
alias,101234,8192,8192,0.1,476403,22,5,-1.9529555638631184,-1.8596140543619792,0.09334150950113917
alias,101234,8192,8192,0.1,476403,21,0,-1.9529555638631184,-2.026336987813314,-0.07338142395019553
alias,101234,8192,8192,0.1,476403,17,9,-1.9529555638631184,-1.953255335489909,-0.0002997716267905126
alias,101234,8192,8192,0.1,476403,22,3,-1.9529555638631184,-1.9635318120320637,-0.010576248168945312
alias,101234,8192,8192,0.1,476403,17,11,-1.9529555638631184,-1.964522361755371,-0.011566797892252678
alias,101234,8192,8192,0.1,476403,22,4,-1.9529555638631184,-2.0361620585123696,-0.08320649464925123
alias,101234,8192,8192,0.1,476403,22,1,-1.9529555638631184,-1.9743404388427734,-0.021384874979655022
alias,101235,8192,8192,0.1,419257,21,11,-1.919932206471761,-2.1400553385416665,-0.22012313206990552
alias,101235,8192,8192,0.1,419257,22,7,-1.919932206471761,-1.9719772338867188,-0.052045027414957756
alias,101235,8192,8192,0.1,419257,18,3,-1.919932206471761,-1.9943647384643555,-0.07443253199259448
alias,101235,8192,8192,0.1,419257,20,9,-1.919932206471761,-1.9406719207763672,-0.020739714304606194
alias,101235,8192,8192,0.1,419257,17,3,-1.919932206471761,-1.9298025767008464,-0.009870370229085434
alias,101235,8192,8192,0.1,419257,22,10,-1.919932206471761,-1.9304720560709636,-0.010539849599202622
alias,101235,8192,8192,0.1,419257,23,4,-1.919932206471761,-1.95130189259847,-0.031369686126708984
alias,101235,8192,8192,0.1,419257,20,3,-1.919932206471761,-1.930138111114502,-0.01020590464274096
alias,101235,8192,8192,0.1,419257,0,3,-1.919932206471761,-1.910697301228841,0.009234905242919922
alias,101235,8192,8192,0.1,419257,0,6,-1.919932206471761,-1.9493762652079265,-0.029444058736165513
alias,101235,8192,8192,0.1,419257,0,4,-1.919932206471761,-1.9303223292032878,-0.01039012273152684
alias,101235,8192,8192,0.1,419257,0,7,-1.919932206471761,-1.9097801844278972,0.010152022043863784
alias,101235,8192,8192,0.1,419257,0,8,-1.919932206471761,-1.878008206685384,0.04192399978637695
alias,101235,8192,8192,0.1,419257,21,9,-1.919932206471761,-1.9097706476847331,0.010161558787027847
alias,101235,8192,8192,0.1,419257,20,2,-1.919932206471761,-1.9196213086446126,0.0003108978271484375
alias,101235,8192,8192,0.1,419257,19,1,-1.919932206471761,-1.9092699686686199,0.010662237803141128
alias,101235,8192,8192,0.1,419257,20,5,-1.919932206471761,-1.9095040957132976,0.010428110758463394
alias,101235,8192,8192,0.1,419257,0,11,-1.919932206471761,-1.8886841138203938,0.031248092651367188
alias,101235,8192,8192,0.1,419257,0,2,-1.919932206471761,-1.8903958002726238,0.029536406199137222
alias,101235,8192,8192,0.1,419257,0,10,-1.919932206471761,-1.9075134595235188,0.012418746948242188
alias,101235,8192,8192,0.1,419257,0,0,-1.919932206471761,-1.8785289128621419,0.04140329360961914
alias,101235,8192,8192,0.1,419257,0,1,-1.919932206471761,-1.8996933301289876,0.020238876342773438
alias,101235,8192,8192,0.1,419257,20,11,-1.919932206471761,-1.930107593536377,-0.01017538706461596
alias,101235,8192,8192,0.1,419257,0,5,-1.919932206471761,-1.899289608001709,0.02064259847005201
alias,101235,8192,8192,0.1,419257,18,1,-1.919932206471761,-1.877899964650472,0.04203224182128906
alias,101235,8192,8192,0.1,419257,23,8,-1.919932206471761,-1.9093570709228516,0.010575135548909431
alias,101235,8192,8192,0.1,419257,20,10,-1.919932206471761,-1.8987479209899902,0.02118428548177076
alias,101235,8192,8192,0.1,419257,17,6,-1.919932206471761,-1.9198557535807292,7.645289103175301e-05
alias,101235,8192,8192,0.1,419257,20,0,-1.919932206471761,-1.9095055262247722,0.010426680246988784
alias,101235,8192,8192,0.1,419257,21,4,-1.919932206471761,-1.930039405822754,-0.010107199350992913
alias,101235,8192,8192,0.1,419257,18,7,-1.919932206471761,-1.9506049156188965,-0.03067270914713549
alias,101235,8192,8192,0.1,419257,21,8,-1.919932206471761,-1.8782695134480794,0.04166269302368164
alias,101235,8192,8192,0.1,419257,20,1,-1.919932206471761,-1.9201305707295735,-0.0001983642578125
alias,101235,8192,8192,0.1,419257,21,10,-1.919932206471761,-1.9613172213236492,-0.04138501485188817
alias,101235,8192,8192,0.1,419257,22,6,-1.919932206471761,-1.9195818901062012,0.0003503163655598218
alias,101235,8192,8192,0.1,419257,17,8,-1.919932206471761,-1.9089908599853516,0.010941346486409431
alias,101235,8192,8192,0.1,419257,20,7,-1.919932206471761,-2.1492724418640137,-0.22934023539225268
alias,101235,8192,8192,0.1,419257,21,5,-1.919932206471761,-1.9717052777608235,-0.0517730712890625
alias,101235,8192,8192,0.1,419257,21,6,-1.919932206471761,-1.9402400652567546,-0.020307858784993638
alias,101235,8192,8192,0.1,419257,22,11,-1.919932206471761,-1.909510612487793,0.010421593983968025
alias,101235,8192,8192,0.1,419257,17,2,-1.919932206471761,-1.9196964899698894,0.00023571650187159676
alias,101235,8192,8192,0.1,419257,20,4,-1.919932206471761,-1.8886450131734211,0.031287193298339844
alias,101235,8192,8192,0.1,419257,21,2,-1.919932206471761,-1.898781140645345,0.021151065826416016
alias,101235,8192,8192,0.1,419257,22,9,-1.919932206471761,-1.9195839564005535,0.00034825007120753426
alias,101235,8192,8192,0.1,419257,17,7,-1.919932206471761,-1.8780016899108887,0.04193051656087232
alias,101235,8192,8192,0.1,419257,21,7,-1.919932206471761,-1.8991812070210774,0.020750999450683594
alias,101235,8192,8192,0.1,419257,20,8,-1.919932206471761,-2.0030296643575034,-0.08309745788574241
alias,101235,8192,8192,0.1,419257,22,8,-1.919932206471761,-1.9199388821919758,-6.67572021484375e-06
alias,101235,8192,8192,0.1,419257,17,10,-1.919932206471761,-1.9923473993937175,-0.07241519292195653
alias,101235,8192,8192,0.1,419257,21,3,-1.919932206471761,-1.96144437789917,-0.04151217142740893
alias,101235,8192,8192,0.1,419257,22,2,-1.919932206471761,-1.9095773696899414,0.010354836781819587
alias,101235,8192,8192,0.1,419257,20,6,-1.919932206471761,-1.971871058146159,-0.051938851674397934
alias,101235,8192,8192,0.1,419257,21,1,-1.919932206471761,-1.9511435826619465,-0.031211376190185547
alias,101235,8192,8192,0.1,419257,22,0,-1.919932206471761,-1.9926306406656902,-0.07269843419392918
alias,101235,8192,8192,0.1,419257,22,5,-1.919932206471761,-1.846962292989095,0.07296991348266602
alias,101235,8192,8192,0.1,419257,21,0,-1.919932206471761,-1.9717307090759277,-0.05179850260416674
alias,101235,8192,8192,0.1,419257,17,9,-1.919932206471761,-1.9298685391743977,-0.009936332702636719
alias,101235,8192,8192,0.1,419257,22,3,-1.919932206471761,-1.919584592183431,0.0003476142883300781
alias,101235,8192,8192,0.1,419257,17,11,-1.919932206471761,-1.8989089330037434,0.021023273468017578
alias,101235,8192,8192,0.1,419257,22,4,-1.919932206471761,-1.9824535051981609,-0.06252129872639989
alias,101235,8192,8192,0.1,419257,22,1,-1.919932206471761,-1.930370807647705,-0.010438601175944084
alias,101236,8192,8192,0.1,896301,21,11,-1.7837336858113606,-2.055691401163737,-0.27195771535237623
alias,101236,8192,8192,0.1,896301,22,7,-1.7837336858113606,-1.8778874079386394,-0.0941537221272788
alias,101236,8192,8192,0.1,896301,18,3,-1.7837336858113606,-1.836605707804362,-0.05287202199300145
alias,101236,8192,8192,0.1,896301,20,9,-1.7837336858113606,-1.7316322326660156,0.05210145314534498
alias,101236,8192,8192,0.1,896301,17,3,-1.7837336858113606,-1.7732083002726238,0.010525385538736831
alias,101236,8192,8192,0.1,896301,22,10,-1.7837336858113606,-1.8150758743286133,-0.03134218851725268
alias,101236,8192,8192,0.1,896301,23,4,-1.7837336858113606,-1.8150027592976887,-0.031269073486328125
alias,101236,8192,8192,0.1,896301,20,3,-1.7837336858113606,-1.8359305063883464,-0.052196820576985825
alias,101236,8192,8192,0.1,896301,0,3,-1.7837336858113606,-1.783831278483073,-9.759267171238761e-05
alias,101236,8192,8192,0.1,896301,0,6,-1.7837336858113606,-1.8348105748494465,-0.05107688903808594
alias,101236,8192,8192,0.1,896301,0,4,-1.7837336858113606,-1.7526273727416992,0.031106313069661384
alias,101236,8192,8192,0.1,896301,0,7,-1.7837336858113606,-1.7525415420532227,0.031192143758137947
alias,101236,8192,8192,0.1,896301,0,8,-1.7837336858113606,-1.762264569600423,0.0214691162109375
alias,101236,8192,8192,0.1,896301,21,9,-1.7837336858113606,-1.7421865463256836,0.04154713948567701
alias,101236,8192,8192,0.1,896301,20,2,-1.7837336858113606,-1.7628974914550781,0.020836194356282478
alias,101236,8192,8192,0.1,896301,19,1,-1.7837336858113606,-1.7629753748575847,0.020758310953775894
alias,101236,8192,8192,0.1,896301,20,5,-1.7837336858113606,-1.794267972310384,-0.010534286499023438
alias,101236,8192,8192,0.1,896301,0,11,-1.7837336858113606,-1.7314338684082031,0.05229981740315748
alias,101236,8192,8192,0.1,896301,0,2,-1.7837336858113606,-1.7732073465983074,0.010526339213053237
alias,101236,8192,8192,0.1,896301,0,10,-1.7837336858113606,-1.8452564875284831,-0.061522801717122544
alias,101236,8192,8192,0.1,896301,0,0,-1.7837336858113606,-1.7430330912272136,0.04070059458414699
alias,101236,8192,8192,0.1,896301,0,1,-1.7837336858113606,-1.7420056660970051,0.04172801971435547
alias,101236,8192,8192,0.1,896301,20,11,-1.7837336858113606,-1.7837931315104167,-5.944569905613761e-05
alias,101236,8192,8192,0.1,896301,0,5,-1.7837336858113606,-1.773447036743164,0.01028664906819654
alias,101236,8192,8192,0.1,896301,18,1,-1.7837336858113606,-1.7422418594360352,0.04149182637532545
alias,101236,8192,8192,0.1,896301,23,8,-1.7837336858113606,-1.773342768351237,0.01039091746012355
alias,101236,8192,8192,0.1,896301,20,10,-1.7837336858113606,-1.7839256922403972,-0.00019200642903660636
alias,101236,8192,8192,0.1,896301,17,6,-1.7837336858113606,-1.7736825942993164,0.010051091512044197
alias,101236,8192,8192,0.1,896301,20,0,-1.7837336858113606,-1.7733720143636067,0.010361671447753906
alias,101236,8192,8192,0.1,896301,21,4,-1.7837336858113606,-1.80455748240153,-0.02082379659016942
alias,101236,8192,8192,0.1,896301,18,7,-1.7837336858113606,-1.794277826944987,-0.01054414113362645
alias,101236,8192,8192,0.1,896301,21,8,-1.7837336858113606,-1.7419106165568035,0.041823069254557144
alias,101236,8192,8192,0.1,896301,20,1,-1.7837336858113606,-1.76288636525472,0.020847320556640625
alias,101236,8192,8192,0.1,896301,21,10,-1.7837336858113606,-1.8462479909261067,-0.0625143051147461
alias,101236,8192,8192,0.1,896301,22,6,-1.7837336858113606,-1.7837378184000652,-4.132588704575113e-06
alias,101236,8192,8192,0.1,896301,17,8,-1.7837336858113606,-1.7524277369181316,0.03130594889322902
alias,101236,8192,8192,0.1,896301,20,7,-1.7837336858113606,-1.9086589813232422,-0.12492529551188158
alias,101236,8192,8192,0.1,896301,21,5,-1.7837336858113606,-1.8253723780314128,-0.04163869222005223
alias,101236,8192,8192,0.1,896301,21,6,-1.7837336858113606,-1.804229736328125,-0.020496050516764397
alias,101236,8192,8192,0.1,896301,22,11,-1.7837336858113606,-1.773384730021159,0.010348955790201675
alias,101236,8192,8192,0.1,896301,17,2,-1.7837336858113606,-1.77344544728597,0.010288238525390625
alias,101236,8192,8192,0.1,896301,20,4,-1.7837336858113606,-1.7421639760335286,0.04156970977783203
alias,101236,8192,8192,0.1,896301,21,2,-1.7837336858113606,-1.7940711975097656,-0.010337511698405022
alias,101236,8192,8192,0.1,896301,22,9,-1.7837336858113606,-1.7838160196940105,-8.233388264988761e-05
alias,101236,8192,8192,0.1,896301,17,7,-1.7837336858113606,-1.742087999979655,0.04164568583170558
alias,101236,8192,8192,0.1,896301,21,7,-1.7837336858113606,-1.7629631360371907,0.020770549774169922
alias,101236,8192,8192,0.1,896301,20,8,-1.7837336858113606,-1.741850217183431,0.04188346862792969
alias,101236,8192,8192,0.1,896301,22,8,-1.7837336858113606,-1.7629607518513997,0.020772933959960938
alias,101236,8192,8192,0.1,896301,17,10,-1.7837336858113606,-1.8562860488891602,-0.07255236307779955
alias,101236,8192,8192,0.1,896301,21,3,-1.7837336858113606,-1.8252086639404297,-0.041474978129069084
alias,101236,8192,8192,0.1,896301,22,2,-1.7837336858113606,-1.762987454732259,0.020746231079101562
alias,101236,8192,8192,0.1,896301,20,6,-1.7837336858113606,-1.804456075032552,-0.020722389221191406
alias,101236,8192,8192,0.1,896301,21,1,-1.7837336858113606,-1.8253615697224934,-0.04162788391113281
alias,101236,8192,8192,0.1,896301,22,0,-1.7837336858113606,-1.856684684753418,-0.07295099894205737
alias,101236,8192,8192,0.1,896301,22,5,-1.7837336858113606,-1.7318331400553386,0.05190054575602199
alias,101236,8192,8192,0.1,896301,21,0,-1.7837336858113606,-1.8254028956095378,-0.04166920979817723
alias,101236,8192,8192,0.1,896301,17,9,-1.7837336858113606,-1.7732477188110352,0.010485967000325447
alias,101236,8192,8192,0.1,896301,22,3,-1.7837336858113606,-1.7837384541829426,-4.76837158203125e-06
alias,101236,8192,8192,0.1,896301,17,11,-1.7837336858113606,-1.7525437672932942,0.031189918518066406
alias,101236,8192,8192,0.1,896301,22,4,-1.7837336858113606,-1.8046960830688477,-0.020962397257487053
alias,101236,8192,8192,0.1,896301,22,1,-1.7837336858113606,-1.7837661107381184,-3.24249267578125e-05
alias,101237,8192,8192,0.1,847571,21,11,-1.7244116465250652,-2.0494887034098306,-0.3250770568847654
alias,101237,8192,8192,0.1,847571,22,7,-1.7244116465250652,-1.8808739980061848,-0.15646235148111964
alias,101237,8192,8192,0.1,847571,18,3,-1.7244116465250652,-1.8414424260457356,-0.11703077952067042
alias,101237,8192,8192,0.1,847571,20,9,-1.7244116465250652,-1.7253700892130535,-0.0009584426879882812
alias,101237,8192,8192,0.1,847571,17,3,-1.7244116465250652,-1.7759679158528645,-0.05155626932779933
alias,101237,8192,8192,0.1,847571,22,10,-1.7244116465250652,-1.7870362599690754,-0.06262461344401027
alias,101237,8192,8192,0.1,847571,23,4,-1.7244116465250652,-1.7452700932820637,-0.02085844675699855
alias,101237,8192,8192,0.1,847571,20,3,-1.7244116465250652,-1.807350476582845,-0.0829388300577798
alias,101237,8192,8192,0.1,847571,0,3,-1.7244116465250652,-1.7569538752237956,-0.03254222869873047
alias,101237,8192,8192,0.1,847571,0,6,-1.7244116465250652,-1.8135430018107097,-0.08913135528564453
alias,101237,8192,8192,0.1,847571,0,4,-1.7244116465250652,-1.75505797068278,-0.030646324157714844
alias,101237,8192,8192,0.1,847571,0,7,-1.7244116465250652,-1.7447754542032878,-0.020363807678222656
alias,101237,8192,8192,0.1,847571,0,8,-1.7244116465250652,-1.7537689208984375,-0.029357274373372322
alias,101237,8192,8192,0.1,847571,21,9,-1.7244116465250652,-1.734827995300293,-0.01041634877522779
alias,101237,8192,8192,0.1,847571,20,2,-1.7244116465250652,-1.755324363708496,-0.030912717183430916
alias,101237,8192,8192,0.1,847571,19,1,-1.7244116465250652,-1.7555449803670247,-0.031133333841959487
alias,101237,8192,8192,0.1,847571,20,5,-1.7244116465250652,-1.766043980916341,-0.041632334391275894
alias,101237,8192,8192,0.1,847571,0,11,-1.7244116465250652,-1.7429332733154297,-0.01852162679036451
alias,101237,8192,8192,0.1,847571,0,2,-1.7244116465250652,-1.7459497451782227,-0.021538098653157478
alias,101237,8192,8192,0.1,847571,0,10,-1.7244116465250652,-1.8243109385172527,-0.0998992919921875
alias,101237,8192,8192,0.1,847571,0,0,-1.7244116465250652,-1.7137819925944011,0.010629653930664062
alias,101237,8192,8192,0.1,847571,0,1,-1.7244116465250652,-1.7764218648274739,-0.052010218302408706
alias,101237,8192,8192,0.1,847571,20,11,-1.7244116465250652,-1.766018231709798,-0.041606585184732925
alias,101237,8192,8192,0.1,847571,0,5,-1.7244116465250652,-1.7770414352416992,-0.05262978871663404
alias,101237,8192,8192,0.1,847571,18,1,-1.7244116465250652,-1.7233937581380208,0.0010178883870444189
alias,101237,8192,8192,0.1,847571,23,8,-1.7244116465250652,-1.7447875340779622,-0.020375887552896987
alias,101237,8192,8192,0.1,847571,20,10,-1.7244116465250652,-1.7346525192260742,-0.01024087270100904
alias,101237,8192,8192,0.1,847571,17,6,-1.7244116465250652,-1.7775243123372395,-0.05311266581217433
alias,101237,8192,8192,0.1,847571,20,0,-1.7244116465250652,-1.7556463877360027,-0.0312347412109375
alias,101237,8192,8192,0.1,847571,21,4,-1.7244116465250652,-1.7660808563232422,-0.04166920979817701
alias,101237,8192,8192,0.1,847571,18,7,-1.7244116465250652,-1.7552064259847004,-0.03079477945963527
alias,101237,8192,8192,0.1,847571,21,8,-1.7244116465250652,-1.7243274052937825,8.424123128270011e-05
alias,101237,8192,8192,0.1,847571,20,1,-1.7244116465250652,-1.7554651896158855,-0.031053543090820312
alias,101237,8192,8192,0.1,847571,21,10,-1.7244116465250652,-1.8178224563598633,-0.0934108098347981
alias,101237,8192,8192,0.1,847571,22,6,-1.7244116465250652,-1.766005516052246,-0.041593869527180916
alias,101237,8192,8192,0.1,847571,17,8,-1.7244116465250652,-1.7351703643798828,-0.010758717854817634
alias,101237,8192,8192,0.1,847571,20,7,-1.7244116465250652,-1.9016262690226238,-0.1772146224975586
alias,101237,8192,8192,0.1,847571,21,5,-1.7244116465250652,-1.797132174173991,-0.07272052764892578
alias,101237,8192,8192,0.1,847571,21,6,-1.7244116465250652,-1.7652769088745117,-0.04086526234944654
alias,101237,8192,8192,0.1,847571,22,11,-1.7244116465250652,-1.724339485168457,7.216135660814693e-05
alias,101237,8192,8192,0.1,847571,17,2,-1.7244116465250652,-1.756394386291504,-0.03198273976643873
alias,101237,8192,8192,0.1,847571,20,4,-1.7244116465250652,-1.7040023803710938,0.020409266153971428
alias,101237,8192,8192,0.1,847571,21,2,-1.7244116465250652,-1.7550519307454426,-0.030640284220377456
alias,101237,8192,8192,0.1,847571,22,9,-1.7244116465250652,-1.7243277231852214,8.392333984375e-05
alias,101237,8192,8192,0.1,847571,17,7,-1.7244116465250652,-1.724448521931966,-3.687540690089364e-05
alias,101237,8192,8192,0.1,847571,21,7,-1.7244116465250652,-1.7451915740966797,-0.02077992757161451
alias,101237,8192,8192,0.1,847571,20,8,-1.7244116465250652,-1.776241938273112,-0.051830291748046875
alias,101237,8192,8192,0.1,847571,22,8,-1.7244116465250652,-1.7451718648274739,-0.020760218302408706
alias,101237,8192,8192,0.1,847571,17,10,-1.7244116465250652,-1.8168681462605794,-0.09245649973551417
alias,101237,8192,8192,0.1,847571,21,3,-1.7244116465250652,-1.7762524286905925,-0.051840782165527344
alias,101237,8192,8192,0.1,847571,22,2,-1.7244116465250652,-1.734649658203125,-0.010238011678059822
alias,101237,8192,8192,0.1,847571,20,6,-1.7244116465250652,-1.7967297236124675,-0.07231807708740234
alias,101237,8192,8192,0.1,847571,21,1,-1.7244116465250652,-1.8073053359985352,-0.08289368947346998
alias,101237,8192,8192,0.1,847571,22,0,-1.7244116465250652,-1.8180818557739258,-0.0936702092488606
alias,101237,8192,8192,0.1,847571,22,5,-1.7244116465250652,-1.703932762145996,0.020478884379069084
alias,101237,8192,8192,0.1,847571,21,0,-1.7244116465250652,-1.7867104212443035,-0.06229877471923828
alias,101237,8192,8192,0.1,847571,17,9,-1.7244116465250652,-1.7658672332763672,-0.04145558675130201
alias,101237,8192,8192,0.1,847571,22,3,-1.7244116465250652,-1.7452882130940754,-0.02087656656901027
alias,101237,8192,8192,0.1,847571,17,11,-1.7244116465250652,-1.7150061925252278,0.009405453999837388
alias,101237,8192,8192,0.1,847571,22,4,-1.7244116465250652,-1.7975711822509766,-0.07315953572591138
alias,101237,8192,8192,0.1,847571,22,1,-1.7244116465250652,-1.7452402114868164,-0.020828564961751228
alias,101238,8192,8193,0.1,223928,21,11,-1.9181777636210124,-2.12715212504069,-0.2089743614196775
alias,101238,8192,8193,0.1,223928,22,7,-1.9181777636210124,-1.8452784220377605,0.07289934158325195
alias,101238,8192,8193,0.1,223928,18,3,-1.9181777636210124,-1.9820278485616047,-0.0638500849405923
alias,101238,8192,8193,0.1,223928,20,9,-1.9181777636210124,-1.897239367167155,0.020938396453857422
alias,101238,8192,8193,0.1,223928,17,3,-1.9181777636210124,-1.8562200864156086,0.061957677205403794
alias,101238,8192,8193,0.1,223928,22,10,-1.9181777636210124,-1.9390201568603516,-0.02084239323933912
alias,101238,8192,8193,0.1,223928,23,4,-1.9181777636210124,-1.9183478355407715,-0.00017007191975904057
alias,101238,8192,8193,0.1,223928,20,3,-1.9181777636210124,-1.9183642069498699,-0.00018644332885742188
alias,101238,8192,8193,0.1,223928,0,3,-1.9181777636210124,-1.928679625193278,-0.010501861572265625
alias,101238,8192,8193,0.1,223928,0,6,-1.9181777636210124,-2.0134572982788086,-0.09527953465779615
alias,101238,8192,8193,0.1,223928,0,4,-1.9181777636210124,-1.9184128443400066,-0.00023508071899414062
alias,101238,8192,8193,0.1,223928,0,7,-1.9181777636210124,-1.8970925013224285,0.021085262298583984
alias,101238,8192,8193,0.1,223928,0,8,-1.9181777636210124,-1.9176788330078125,0.0004989306131999438
alias,101238,8192,8193,0.1,223928,21,9,-1.9181777636210124,-1.8454658190409343,0.07271194458007812
alias,101238,8192,8193,0.1,223928,20,2,-1.9181777636210124,-1.897222359975179,0.02095540364583348
alias,101238,8192,8193,0.1,223928,19,1,-1.9181777636210124,-1.897519588470459,0.02065817515055346
alias,101238,8192,8193,0.1,223928,20,5,-1.9181777636210124,-1.8972498575846355,0.020927906036376953
alias,101238,8192,8193,0.1,223928,0,11,-1.9181777636210124,-1.8969677289326985,0.02121003468831395
alias,101238,8192,8193,0.1,223928,0,2,-1.9181777636210124,-1.9389511744181316,-0.02077341079711914
alias,101238,8192,8193,0.1,223928,0,10,-1.9181777636210124,-1.939665158589681,-0.021487394968668472
alias,101238,8192,8193,0.1,223928,0,0,-1.9181777636210124,-1.8871248563130696,0.031052907307942856
alias,101238,8192,8193,0.1,223928,0,1,-1.9181777636210124,-1.8973623911539714,0.020815372467041016
alias,101238,8192,8193,0.1,223928,20,11,-1.9181777636210124,-1.8975094159444172,0.0206683476765952
alias,101238,8192,8193,0.1,223928,0,5,-1.9181777636210124,-1.9178566932678223,0.0003210703531901782
alias,101238,8192,8193,0.1,223928,18,1,-1.9181777636210124,-1.8657471338907878,0.05243062973022461
alias,101238,8192,8193,0.1,223928,23,8,-1.9181777636210124,-1.886922041575114,0.03125572204589844
alias,101238,8192,8193,0.1,223928,20,10,-1.9181777636210124,-1.8973461786905925,0.020831584930419922
alias,101238,8192,8193,0.1,223928,17,6,-1.9181777636210124,-1.9286317825317383,-0.010454018910725837
alias,101238,8192,8193,0.1,223928,20,0,-1.9181777636210124,-1.9180604616800945,0.00011730194091796875
alias,101238,8192,8193,0.1,223928,21,4,-1.9181777636210124,-1.9181958834330242,-1.811981201171875e-05
alias,101238,8192,8193,0.1,223928,18,7,-1.9181777636210124,-1.9180224736531575,0.00015528996785496574
alias,101238,8192,8193,0.1,223928,21,8,-1.9181777636210124,-1.8558603922526042,0.0623173713684082
alias,101238,8192,8193,0.1,223928,20,1,-1.9181777636210124,-1.8972274462382,0.0209503173828125
alias,101238,8192,8193,0.1,223928,21,10,-1.9181777636210124,-1.9597198168436687,-0.04154205322265625
alias,101238,8192,8193,0.1,223928,22,6,-1.9181777636210124,-1.8973561922709148,0.020821571350097656
alias,101238,8192,8193,0.1,223928,17,8,-1.9181777636210124,-1.8871157964070637,0.031061967213948716
alias,101238,8192,8193,0.1,223928,20,7,-1.9181777636210124,-2.0756754875183105,-0.1574977238972981
alias,101238,8192,8193,0.1,223928,21,5,-1.9181777636210124,-1.9390182495117188,-0.020840485890706306
alias,101238,8192,8193,0.1,223928,21,6,-1.9181777636210124,-1.9387720425923665,-0.02059427897135402
alias,101238,8192,8193,0.1,223928,22,11,-1.9181777636210124,-1.897344430287679,0.02083333333333348
alias,101238,8192,8193,0.1,223928,17,2,-1.9181777636210124,-1.8874972661336262,0.030680497487386216
alias,101238,8192,8193,0.1,223928,20,4,-1.9181777636210124,-1.876852035522461,0.041325728098551506
alias,101238,8192,8193,0.1,223928,21,2,-1.9181777636210124,-1.8870816230773926,0.031096140543619866
alias,101238,8192,8193,0.1,223928,22,9,-1.9181777636210124,-1.8869380950927734,0.031239668528239006
alias,101238,8192,8193,0.1,223928,17,7,-1.9181777636210124,-1.8659927050272624,0.05218505859375
alias,101238,8192,8193,0.1,223928,21,7,-1.9181777636210124,-1.8973406155904133,0.020837148030599106
alias,101238,8192,8193,0.1,223928,20,8,-1.9181777636210124,-1.9805684089660645,-0.06239064534505201
alias,101238,8192,8193,0.1,223928,22,8,-1.9181777636210124,-1.8973463376363118,0.02083142598470067
alias,101238,8192,8193,0.1,223928,17,10,-1.9181777636210124,-1.959818998972575,-0.0416412353515625
alias,101238,8192,8193,0.1,223928,21,3,-1.9181777636210124,-1.9286030133565266,-0.010425249735514175
alias,101238,8192,8193,0.1,223928,22,2,-1.9181777636210124,-1.8975229263305664,0.020654837290446038
alias,101238,8192,8193,0.1,223928,20,6,-1.9181777636210124,-1.949477195739746,-0.03129943211873365
alias,101238,8192,8193,0.1,223928,21,1,-1.9181777636210124,-1.9183489481608074,-0.00017118453979492188
alias,101238,8192,8193,0.1,223928,22,0,-1.9181777636210124,-1.9702882766723633,-0.05211051305135084
alias,101238,8192,8193,0.1,223928,22,5,-1.9181777636210124,-1.8141773541768391,0.10400040944417333
alias,101238,8192,8193,0.1,223928,21,0,-1.9181777636210124,-1.9598698616027832,-0.04169209798177076
alias,101238,8192,8193,0.1,223928,17,9,-1.9181777636210124,-1.8975256284077961,0.020652135213216294
alias,101238,8192,8193,0.1,223928,22,3,-1.9181777636210124,-1.8765158653259277,0.04166189829508471
alias,101238,8192,8193,0.1,223928,17,11,-1.9181777636210124,-1.855711301167806,0.06246646245320653
alias,101238,8192,8193,0.1,223928,22,4,-1.9181777636210124,-2.0015276273091636,-0.08334986368815112
alias,101238,8192,8193,0.1,223928,22,1,-1.9181777636210124,-1.9079394340515137,0.010238329569498772
alias,101239,8192,8192,0.1,548522,21,11,-1.8470934232076008,-1.9004755020141602,-0.05338207880655932
alias,101239,8192,8192,0.1,548522,22,7,-1.8470934232076008,-1.8679798444112141,-0.02088642120361328
alias,101239,8192,8192,0.1,548522,18,3,-1.8470934232076008,-1.9530941645304363,-0.10600074132283543
alias,101239,8192,8192,0.1,548522,20,9,-1.8470934232076008,-1.8995752334594727,-0.05248181025187182
alias,101239,8192,8192,0.1,548522,17,3,-1.8470934232076008,-1.8257617950439453,0.021331628163655525
alias,101239,8192,8192,0.1,548522,22,10,-1.8470934232076008,-1.8369169235229492,0.010176499684651619
alias,101239,8192,8192,0.1,548522,23,4,-1.8470934232076008,-1.867813269297282,-0.020719846089681138
alias,101239,8192,8192,0.1,548522,20,3,-1.8470934232076008,-1.8577429453531902,-0.01064952214558934
alias,101239,8192,8192,0.1,548522,0,3,-1.8470934232076008,-1.8267475763956706,0.02034584681193019
alias,101239,8192,8192,0.1,548522,0,6,-1.8470934232076008,-1.9278270403544109,-0.08073361714681004
alias,101239,8192,8192,0.1,548522,0,4,-1.8470934232076008,-1.8367940584818523,0.01029936472574855
alias,101239,8192,8192,0.1,548522,0,7,-1.8470934232076008,-1.8364847501118977,0.010608673095703125
alias,101239,8192,8192,0.1,548522,0,8,-1.8470934232076008,-1.825515588124593,0.021577835083007812
alias,101239,8192,8192,0.1,548522,21,9,-1.8470934232076008,-1.816420555114746,0.030672868092854744
alias,101239,8192,8192,0.1,548522,20,2,-1.8470934232076008,-1.8158823649088542,0.031211058298746597
alias,101239,8192,8192,0.1,548522,19,1,-1.8470934232076008,-1.8368822733561199,0.010211149851480972
alias,101239,8192,8192,0.1,548522,20,5,-1.8470934232076008,-1.878648281097412,-0.03155485788981127
alias,101239,8192,8192,0.1,548522,0,11,-1.8470934232076008,-1.7941293716430664,0.05296405156453443
alias,101239,8192,8192,0.1,548522,0,2,-1.8470934232076008,-1.8369026184082031,0.010190804799397712
alias,101239,8192,8192,0.1,548522,0,10,-1.8470934232076008,-1.917665958404541,-0.07057253519694018
alias,101239,8192,8192,0.1,548522,0,0,-1.8470934232076008,-1.8155148824055989,0.03157854080200195
alias,101239,8192,8192,0.1,548522,0,1,-1.8470934232076008,-1.8150453567504883,0.032048066457112556
alias,101239,8192,8192,0.1,548522,20,11,-1.8470934232076008,-1.8787555694580078,-0.031662146250406975
alias,101239,8192,8192,0.1,548522,0,5,-1.8470934232076008,-1.8365971247355144,0.01049629847208644
alias,101239,8192,8192,0.1,548522,18,1,-1.8470934232076008,-1.8052161534627278,0.04187726974487305
alias,101239,8192,8192,0.1,548522,23,8,-1.8470934232076008,-1.8365434010823567,0.01055002212524414
alias,101239,8192,8192,0.1,548522,20,10,-1.8470934232076008,-1.8473567962646484,-0.00026337305704760006
alias,101239,8192,8192,0.1,548522,17,6,-1.8470934232076008,-1.8373352686564128,0.009758154551188003
alias,101239,8192,8192,0.1,548522,20,0,-1.8470934232076008,-1.8158404032389324,0.03125301996866847
alias,101239,8192,8192,0.1,548522,21,4,-1.8470934232076008,-1.847378412882487,-0.00028498967488621574
alias,101239,8192,8192,0.1,548522,18,7,-1.8470934232076008,-1.826232115427653,0.02086130777994777
alias,101239,8192,8192,0.1,548522,21,8,-1.8470934232076008,-1.826538880666097,0.020554542541503906
alias,101239,8192,8192,0.1,548522,20,1,-1.8470934232076008,-1.8784197171529133,-0.0313262939453125
alias,101239,8192,8192,0.1,548522,21,10,-1.8470934232076008,-1.888697624206543,-0.04160420099894213
alias,101239,8192,8192,0.1,548522,22,6,-1.8470934232076008,-1.8264214197794597,0.020672003428141128
alias,101239,8192,8192,0.1,548522,17,8,-1.8470934232076008,-1.8263134956359863,0.02077992757161451
alias,101239,8192,8192,0.1,548522,20,7,-1.8470934232076008,-1.9513104756673176,-0.1042170524597168
alias,101239,8192,8192,0.1,548522,21,5,-1.8470934232076008,-1.8786048889160156,-0.03151146570841479
alias,101239,8192,8192,0.1,548522,21,6,-1.8470934232076008,-1.8678310712178547,-0.020737648010253906
alias,101239,8192,8192,0.1,548522,22,11,-1.8470934232076008,-1.8263373374938965,0.020756085713704353
alias,101239,8192,8192,0.1,548522,17,2,-1.8470934232076008,-1.7960627873738606,0.051030635833740234
alias,101239,8192,8192,0.1,548522,20,4,-1.8470934232076008,-1.8056834538777669,0.041409969329833984
alias,101239,8192,8192,0.1,548522,21,2,-1.8470934232076008,-1.8264557520548503,0.020637671152750503
alias,101239,8192,8192,0.1,548522,22,9,-1.8470934232076008,-1.8262597719828289,0.020833651224771987
alias,101239,8192,8192,0.1,548522,17,7,-1.8470934232076008,-1.7949334780375164,0.05215994517008449
alias,101239,8192,8192,0.1,548522,21,7,-1.8470934232076008,-1.8369488716125488,0.01014455159505201
alias,101239,8192,8192,0.1,548522,20,8,-1.8470934232076008,-1.9305836359659831,-0.08349021275838231
alias,101239,8192,8192,0.1,548522,22,8,-1.8470934232076008,-1.8261483510335286,0.020945072174072266
alias,101239,8192,8192,0.1,548522,17,10,-1.8470934232076008,-1.898728370666504,-0.05163494745890307
alias,101239,8192,8192,0.1,548522,21,3,-1.8470934232076008,-1.8678736686706543,-0.02078024546305346
alias,101239,8192,8192,0.1,548522,22,2,-1.8470934232076008,-1.8470471700032551,4.6253204345703125e-05
alias,101239,8192,8192,0.1,548522,20,6,-1.8470934232076008,-1.8785037994384766,-0.031410376230875725
alias,101239,8192,8192,0.1,548522,21,1,-1.8470934232076008,-1.857792059580485,-0.010698636372884263
alias,101239,8192,8192,0.1,548522,22,0,-1.8470934232076008,-1.8577136993408203,-0.010620276133219475
alias,101239,8192,8192,0.1,548522,22,5,-1.8470934232076008,-1.8162755966186523,0.030817826588948494
alias,101239,8192,8192,0.1,548522,21,0,-1.8470934232076008,-1.8889727592468262,-0.041879336039225334
alias,101239,8192,8192,0.1,548522,17,9,-1.8470934232076008,-1.8470090230305989,8.440017700195312e-05
alias,101239,8192,8192,0.1,548522,22,3,-1.8470934232076008,-1.8159165382385254,0.031176884969075447
alias,101239,8192,8192,0.1,548522,17,11,-1.8470934232076008,-1.816329797108968,0.030763626098632812
alias,101239,8192,8192,0.1,548522,22,4,-1.8470934232076008,-1.8888169924418132,-0.04172356923421239
alias,101239,8192,8192,0.1,548522,22,1,-1.8470934232076008,-1.8366189002990723,0.010474522908528572
alias,101240,8192,8192,0.1,890717,21,11,-1.8134337266286213,-2.0846873919169107,-0.2712536652882893
alias,101240,8192,8192,0.1,890717,22,7,-1.8134337266286213,-1.8759978612263997,-0.06256413459777832
alias,101240,8192,8192,0.1,890717,18,3,-1.8134337266286213,-1.896982987721761,-0.08354926109313965
alias,101240,8192,8192,0.1,890717,20,9,-1.8134337266286213,-1.7718123594919841,0.04162136713663722
alias,101240,8192,8192,0.1,890717,17,3,-1.8134337266286213,-1.823874791463216,-0.010441064834594727
alias,101240,8192,8192,0.1,890717,22,10,-1.8134337266286213,-1.82387113571167,-0.010437409083048577
alias,101240,8192,8192,0.1,890717,23,4,-1.8134337266286213,-1.8446795145670574,-0.03124578793843602
alias,101240,8192,8192,0.1,890717,20,3,-1.8134337266286213,-1.8654975891113281,-0.05206386248270678
alias,101240,8192,8192,0.1,890717,0,3,-1.8134337266286213,-1.8030455907185872,0.01038813591003418
alias,101240,8192,8192,0.1,890717,0,6,-1.8134337266286213,-1.8754793008168538,-0.06204557418823242
alias,101240,8192,8192,0.1,890717,0,4,-1.8134337266286213,-1.7926812966664631,0.020752429962158203
alias,101240,8192,8192,0.1,890717,0,7,-1.8134337266286213,-1.7925548553466797,0.020878871281941658
alias,101240,8192,8192,0.1,890717,0,8,-1.8134337266286213,-1.7820257345835369,0.03140799204508449
alias,101240,8192,8192,0.1,890717,21,9,-1.8134337266286213,-1.7926489512125652,0.020784775416056167
alias,101240,8192,8192,0.1,890717,20,2,-1.8134337266286213,-1.792554457982381,0.020879268646240234
alias,101240,8192,8192,0.1,890717,19,1,-1.8134337266286213,-1.8133970101674397,3.6716461181640625e-05
alias,101240,8192,8192,0.1,890717,20,5,-1.8134337266286213,-1.8134667873382568,-3.306070963549068e-05
alias,101240,8192,8192,0.1,890717,0,11,-1.8134337266286213,-1.7821531295776367,0.031280597050984627
alias,101240,8192,8192,0.1,890717,0,2,-1.8134337266286213,-1.8134508927663167,-1.71661376953125e-05
alias,101240,8192,8192,0.1,890717,0,10,-1.8134337266286213,-1.8652288913726807,-0.05179516474405932
alias,101240,8192,8192,0.1,890717,0,0,-1.8134337266286213,-1.7928649584452312,0.02056876818339015
alias,101240,8192,8192,0.1,890717,0,1,-1.8134337266286213,-1.8030388355255127,0.01039489110310865
alias,101240,8192,8192,0.1,890717,20,11,-1.8134337266286213,-1.8238461017608643,-0.010412375132242913
alias,101240,8192,8192,0.1,890717,0,5,-1.8134337266286213,-1.7925602595011394,0.02087346712748195
alias,101240,8192,8192,0.1,890717,18,1,-1.8134337266286213,-1.7925639947255452,0.020869731903076172
alias,101240,8192,8192,0.1,890717,23,8,-1.8134337266286213,-1.7926006317138672,0.020833094914754158
alias,101240,8192,8192,0.1,890717,20,10,-1.8134337266286213,-1.8030314445495605,0.010402282079060798
alias,101240,8192,8192,0.1,890717,17,6,-1.8134337266286213,-1.8030731678009033,0.010360558827718025
alias,101240,8192,8192,0.1,890717,20,0,-1.8134337266286213,-1.8134454886118572,-1.1761983235825113e-05
alias,101240,8192,8192,0.1,890717,21,4,-1.8134337266286213,-1.8342244625091553,-0.020790735880533928
alias,101240,8192,8192,0.1,890717,18,7,-1.8134337266286213,-1.8342329661051433,-0.020799239476521958
alias,101240,8192,8192,0.1,890717,21,8,-1.8134337266286213,-1.7509751319885254,0.062458594640095955
alias,101240,8192,8192,0.1,890717,20,1,-1.8134337266286213,-1.8238313992818196,-0.010397672653198242
alias,101240,8192,8192,0.1,890717,21,10,-1.8134337266286213,-1.8655462265014648,-0.0521124998728435
alias,101240,8192,8192,0.1,890717,22,6,-1.8134337266286213,-1.8134196599324544,1.4066696166992188e-05
alias,101240,8192,8192,0.1,890717,17,8,-1.8134337266286213,-1.7926138242085774,0.020819902420043945
alias,101240,8192,8192,0.1,890717,20,7,-1.8134337266286213,-1.917566458384196,-0.10413273175557469
alias,101240,8192,8192,0.1,890717,21,5,-1.8134337266286213,-1.8550676504770915,-0.0416339238484702
alias,101240,8192,8192,0.1,890717,21,6,-1.8134337266286213,-1.8446238040924072,-0.03119007746378588
alias,101240,8192,8192,0.1,890717,22,11,-1.8134337266286213,-1.7925995190938313,0.02083420753479004
alias,101240,8192,8192,0.1,890717,17,2,-1.8134337266286213,-1.8032215436299641,0.010212182998657227
alias,101240,8192,8192,0.1,890717,20,4,-1.8134337266286213,-1.7613623936971028,0.052071332931518555
alias,101240,8192,8192,0.1,890717,21,2,-1.8134337266286213,-1.8237992127736409,-0.010365486145019531
alias,101240,8192,8192,0.1,890717,22,9,-1.8134337266286213,-1.834304968516032,-0.02087124188741063
alias,101240,8192,8192,0.1,890717,17,7,-1.8134337266286213,-1.7509182294209797,0.0625154972076416
alias,101240,8192,8192,0.1,890717,21,7,-1.8134337266286213,-1.8238506317138672,-0.010416905085245842
alias,101240,8192,8192,0.1,890717,20,8,-1.8134337266286213,-1.7717256546020508,0.041708072026570564
alias,101240,8192,8192,0.1,890717,22,8,-1.8134337266286213,-1.7925890286763508,0.020844697952270508
alias,101240,8192,8192,0.1,890717,17,10,-1.8134337266286213,-1.8966671625773113,-0.08323343594868993
alias,101240,8192,8192,0.1,890717,21,3,-1.8134337266286213,-1.8550817171732585,-0.04164799054463719
alias,101240,8192,8192,0.1,890717,22,2,-1.8134337266286213,-1.8029790719350178,0.010454654693603516
alias,101240,8192,8192,0.1,890717,20,6,-1.8134337266286213,-1.8238763809204102,-0.010442654291788811
alias,101240,8192,8192,0.1,890717,21,1,-1.8134337266286213,-1.875912348429362,-0.06247862180074071
alias,101240,8192,8192,0.1,890717,22,0,-1.8134337266286213,-1.8759296735127766,-0.06249594688415527
alias,101240,8192,8192,0.1,890717,22,5,-1.8134337266286213,-1.7509787877400715,0.062454938888549805
alias,101240,8192,8192,0.1,890717,21,0,-1.8134337266286213,-1.8550785382588704,-0.04164481163024902
alias,101240,8192,8192,0.1,890717,17,9,-1.8134337266286213,-1.792593002319336,0.020840724309285408
alias,101240,8192,8192,0.1,890717,22,3,-1.8134337266286213,-1.8030137221018474,0.01042000452677394
alias,101240,8192,8192,0.1,890717,17,11,-1.8134337266286213,-1.8030009269714355,0.010432799657185798
alias,101240,8192,8192,0.1,890717,22,4,-1.8134337266286213,-1.8550693988800049,-0.04163567225138354
alias,101240,8192,8192,0.1,890717,22,1,-1.8134337266286213,-1.8029824097951253,0.010451316833496094
alias,101241,8192,8192,0.1,184514,21,11,-1.8434791564941406,-1.8954070409138997,-0.05192788441975904
alias,101241,8192,8192,0.1,184514,22,7,-1.8434791564941406,-1.8983640670776367,-0.054884910583496094
alias,101241,8192,8192,0.1,184514,18,3,-1.8434791564941406,-1.9377047220865886,-0.09422556559244799
alias,101241,8192,8192,0.1,184514,20,9,-1.8434791564941406,-1.8918816248575847,-0.048402468363444084
alias,101241,8192,8192,0.1,184514,17,3,-1.8434791564941406,-1.8776826858520508,-0.034203529357910156
alias,101241,8192,8192,0.1,184514,22,10,-1.8434791564941406,-1.8458925882975261,-0.0024134318033854907
alias,101241,8192,8192,0.1,184514,23,4,-1.8434791564941406,-1.8851381937662761,-0.04165903727213549
alias,101241,8192,8192,0.1,184514,20,3,-1.8434791564941406,-1.879952112833659,-0.0364729563395183
alias,101241,8192,8192,0.1,184514,0,3,-1.8434791564941406,-1.8651316960652669,-0.021652539571126228
alias,101241,8192,8192,0.1,184514,0,6,-1.8434791564941406,-1.8826335271199544,-0.03915437062581373
alias,101241,8192,8192,0.1,184514,0,4,-1.8434791564941406,-1.858289400736491,-0.014810244242350334
alias,101241,8192,8192,0.1,184514,0,7,-1.8434791564941406,-1.872769037882487,-0.029289881388346428
alias,101241,8192,8192,0.1,184514,0,8,-1.8434791564941406,-1.8602298100789387,-0.016750653584798103
alias,101241,8192,8192,0.1,184514,21,9,-1.8434791564941406,-1.8125756581624348,0.030903498331705803
alias,101241,8192,8192,0.1,184514,20,2,-1.8434791564941406,-1.841530164082845,0.001948992411295647
alias,101241,8192,8192,0.1,184514,19,1,-1.8434791564941406,-1.8355073928833008,0.007971763610839844
alias,101241,8192,8192,0.1,184514,20,5,-1.8434791564941406,-1.8334051767985027,0.010073979695637947
alias,101241,8192,8192,0.1,184514,0,11,-1.8434791564941406,-1.8256171544392903,0.017862002054850334
alias,101241,8192,8192,0.1,184514,0,2,-1.8434791564941406,-1.8590866724650066,-0.01560751597086596
alias,101241,8192,8192,0.1,184514,0,10,-1.8434791564941406,-1.9033740361531575,-0.05989487965901685
alias,101241,8192,8192,0.1,184514,0,0,-1.8434791564941406,-1.8275623321533203,0.015916824340820312
alias,101241,8192,8192,0.1,184514,0,1,-1.8434791564941406,-1.846047083536784,-0.002567927042643303
alias,101241,8192,8192,0.1,184514,20,11,-1.8434791564941406,-1.8644603093465169,-0.020981152852376228
alias,101241,8192,8192,0.1,184514,0,5,-1.8434791564941406,-1.858925183614095,-0.015446027119954353
alias,101241,8192,8192,0.1,184514,18,1,-1.8434791564941406,-1.8226257960001628,0.02085336049397779
alias,101241,8192,8192,0.1,184514,23,8,-1.8434791564941406,-1.8459266026814778,-0.0024474461873371656
alias,101241,8192,8192,0.1,184514,20,10,-1.8434791564941406,-1.8356246948242188,0.007854461669921875
alias,101241,8192,8192,0.1,184514,17,6,-1.8434791564941406,-1.8749955495198567,-0.03151639302571607
alias,101241,8192,8192,0.1,184514,20,0,-1.8434791564941406,-1.8646478652954102,-0.02116870880126953
alias,101241,8192,8192,0.1,184514,21,4,-1.8434791564941406,-1.8771677017211914,-0.03368854522705078
alias,101241,8192,8192,0.1,184514,18,7,-1.8434791564941406,-1.8588972091674805,-0.015418052673339844
alias,101241,8192,8192,0.1,184514,21,8,-1.8434791564941406,-1.8250980377197266,0.018381118774414062
alias,101241,8192,8192,0.1,184514,20,1,-1.8434791564941406,-1.8309415181477864,0.01253763834635424
alias,101241,8192,8192,0.1,184514,21,10,-1.8434791564941406,-1.9003979365030925,-0.0569187800089519
alias,101241,8192,8192,0.1,184514,22,6,-1.8434791564941406,-1.8539177576700847,-0.010438601175944084
alias,101241,8192,8192,0.1,184514,17,8,-1.8434791564941406,-1.848695437113444,-0.005216280619303459
alias,101241,8192,8192,0.1,184514,20,7,-1.8434791564941406,-1.9593098958333333,-0.11583073933919263
alias,101241,8192,8192,0.1,184514,21,5,-1.8434791564941406,-1.9059740702311199,-0.06249491373697924
alias,101241,8192,8192,0.1,184514,21,6,-1.8434791564941406,-1.8850431442260742,-0.041563987731933594
alias,101241,8192,8192,0.1,184514,22,11,-1.8434791564941406,-1.8459081649780273,-0.0024290084838867188
alias,101241,8192,8192,0.1,184514,17,2,-1.8434791564941406,-1.8419663111368816,0.0015128453572590406
alias,101241,8192,8192,0.1,184514,20,4,-1.8434791564941406,-1.835649808247884,0.007829348246256584
alias,101241,8192,8192,0.1,184514,21,2,-1.8434791564941406,-1.8693348566691081,-0.025855700174967522
alias,101241,8192,8192,0.1,184514,22,9,-1.8434791564941406,-1.8539937337239583,-0.010514577229817634
alias,101241,8192,8192,0.1,184514,17,7,-1.8434791564941406,-1.8042675654093425,0.0392115910847981
alias,101241,8192,8192,0.1,184514,21,7,-1.8434791564941406,-1.8354930877685547,0.007986068725585938
alias,101241,8192,8192,0.1,184514,20,8,-1.8434791564941406,-1.9510215123494465,-0.10754235585530592
alias,101241,8192,8192,0.1,184514,22,8,-1.8434791564941406,-1.8332408269246419,0.010238329569498772
alias,101241,8192,8192,0.1,184514,17,10,-1.8434791564941406,-1.921422004699707,-0.0779428482055664
alias,101241,8192,8192,0.1,184514,21,3,-1.8434791564941406,-1.8979632059733074,-0.05448404947916674
alias,101241,8192,8192,0.1,184514,22,2,-1.8434791564941406,-1.8667627970377605,-0.023283640543619866
alias,101241,8192,8192,0.1,184514,20,6,-1.8434791564941406,-1.8980239232381184,-0.05454476674397779
alias,101241,8192,8192,0.1,184514,21,1,-1.8434791564941406,-1.9007542928059895,-0.057275136311848884
alias,101241,8192,8192,0.1,184514,22,0,-1.8434791564941406,-1.908429781595866,-0.06495062510172533
alias,101241,8192,8192,0.1,184514,22,5,-1.8434791564941406,-1.7602373758951824,0.08324178059895826
alias,101241,8192,8192,0.1,184514,21,0,-1.8434791564941406,-1.8978036244710286,-0.05432446797688795
alias,101241,8192,8192,0.1,184514,17,9,-1.8434791564941406,-1.8644564946492512,-0.020977338155110603
alias,101241,8192,8192,0.1,184514,22,3,-1.8434791564941406,-1.8459469477335613,-0.002467791239420647
alias,101241,8192,8192,0.1,184514,17,11,-1.8434791564941406,-1.83306090037028,0.010418256123860603
alias,101241,8192,8192,0.1,184514,22,4,-1.8434791564941406,-1.8954623540242512,-0.0519831975301106
alias,101241,8192,8192,0.1,184514,22,1,-1.8434791564941406,-1.864392598470052,-0.020913441975911384
paraphrase,201234,8192,8192,0.1,193786,21,11,-2.250237226486206,-2.2399149338404336,0.010322292645772446
paraphrase,201234,8192,8192,0.1,193786,22,7,-2.250237226486206,-2.333573857943217,-0.08333663145701076
paraphrase,201234,8192,8192,0.1,193786,18,3,-2.250237226486206,-2.312753200531006,-0.0625159740447998
paraphrase,201234,8192,8192,0.1,193786,20,9,-2.250237226486206,-2.3648131688435874,-0.11457594235738133
paraphrase,201234,8192,8192,0.1,193786,17,3,-2.250237226486206,-2.3752353191375732,-0.12499809265136719
paraphrase,201234,8192,8192,0.1,193786,22,10,-2.250237226486206,-2.239806334177653,0.010430892308553208
paraphrase,201234,8192,8192,0.1,193786,23,4,-2.250237226486206,-2.28147029876709,-0.03123307228088379
paraphrase,201234,8192,8192,0.1,193786,20,3,-2.250237226486206,-2.25024143854777,-4.2120615639795744e-06
paraphrase,201234,8192,8192,0.1,193786,0,3,-2.250237226486206,-2.2398218711217246,0.01041535536448146
paraphrase,201234,8192,8192,0.1,193786,0,6,-2.250237226486206,-2.1876416206359863,0.06259560585021973
paraphrase,201234,8192,8192,0.1,193786,0,4,-2.250237226486206,-2.2085517247517905,0.04168550173441554
paraphrase,201234,8192,8192,0.1,193786,0,7,-2.250237226486206,-2.218986392021179,0.031250834465026855
paraphrase,201234,8192,8192,0.1,193786,0,8,-2.250237226486206,-2.208584745724996,0.041652480761209976
paraphrase,201234,8192,8192,0.1,193786,21,9,-2.250237226486206,-2.187738021214803,0.06249920527140285
paraphrase,201234,8192,8192,0.1,193786,20,2,-2.250237226486206,-2.2606376012166343,-0.010400374730428208
paraphrase,201234,8192,8192,0.1,193786,19,1,-2.250237226486206,-2.2189793984095254,0.03125782807668065
paraphrase,201234,8192,8192,0.1,193786,20,5,-2.250237226486206,-2.2502392530441284,-2.0265579223632812e-06
paraphrase,201234,8192,8192,0.1,193786,0,11,-2.250237226486206,-2.19815723101298,0.05207999547322606
paraphrase,201234,8192,8192,0.1,193786,0,2,-2.250237226486206,-2.2189817428588867,0.031255483627319336
paraphrase,201234,8192,8192,0.1,193786,0,10,-2.250237226486206,-2.145975867907206,0.10426135857899999
paraphrase,201234,8192,8192,0.1,193786,0,0,-2.250237226486206,-2.1981480916341147,0.05208913485209132
paraphrase,201234,8192,8192,0.1,193786,0,1,-2.250237226486206,-2.2398213942845664,0.010415832201639663
paraphrase,201234,8192,8192,0.1,193786,20,11,-2.250237226486206,-2.2189842462539673,0.03125298023223877
paraphrase,201234,8192,8192,0.1,193786,0,5,-2.250237226486206,-2.2189738750457764,0.03126335144042969
paraphrase,201234,8192,8192,0.1,193786,18,1,-2.250237226486206,-2.135660926500956,0.11457629998524999
paraphrase,201234,8192,8192,0.1,193786,23,8,-2.250237226486206,-2.239818811416626,0.010418415069580078
paraphrase,201234,8192,8192,0.1,193786,20,10,-2.250237226486206,-2.2502328952153525,4.331270853530356e-06
paraphrase,201234,8192,8192,0.1,193786,17,6,-2.250237226486206,-2.26067324479421,-0.010436018308003892
paraphrase,201234,8192,8192,0.1,193786,20,0,-2.250237226486206,-2.2293961445490518,0.020841081937154282
paraphrase,201234,8192,8192,0.1,193786,21,4,-2.250237226486206,-2.3127290407816568,-0.0624918142954507
paraphrase,201234,8192,8192,0.1,193786,18,7,-2.250237226486206,-2.2398069302241006,0.010430296262105454
paraphrase,201234,8192,8192,0.1,193786,21,8,-2.250237226486206,-2.218994975090027,0.0312422513961792
paraphrase,201234,8192,8192,0.1,193786,20,1,-2.250237226486206,-2.2189658085505166,0.03127141793568944
paraphrase,201234,8192,8192,0.1,193786,21,10,-2.250237226486206,-2.2502331336339316,4.092852274428793e-06
paraphrase,201234,8192,8192,0.1,193786,22,6,-2.250237226486206,-2.239816506703695,0.010420719782511245
paraphrase,201234,8192,8192,0.1,193786,17,8,-2.250237226486206,-2.271065274874369,-0.0208280483881631
paraphrase,201234,8192,8192,0.1,193786,20,7,-2.250237226486206,-2.2606785694758096,-0.01044134298960353
paraphrase,201234,8192,8192,0.1,193786,21,5,-2.250237226486206,-2.2918883562088013,-0.041651129722595215
paraphrase,201234,8192,8192,0.1,193786,21,6,-2.250237226486206,-2.250210920969645,2.6305516561020426e-05
paraphrase,201234,8192,8192,0.1,193786,22,11,-2.250237226486206,-2.260646184285482,-0.010408957799275864
paraphrase,201234,8192,8192,0.1,193786,17,2,-2.250237226486206,-2.156542698542277,0.09369452794392918
paraphrase,201234,8192,8192,0.1,193786,20,4,-2.250237226486206,-2.2606614033381143,-0.010424176851908218
paraphrase,201234,8192,8192,0.1,193786,21,2,-2.250237226486206,-2.1981457471847534,0.05209147930145264
paraphrase,201234,8192,8192,0.1,193786,22,9,-2.250237226486206,-2.2398069302241006,0.010430296262105454
paraphrase,201234,8192,8192,0.1,193786,17,7,-2.250237226486206,-2.1564959287643433,0.09374129772186279
paraphrase,201234,8192,8192,0.1,193786,21,7,-2.250237226486206,-2.198146343231201,0.05209088325500488
paraphrase,201234,8192,8192,0.1,193786,20,8,-2.250237226486206,-2.37519109249115,-0.12495386600494385
paraphrase,201234,8192,8192,0.1,193786,22,8,-2.250237226486206,-2.2398107051849365,0.010426521301269531
paraphrase,201234,8192,8192,0.1,193786,17,10,-2.250237226486206,-2.323140104611715,-0.07290287812550877
paraphrase,201234,8192,8192,0.1,193786,21,3,-2.250237226486206,-2.281469702720642,-0.031232476234436035
paraphrase,201234,8192,8192,0.1,193786,22,2,-2.250237226486206,-2.2502324978510537,4.728635152329019e-06
paraphrase,201234,8192,8192,0.1,193786,20,6,-2.250237226486206,-2.260651707649231,-0.010414481163024902
paraphrase,201234,8192,8192,0.1,193786,21,1,-2.250237226486206,-2.3023136854171753,-0.05207645893096924
paraphrase,201234,8192,8192,0.1,193786,22,0,-2.250237226486206,-2.291902780532837,-0.04166555404663086
paraphrase,201234,8192,8192,0.1,193786,22,5,-2.250237226486206,-2.1356307665506997,0.11460645993550633
paraphrase,201234,8192,8192,0.1,193786,21,0,-2.250237226486206,-2.32313601175944,-0.0728987852732339
paraphrase,201234,8192,8192,0.1,193786,17,9,-2.250237226486206,-2.2502426703770957,-5.443890889633707e-06
paraphrase,201234,8192,8192,0.1,193786,22,3,-2.250237226486206,-2.239811897277832,0.010425329208374023
paraphrase,201234,8192,8192,0.1,193786,17,11,-2.250237226486206,-2.2398111820220947,0.010426044464111328
paraphrase,201234,8192,8192,0.1,193786,22,4,-2.250237226486206,-2.3023047049840293,-0.05206747849782323
paraphrase,201234,8192,8192,0.1,193786,22,1,-2.250237226486206,-2.2398218711217246,0.01041535536448146
paraphrase,201235,8192,8192,0.1,207278,21,11,-2.3249409993489585,-2.3578457037607827,-0.03290470441182425
paraphrase,201235,8192,8192,0.1,207278,22,7,-2.3249409993489585,-2.4085254669189453,-0.08358446756998683
paraphrase,201235,8192,8192,0.1,207278,18,3,-2.3249409993489585,-2.378232796986898,-0.05329179763793945
paraphrase,201235,8192,8192,0.1,207278,20,9,-2.3249409993489585,-2.4085110823313394,-0.08357008298238089
paraphrase,201235,8192,8192,0.1,207278,17,3,-2.3249409993489585,-2.4615348180135093,-0.13659381866455078
paraphrase,201235,8192,8192,0.1,207278,22,10,-2.3249409993489585,-2.3770229816436768,-0.052081982294718276
paraphrase,201235,8192,8192,0.1,207278,23,4,-2.3249409993489585,-2.366611878077189,-0.0416708787282305
paraphrase,201235,8192,8192,0.1,207278,20,3,-2.3249409993489585,-2.3353569507598877,-0.010415951410929214
paraphrase,201235,8192,8192,0.1,207278,0,3,-2.3249409993489585,-2.335146188735962,-0.010205189387003433
paraphrase,201235,8192,8192,0.1,207278,0,6,-2.3249409993489585,-2.2302754720052085,0.09466552734375
paraphrase,201235,8192,8192,0.1,207278,0,4,-2.3249409993489585,-2.293276309967041,0.031664689381917466
paraphrase,201235,8192,8192,0.1,207278,0,7,-2.3249409993489585,-2.3254710038503013,-0.0005300045013427734
paraphrase,201235,8192,8192,0.1,207278,0,8,-2.3249409993489585,-2.3142946561177573,0.010646343231201172
paraphrase,201235,8192,8192,0.1,207278,21,9,-2.3249409993489585,-2.231438716252645,0.09350228309631348
paraphrase,201235,8192,8192,0.1,207278,20,2,-2.3249409993489585,-2.3251888751983643,-0.00024787584940577645
paraphrase,201235,8192,8192,0.1,207278,19,1,-2.3249409993489585,-2.2844675381978354,0.04047346115112305
paraphrase,201235,8192,8192,0.1,207278,20,5,-2.3249409993489585,-2.272850831349691,0.05209016799926758
paraphrase,201235,8192,8192,0.1,207278,0,11,-2.3249409993489585,-2.3150457541147866,0.009895245234171846
paraphrase,201235,8192,8192,0.1,207278,0,2,-2.3249409993489585,-2.314318895339966,0.010622104008992661
paraphrase,201235,8192,8192,0.1,207278,0,10,-2.3249409993489585,-2.209439277648926,0.1155017217000327
paraphrase,201235,8192,8192,0.1,207278,0,0,-2.3249409993489585,-2.3038970629374185,0.02104393641154001
paraphrase,201235,8192,8192,0.1,207278,0,1,-2.3249409993489585,-2.3037057717641196,0.021235227584838867
paraphrase,201235,8192,8192,0.1,207278,20,11,-2.3249409993489585,-2.2731031576792398,0.05183784166971872
paraphrase,201235,8192,8192,0.1,207278,0,5,-2.3249409993489585,-2.3035195668538413,0.021421432495117188
paraphrase,201235,8192,8192,0.1,207278,18,1,-2.3249409993489585,-2.2518275578816733,0.07311344146728516
paraphrase,201235,8192,8192,0.1,207278,23,8,-2.3249409993489585,-2.283050457636515,0.04189054171244333
paraphrase,201235,8192,8192,0.1,207278,20,10,-2.3249409993489585,-2.325191338857015,-0.0002503395080566406
paraphrase,201235,8192,8192,0.1,207278,17,6,-2.3249409993489585,-2.3561994234720864,-0.03125842412312796
paraphrase,201235,8192,8192,0.1,207278,20,0,-2.3249409993489585,-2.314527908960978,0.01041309038798044
paraphrase,201235,8192,8192,0.1,207278,21,4,-2.3249409993489585,-2.3872129917144775,-0.06227199236551906
paraphrase,201235,8192,8192,0.1,207278,18,7,-2.3249409993489585,-2.3457626501719155,-0.02082165082295706
paraphrase,201235,8192,8192,0.1,207278,21,8,-2.3249409993489585,-2.315061569213867,0.009879430135091294
paraphrase,201235,8192,8192,0.1,207278,20,1,-2.3249409993489585,-2.2835070292154946,0.04143397013346384
paraphrase,201235,8192,8192,0.1,207278,21,10,-2.3249409993489585,-2.366213877995809,-0.041272878646850586
paraphrase,201235,8192,8192,0.1,207278,22,6,-2.3249409993489585,-2.345773696899414,-0.02083269755045558
paraphrase,201235,8192,8192,0.1,207278,17,8,-2.3249409993489585,-2.346027453740438,-0.021086454391479492
paraphrase,201235,8192,8192,0.1,207278,20,7,-2.3249409993489585,-2.5120433966318765,-0.187102397282918
paraphrase,201235,8192,8192,0.1,207278,21,5,-2.3249409993489585,-2.366598924001058,-0.04165792465209961
paraphrase,201235,8192,8192,0.1,207278,21,6,-2.3249409993489585,-2.3452117443084717,-0.0202707449595132
paraphrase,201235,8192,8192,0.1,207278,22,11,-2.3249409993489585,-2.3249402046203613,7.947285971532381e-07
paraphrase,201235,8192,8192,0.1,207278,17,2,-2.3249409993489585,-2.2424782117207847,0.08246278762817383
paraphrase,201235,8192,8192,0.1,207278,20,4,-2.3249409993489585,-2.3460325400034585,-0.02109154065450003
paraphrase,201235,8192,8192,0.1,207278,21,2,-2.3249409993489585,-2.3040992418924966,0.020841757456461885
paraphrase,201235,8192,8192,0.1,207278,22,9,-2.3249409993489585,-2.314528703689575,0.010412295659383286
paraphrase,201235,8192,8192,0.1,207278,17,7,-2.3249409993489585,-2.2728611628214517,0.052079836527506806
paraphrase,201235,8192,8192,0.1,207278,21,7,-2.3249409993489585,-2.3041110833485923,0.02082991600036621
paraphrase,201235,8192,8192,0.1,207278,20,8,-2.3249409993489585,-2.3983519872029624,-0.0734109878540039
paraphrase,201235,8192,8192,0.1,207278,22,8,-2.3249409993489585,-2.3249458471934,-4.847844441435711e-06
paraphrase,201235,8192,8192,0.1,207278,17,10,-2.3249409993489585,-2.4395317236582437,-0.11459072430928519
paraphrase,201235,8192,8192,0.1,207278,21,3,-2.3249409993489585,-2.3666070302327475,-0.04166603088378906
paraphrase,201235,8192,8192,0.1,207278,22,2,-2.3249409993489585,-2.304115613301595,0.02082538604736328
paraphrase,201235,8192,8192,0.1,207278,20,6,-2.3249409993489585,-2.377281904220581,-0.05234090487162257
paraphrase,201235,8192,8192,0.1,207278,21,1,-2.3249409993489585,-2.377019246419271,-0.0520782470703125
paraphrase,201235,8192,8192,0.1,207278,22,0,-2.3249409993489585,-2.4293699264526367,-0.10442892710367824
paraphrase,201235,8192,8192,0.1,207278,22,5,-2.3249409993489585,-2.105979839960734,0.21896115938822458
paraphrase,201235,8192,8192,0.1,207278,21,0,-2.3249409993489585,-2.4186902046203613,-0.09374920527140285
paraphrase,201235,8192,8192,0.1,207278,17,9,-2.3249409993489585,-2.3463083108266196,-0.021367311477661133
paraphrase,201235,8192,8192,0.1,207278,22,3,-2.3249409993489585,-2.3251892725626626,-0.000248273213704131
paraphrase,201235,8192,8192,0.1,207278,17,11,-2.3249409993489585,-2.3147765000661216,0.010164499282836914
paraphrase,201235,8192,8192,0.1,207278,22,4,-2.3249409993489585,-2.4395297368367515,-0.11458873748779297
paraphrase,201235,8192,8192,0.1,207278,22,1,-2.3249409993489585,-2.335606654485067,-0.010665655136108398
paraphrase,201236,8192,8191,0.1,331504,21,11,-2.178695241610209,-2.2621596256891885,-0.08346438407897949
paraphrase,201236,8192,8191,0.1,331504,22,7,-2.178695241610209,-2.3139383792877197,-0.13524313767751073
paraphrase,201236,8192,8191,0.1,331504,18,3,-2.178695241610209,-2.3044209082921348,-0.12572566668192575
paraphrase,201236,8192,8191,0.1,331504,20,9,-2.178695241610209,-2.2930701971054077,-0.11437495549519872
paraphrase,201236,8192,8191,0.1,331504,17,3,-2.178695241610209,-2.323994755744934,-0.14529951413472508
paraphrase,201236,8192,8191,0.1,331504,22,10,-2.178695241610209,-2.2098335425059,-0.031138300895690918
paraphrase,201236,8192,8191,0.1,331504,23,4,-2.178695241610209,-2.2203789552052817,-0.041683713595072724
paraphrase,201236,8192,8191,0.1,331504,20,3,-2.178695241610209,-2.199462413787842,-0.020767172177632798
paraphrase,201236,8192,8191,0.1,331504,0,3,-2.178695241610209,-2.1683435837427774,0.01035165786743164
paraphrase,201236,8192,8191,0.1,331504,0,6,-2.178695241610209,-2.18825356165568,-0.009558320045471191
paraphrase,201236,8192,8191,0.1,331504,0,4,-2.178695241610209,-2.1683226823806763,0.01037255922953273
paraphrase,201236,8192,8191,0.1,331504,0,7,-2.178695241610209,-2.1678492625554404,0.010845979054768584
paraphrase,201236,8192,8191,0.1,331504,0,8,-2.178695241610209,-2.1682878732681274,0.010407368342081558
paraphrase,201236,8192,8191,0.1,331504,21,9,-2.178695241610209,-2.1681135495503745,0.010581692059834502
paraphrase,201236,8192,8191,0.1,331504,20,2,-2.178695241610209,-2.168125589688619,0.010569651921589873
paraphrase,201236,8192,8191,0.1,331504,19,1,-2.178695241610209,-2.1785661379496255,0.0001291036605834961
paraphrase,201236,8192,8191,0.1,331504,20,5,-2.178695241610209,-2.2412161032358804,-0.06252086162567139
paraphrase,201236,8192,8191,0.1,331504,0,11,-2.178695241610209,-2.157704989115397,0.02099025249481201
paraphrase,201236,8192,8191,0.1,331504,0,2,-2.178695241610209,-2.147513826688131,0.031181414922078154
paraphrase,201236,8192,8191,0.1,331504,0,10,-2.178695241610209,-2.125749190648397,0.05294605096181204
paraphrase,201236,8192,8191,0.1,331504,0,0,-2.178695241610209,-2.1266247431437173,0.0520704984664917
paraphrase,201236,8192,8191,0.1,331504,0,1,-2.178695241610209,-2.199237863222758,-0.020542621612548828
paraphrase,201236,8192,8191,0.1,331504,20,11,-2.178695241610209,-2.189157327016195,-0.01046208540598581
paraphrase,201236,8192,8191,0.1,331504,0,5,-2.178695241610209,-2.178026795387268,0.0006684462229409327
paraphrase,201236,8192,8191,0.1,331504,18,1,-2.178695241610209,-2.095273812611898,0.08342142899831106
paraphrase,201236,8192,8191,0.1,331504,23,8,-2.178695241610209,-2.1682419379552207,0.01045330365498831
paraphrase,201236,8192,8191,0.1,331504,20,10,-2.178695241610209,-2.199601093928019,-0.02090585231781006
paraphrase,201236,8192,8191,0.1,331504,17,6,-2.178695241610209,-2.1995829741160073,-0.02088773250579834
paraphrase,201236,8192,8191,0.1,331504,20,0,-2.178695241610209,-2.1681167682011924,0.010578473409016631
paraphrase,201236,8192,8191,0.1,331504,21,4,-2.178695241610209,-2.220269242922465,-0.04157400131225586
paraphrase,201236,8192,8191,0.1,331504,18,7,-2.178695241610209,-2.1682101488113403,0.010485092798868667
paraphrase,201236,8192,8191,0.1,331504,21,8,-2.178695241610209,-2.1890795628229776,-0.010384321212768555
paraphrase,201236,8192,8191,0.1,331504,20,1,-2.178695241610209,-2.1785996357599893,9.560585021972656e-05
paraphrase,201236,8192,8191,0.1,331504,21,10,-2.178695241610209,-2.1993739207585654,-0.020678679148356416
paraphrase,201236,8192,8191,0.1,331504,22,6,-2.178695241610209,-2.189014116923014,-0.010318875312805176
paraphrase,201236,8192,8191,0.1,331504,17,8,-2.178695241610209,-2.1993273893992105,-0.020632147789001465
paraphrase,201236,8192,8191,0.1,331504,20,7,-2.178695241610209,-2.3454787731170654,-0.16678353150685643
paraphrase,201236,8192,8191,0.1,331504,21,5,-2.178695241610209,-2.220223585764567,-0.04152834415435791
paraphrase,201236,8192,8191,0.1,331504,21,6,-2.178695241610209,-2.178566336631775,0.00012890497843409676
paraphrase,201236,8192,8191,0.1,331504,22,11,-2.178695241610209,-2.1995184818903604,-0.020823240280151367
paraphrase,201236,8192,8191,0.1,331504,17,2,-2.178695241610209,-2.137333790461222,0.041361451148986816
paraphrase,201236,8192,8191,0.1,331504,20,4,-2.178695241610209,-2.16822350025177,0.01047174135843898
paraphrase,201236,8192,8191,0.1,331504,21,2,-2.178695241610209,-2.1264921029408774,0.05220313866933157
paraphrase,201236,8192,8191,0.1,331504,22,9,-2.178695241610209,-2.1889981826146445,-0.010302941004435517
paraphrase,201236,8192,8191,0.1,331504,17,7,-2.178695241610209,-2.1266425053278604,0.05205273628234863
paraphrase,201236,8192,8191,0.1,331504,21,7,-2.178695241610209,-2.1682517925898233,0.010443449020385742
paraphrase,201236,8192,8191,0.1,331504,20,8,-2.178695241610209,-2.334606130917867,-0.15591088930765817
paraphrase,201236,8192,8191,0.1,331504,22,8,-2.178695241610209,-2.19935409228007,-0.02065885066986084
paraphrase,201236,8192,8191,0.1,331504,17,10,-2.178695241610209,-2.261794090270996,-0.0830988486607871
paraphrase,201236,8192,8191,0.1,331504,21,3,-2.178695241610209,-2.2203464110692344,-0.04165116945902536
paraphrase,201236,8192,8191,0.1,331504,22,2,-2.178695241610209,-2.168248414993286,0.010446826616922866
paraphrase,201236,8192,8191,0.1,331504,20,6,-2.178695241610209,-2.262156327565511,-0.08346108595530222
paraphrase,201236,8192,8191,0.1,331504,21,1,-2.178695241610209,-2.2201979557673135,-0.04150271415710449
paraphrase,201236,8192,8191,0.1,331504,22,0,-2.178695241610209,-2.2100195487340293,-0.03132430712382028
paraphrase,201236,8192,8191,0.1,331504,22,5,-2.178695241610209,-2.105654239654541,0.07304100195566798
paraphrase,201236,8192,8191,0.1,331504,21,0,-2.178695241610209,-2.230690081914266,-0.0519948403040571
paraphrase,201236,8192,8191,0.1,331504,17,9,-2.178695241610209,-2.209853927294413,-0.0311586856842041
paraphrase,201236,8192,8191,0.1,331504,22,3,-2.178695241610209,-2.199372092882792,-0.020676851272583008
paraphrase,201236,8192,8191,0.1,331504,17,11,-2.178695241610209,-2.1787619590759277,-6.671746571873527e-05
paraphrase,201236,8192,8191,0.1,331504,22,4,-2.178695241610209,-2.2723366419474282,-0.09364140033721924
paraphrase,201236,8192,8191,0.1,331504,22,1,-2.178695241610209,-2.188900868097941,-0.010205626487731934
paraphrase,201237,8192,8192,0.1,888821,21,11,-2.145953814188639,-2.135549545288086,0.010404268900553237
paraphrase,201237,8192,8192,0.1,888821,22,7,-2.145953814188639,-2.1459592978159585,-5.4836273193359375e-06
paraphrase,201237,8192,8192,0.1,888821,18,3,-2.145953814188639,-2.177225112915039,-0.03127129872639989
paraphrase,201237,8192,8192,0.1,888821,20,9,-2.145953814188639,-2.2084474563598633,-0.062493642171224106
paraphrase,201237,8192,8192,0.1,888821,17,3,-2.145953814188639,-2.1980273723602295,-0.05207355817159032
paraphrase,201237,8192,8192,0.1,888821,22,10,-2.145953814188639,-2.1876158714294434,-0.041662057240804184
paraphrase,201237,8192,8192,0.1,888821,23,4,-2.145953814188639,-2.1772021452585855,-0.03124833106994629
paraphrase,201237,8192,8192,0.1,888821,20,3,-2.145953814188639,-2.1251206398010254,0.020833174387613784
paraphrase,201237,8192,8192,0.1,888821,0,3,-2.145953814188639,-2.1355419953664145,0.010411818822224639
paraphrase,201237,8192,8192,0.1,888821,0,6,-2.145953814188639,-2.062576095263163,0.08337771892547607
paraphrase,201237,8192,8192,0.1,888821,0,4,-2.145953814188639,-2.125105341275533,0.020848472913105986
paraphrase,201237,8192,8192,0.1,888821,0,7,-2.145953814188639,-2.1459521452585855,1.6689300537109375e-06
paraphrase,201237,8192,8192,0.1,888821,0,8,-2.145953814188639,-2.1459455490112305,8.265177408706137e-06
paraphrase,201237,8192,8192,0.1,888821,21,9,-2.145953814188639,-2.1147023836771646,0.03125143051147461
paraphrase,201237,8192,8192,0.1,888821,20,2,-2.145953814188639,-2.156369209289551,-0.010415395100911606
paraphrase,201237,8192,8192,0.1,888821,19,1,-2.145953814188639,-2.1042840480804443,0.04166976610819484
paraphrase,201237,8192,8192,0.1,888821,20,5,-2.145953814188639,-2.1667937437693277,-0.020839929580688477
paraphrase,201237,8192,8192,0.1,888821,0,11,-2.145953814188639,-2.1147099335988364,0.031243880589802764
paraphrase,201237,8192,8192,0.1,888821,0,2,-2.145953814188639,-2.0938587586085,0.05209505558013916
paraphrase,201237,8192,8192,0.1,888821,0,10,-2.145953814188639,-2.0417433977127075,0.10421041647593166
paraphrase,201237,8192,8192,0.1,888821,0,0,-2.145953814188639,-2.0834567546844482,0.06249705950419093
paraphrase,201237,8192,8192,0.1,888821,0,1,-2.145953814188639,-2.1355267763137817,0.010427037874857437
paraphrase,201237,8192,8192,0.1,888821,20,11,-2.145953814188639,-2.1459497610727944,4.0531158447265625e-06
paraphrase,201237,8192,8192,0.1,888821,0,5,-2.145953814188639,-2.114689310391744,0.03126450379689505
paraphrase,201237,8192,8192,0.1,888821,18,1,-2.145953814188639,-2.073047161102295,0.07290665308634425
paraphrase,201237,8192,8192,0.1,888821,23,8,-2.145953814188639,-2.104289690653483,0.04166412353515625
paraphrase,201237,8192,8192,0.1,888821,20,10,-2.145953814188639,-2.1355377038319907,0.010416110356648467
paraphrase,201237,8192,8192,0.1,888821,17,6,-2.145953814188639,-2.1459642251332602,-1.0410944621064289e-05
paraphrase,201237,8192,8192,0.1,888821,20,0,-2.145953814188639,-2.1251257260640464,0.020828088124592803
paraphrase,201237,8192,8192,0.1,888821,21,4,-2.145953814188639,-2.2188687324523926,-0.0729149182637534
paraphrase,201237,8192,8192,0.1,888821,18,7,-2.145953814188639,-2.114698648452759,0.031255165735880386
paraphrase,201237,8192,8192,0.1,888821,21,8,-2.145953814188639,-2.104287624359131,0.041666189829508316
paraphrase,201237,8192,8192,0.1,888821,20,1,-2.145953814188639,-2.135533332824707,0.010420481363932144
paraphrase,201237,8192,8192,0.1,888821,21,10,-2.145953814188639,-2.14595890045166,-5.086263020981363e-06
paraphrase,201237,8192,8192,0.1,888821,22,6,-2.145953814188639,-2.1459511121114097,2.702077229521649e-06
paraphrase,201237,8192,8192,0.1,888821,17,8,-2.145953814188639,-2.145959456761678,-5.642573039033039e-06
paraphrase,201237,8192,8192,0.1,888821,20,7,-2.145953814188639,-2.2709478537241616,-0.12499403953552246
paraphrase,201237,8192,8192,0.1,888821,21,5,-2.145953814188639,-2.198040008544922,-0.0520861943562827
paraphrase,201237,8192,8192,0.1,888821,21,6,-2.145953814188639,-2.1772003968556723,-0.031246582667033174
paraphrase,201237,8192,8192,0.1,888821,22,11,-2.145953814188639,-2.1563709576924643,-0.010417143503825166
paraphrase,201237,8192,8192,0.1,888821,17,2,-2.145953814188639,-2.093888998031616,0.052064816157022964
paraphrase,201237,8192,8192,0.1,888821,20,4,-2.145953814188639,-2.145954688390096,-8.742014570017886e-07
paraphrase,201237,8192,8192,0.1,888821,21,2,-2.145953814188639,-2.125114599863688,0.020839214324951172
paraphrase,201237,8192,8192,0.1,888821,22,9,-2.145953814188639,-2.135533889134725,0.010419925053914092
paraphrase,201237,8192,8192,0.1,888821,17,7,-2.145953814188639,-2.062621514002482,0.08333230018615723
paraphrase,201237,8192,8192,0.1,888821,21,7,-2.145953814188639,-2.135537068049113,0.010416746139526367
paraphrase,201237,8192,8192,0.1,888821,20,8,-2.145953814188639,-2.1771862506866455,-0.031232436498006333
paraphrase,201237,8192,8192,0.1,888821,22,8,-2.145953814188639,-2.135538021723429,0.010415792465209961
paraphrase,201237,8192,8192,0.1,888821,17,10,-2.145953814188639,-2.187612851460775,-0.04165903727213571
paraphrase,201237,8192,8192,0.1,888821,21,3,-2.145953814188639,-2.208453416824341,-0.062499602635701645
paraphrase,201237,8192,8192,0.1,888821,22,2,-2.145953814188639,-2.1459549268086753,-1.1126200361033511e-06
paraphrase,201237,8192,8192,0.1,888821,20,6,-2.145953814188639,-2.177207072575887,-0.03125325838724802
paraphrase,201237,8192,8192,0.1,888821,21,1,-2.145953814188639,-2.208453973134359,-0.0625001589457197
paraphrase,201237,8192,8192,0.1,888821,22,0,-2.145953814188639,-2.218868096669515,-0.07291428248087595
paraphrase,201237,8192,8192,0.1,888821,22,5,-2.145953814188639,-2.0313669045766196,0.11458690961201956
paraphrase,201237,8192,8192,0.1,888821,21,0,-2.145953814188639,-2.2188710371653237,-0.07291722297668457
paraphrase,201237,8192,8192,0.1,888821,17,9,-2.145953814188639,-2.156367778778076,-0.010413964589436997
paraphrase,201237,8192,8192,0.1,888821,22,3,-2.145953814188639,-2.1459543704986572,-5.563100180516756e-07
paraphrase,201237,8192,8192,0.1,888821,17,11,-2.145953814188639,-2.1251261234283447,0.02082769076029445
paraphrase,201237,8192,8192,0.1,888821,22,4,-2.145953814188639,-2.1980366706848145,-0.05208285649617528
paraphrase,201237,8192,8192,0.1,888821,22,1,-2.145953814188639,-2.145954211552938,-3.9736429879866364e-07
paraphrase,201238,8192,8193,0.1,987809,21,11,-2.062677542368571,-2.0523014863332114,0.010376056035359404
paraphrase,201238,8192,8193,0.1,987809,22,7,-2.062677542368571,-2.1251844565073648,-0.06250691413879395
paraphrase,201238,8192,8193,0.1,987809,18,3,-2.062677542368571,-2.1460389296213784,-0.08336138725280762
paraphrase,201238,8192,8193,0.1,987809,20,9,-2.062677542368571,-2.125181198120117,-0.06250365575154637
paraphrase,201238,8192,8193,0.1,987809,17,3,-2.062677542368571,-2.114728053410848,-0.052050511042277314
paraphrase,201238,8192,8193,0.1,987809,22,10,-2.062677542368571,-2.09393048286438,-0.03125294049580907
paraphrase,201238,8192,8193,0.1,987809,23,4,-2.062677542368571,-2.093921502431234,-0.031243960062663056
paraphrase,201238,8192,8193,0.1,987809,20,3,-2.062677542368571,-2.093933582305908,-0.03125603993733739
paraphrase,201238,8192,8193,0.1,987809,0,3,-2.062677542368571,-2.073079506556193,-0.01040196418762207
paraphrase,201238,8192,8193,0.1,987809,0,6,-2.062677542368571,-2.052179495493571,0.010498046875
paraphrase,201238,8192,8193,0.1,987809,0,4,-2.062677542368571,-2.0730624198913574,-0.010384877522786606
paraphrase,201238,8192,8193,0.1,987809,0,7,-2.062677542368571,-2.0626811583836875,-3.6160151166697574e-06
paraphrase,201238,8192,8193,0.1,987809,0,8,-2.062677542368571,-2.0418524742126465,0.02082506815592433
paraphrase,201238,8192,8193,0.1,987809,21,9,-2.062677542368571,-2.062682310740153,-4.76837158203125e-06
paraphrase,201238,8192,8193,0.1,987809,20,2,-2.062677542368571,-2.083502451578776,-0.020824909210205078
paraphrase,201238,8192,8193,0.1,987809,19,1,-2.062677542368571,-2.062682628631592,-5.086263020981363e-06
paraphrase,201238,8192,8193,0.1,987809,20,5,-2.062677542368571,-2.093923489252726,-0.031245946884155273
paraphrase,201238,8192,8193,0.1,987809,0,11,-2.062677542368571,-2.0210370222727456,0.041640520095825195
paraphrase,201238,8192,8193,0.1,987809,0,2,-2.062677542368571,-2.0314098596572876,0.03126768271128322
paraphrase,201238,8192,8193,0.1,987809,0,10,-2.062677542368571,-2.010513106981913,0.052164435386657715
paraphrase,201238,8192,8193,0.1,987809,0,0,-2.062677542368571,-2.0314172903696694,0.03126025199890137
paraphrase,201238,8192,8193,0.1,987809,0,1,-2.062677542368571,-2.0730809768040976,-0.010403434435526826
paraphrase,201238,8192,8193,0.1,987809,20,11,-2.062677542368571,-2.0626793702443442,-1.8278757734080386e-06
paraphrase,201238,8192,8193,0.1,987809,0,5,-2.062677542368571,-2.052240173021952,0.010437369346618652
paraphrase,201238,8192,8193,0.1,987809,18,1,-2.062677542368571,-1.9897692600886028,0.07290828227996804
paraphrase,201238,8192,8193,0.1,987809,23,8,-2.062677542368571,-2.0418477853139243,0.020829757054646514
paraphrase,201238,8192,8193,0.1,987809,20,10,-2.062677542368571,-2.0626822312672934,-4.688898722626789e-06
paraphrase,201238,8192,8193,0.1,987809,17,6,-2.062677542368571,-2.0939385096232095,-0.03126096725463867
paraphrase,201238,8192,8193,0.1,987809,20,0,-2.062677542368571,-2.041851758956909,0.020825783411661636
paraphrase,201238,8192,8193,0.1,987809,21,4,-2.062677542368571,-2.114762544631958,-0.05208500226338719
paraphrase,201238,8192,8193,0.1,987809,18,7,-2.062677542368571,-2.062668561935425,8.980433146010824e-06
paraphrase,201238,8192,8193,0.1,987809,21,8,-2.062677542368571,-2.0418495337168374,0.0208280086517334
paraphrase,201238,8192,8193,0.1,987809,20,1,-2.062677542368571,-2.062670946121216,6.5962473549951994e-06
paraphrase,201238,8192,8193,0.1,987809,21,10,-2.062677542368571,-2.06268040339152,-2.86102294921875e-06
paraphrase,201238,8192,8193,0.1,987809,22,6,-2.062677542368571,-2.0835089683532715,-0.02083142598470067
paraphrase,201238,8192,8193,0.1,987809,17,8,-2.062677542368571,-2.0939462184906006,-0.03126867612202977
paraphrase,201238,8192,8193,0.1,987809,20,7,-2.062677542368571,-2.2293571631113687,-0.16667962074279785
paraphrase,201238,8192,8193,0.1,987809,21,5,-2.062677542368571,-2.1043402353922525,-0.04166269302368164
paraphrase,201238,8192,8193,0.1,987809,21,6,-2.062677542368571,-2.073087533315023,-0.010409990946452119
paraphrase,201238,8192,8193,0.1,987809,22,11,-2.062677542368571,-2.0731021563212075,-0.010424613952636719
paraphrase,201238,8192,8193,0.1,987809,17,2,-2.062677542368571,-2.021066665649414,0.04161087671915675
paraphrase,201238,8192,8193,0.1,987809,20,4,-2.062677542368571,-2.062678496042887,-9.5367431640625e-07
paraphrase,201238,8192,8193,0.1,987809,21,2,-2.062677542368571,-2.031425873438517,0.03125166893005371
paraphrase,201238,8192,8193,0.1,987809,22,9,-2.062677542368571,-2.0730996131896973,-0.01042207082112645
paraphrase,201238,8192,8193,0.1,987809,17,7,-2.062677542368571,-2.0106051762898765,0.052072366078694365
paraphrase,201238,8192,8193,0.1,987809,21,7,-2.062677542368571,-2.0730939706166587,-0.010416428248087861
paraphrase,201238,8192,8193,0.1,987809,20,8,-2.062677542368571,-2.145996888478597,-0.08331934611002634
paraphrase,201238,8192,8193,0.1,987809,22,8,-2.062677542368571,-2.062677542368571,0.0
paraphrase,201238,8192,8193,0.1,987809,17,10,-2.062677542368571,-2.093930721282959,-0.03125317891438817
paraphrase,201238,8192,8193,0.1,987809,21,3,-2.062677542368571,-2.093925635019938,-0.031248092651367188
paraphrase,201238,8192,8193,0.1,987809,22,2,-2.062677542368571,-2.0730971495310464,-0.010419607162475586
paraphrase,201238,8192,8193,0.1,987809,20,6,-2.062677542368571,-2.104351758956909,-0.041674216588338364
paraphrase,201238,8192,8193,0.1,987809,21,1,-2.062677542368571,-2.1147544384002686,-0.05207689603169774
paraphrase,201238,8192,8193,0.1,987809,22,0,-2.062677542368571,-2.114769697189331,-0.05209215482076024
paraphrase,201238,8192,8193,0.1,987809,22,5,-2.062677542368571,-1.9689262708028157,0.09375127156575513
paraphrase,201238,8192,8193,0.1,987809,21,0,-2.062677542368571,-2.135584990183512,-0.0729074478149414
paraphrase,201238,8192,8193,0.1,987809,17,9,-2.062677542368571,-2.0939265886942544,-0.031249046325683594
paraphrase,201238,8192,8193,0.1,987809,22,3,-2.062677542368571,-2.0626858870188394,-8.344650268554688e-06
paraphrase,201238,8192,8193,0.1,987809,17,11,-2.062677542368571,-2.0522727966308594,0.01040474573771144
paraphrase,201238,8192,8193,0.1,987809,22,4,-2.062677542368571,-2.1460049947102866,-0.08332745234171579
paraphrase,201238,8192,8193,0.1,987809,22,1,-2.062677542368571,-2.0730974674224854,-0.010419925053914536
paraphrase,201239,8192,8192,0.1,845811,21,11,-2.136019706726074,-2.156929691632589,-0.020909984906514634
paraphrase,201239,8192,8192,0.1,845811,22,7,-2.136019706726074,-2.281887173652649,-0.1458674669265747
paraphrase,201239,8192,8192,0.1,845811,18,3,-2.136019706726074,-2.219645102818807,-0.0836253960927329
paraphrase,201239,8192,8192,0.1,845811,20,9,-2.136019706726074,-2.219290574391683,-0.08327086766560887
paraphrase,201239,8192,8192,0.1,845811,17,3,-2.136019706726074,-2.240055203437805,-0.10403549671173096
paraphrase,201239,8192,8192,0.1,845811,22,10,-2.136019706726074,-2.1776885191599527,-0.04166881243387843
paraphrase,201239,8192,8192,0.1,845811,23,4,-2.136019706726074,-2.1985154151916504,-0.06249570846557617
paraphrase,201239,8192,8192,0.1,845811,20,3,-2.136019706726074,-2.1673222382863364,-0.03130253156026219
paraphrase,201239,8192,8192,0.1,845811,0,3,-2.136019706726074,-2.13596518834432,5.451838175440926e-05
paraphrase,201239,8192,8192,0.1,845811,0,6,-2.136019706726074,-2.1356430848439536,0.0003766218821206202
paraphrase,201239,8192,8192,0.1,845811,0,4,-2.136019706726074,-2.1567806402842202,-0.02076093355814601
paraphrase,201239,8192,8192,0.1,845811,0,7,-2.136019706726074,-2.125489870707194,0.010529836018880356
paraphrase,201239,8192,8192,0.1,845811,0,8,-2.136019706726074,-2.135981639226278,3.806749979640145e-05
paraphrase,201239,8192,8192,0.1,845811,21,9,-2.136019706726074,-2.1048169136047363,0.03120279312133789
paraphrase,201239,8192,8192,0.1,845811,20,2,-2.136019706726074,-2.177677790323893,-0.04165808359781886
paraphrase,201239,8192,8192,0.1,845811,19,1,-2.136019706726074,-2.1672943433125815,-0.03127463658650731
paraphrase,201239,8192,8192,0.1,845811,20,5,-2.136019706726074,-2.1464762687683105,-0.010456562042236328
paraphrase,201239,8192,8192,0.1,845811,0,11,-2.136019706726074,-2.1151699225107827,0.02084978421529149
paraphrase,201239,8192,8192,0.1,845811,0,2,-2.136019706726074,-2.1254218419392905,0.010597864786783706
paraphrase,201239,8192,8192,0.1,845811,0,10,-2.136019706726074,-2.1045367320378623,0.03148297468821193
paraphrase,201239,8192,8192,0.1,845811,0,0,-2.136019706726074,-2.1048501332600913,0.031169573465982925
paraphrase,201239,8192,8192,0.1,845811,0,1,-2.136019706726074,-2.167256514231364,-0.031236807505289566
paraphrase,201239,8192,8192,0.1,845811,20,11,-2.136019706726074,-2.125623941421509,0.01039576530456543
paraphrase,201239,8192,8192,0.1,845811,0,5,-2.136019706726074,-2.1464213132858276,-0.010401606559753418
paraphrase,201239,8192,8192,0.1,845811,18,1,-2.136019706726074,-2.0631359020868936,0.07288380463918065
paraphrase,201239,8192,8192,0.1,845811,23,8,-2.136019706726074,-2.104795296986898,0.031224409739176284
paraphrase,201239,8192,8192,0.1,845811,20,10,-2.136019706726074,-2.1672820250193277,-0.03126231829325343
paraphrase,201239,8192,8192,0.1,845811,17,6,-2.136019706726074,-2.177752653757731,-0.04173294703165675
paraphrase,201239,8192,8192,0.1,845811,20,0,-2.136019706726074,-2.16732386747996,-0.03130416075388576
paraphrase,201239,8192,8192,0.1,845811,21,4,-2.136019706726074,-2.2089069286982217,-0.07288722197214748
paraphrase,201239,8192,8192,0.1,845811,18,7,-2.136019706726074,-2.13606067498525,-4.096825917576652e-05
paraphrase,201239,8192,8192,0.1,845811,21,8,-2.136019706726074,-2.1360344886779785,-1.4781951904296875e-05
paraphrase,201239,8192,8192,0.1,845811,20,1,-2.136019706726074,-2.1672385931015015,-0.031218886375427246
paraphrase,201239,8192,8192,0.1,845811,21,10,-2.136019706726074,-2.1777175664901733,-0.04169785976409912
paraphrase,201239,8192,8192,0.1,845811,22,6,-2.136019706726074,-2.156899372736613,-0.02087966601053859
paraphrase,201239,8192,8192,0.1,845811,17,8,-2.136019706726074,-2.1672707398732505,-0.031251033147176255
paraphrase,201239,8192,8192,0.1,845811,20,7,-2.136019706726074,-2.323539972305298,-0.18752026557922363
paraphrase,201239,8192,8192,0.1,845811,21,5,-2.136019706726074,-2.17767326037089,-0.04165355364481593
paraphrase,201239,8192,8192,0.1,845811,21,6,-2.136019706726074,-2.1672603289286294,-0.03124062220255519
paraphrase,201239,8192,8192,0.1,845811,22,11,-2.136019706726074,-2.136062661806742,-4.295508066798348e-05
paraphrase,201239,8192,8192,0.1,845811,17,2,-2.136019706726074,-2.104912360509237,0.031107346216837417
paraphrase,201239,8192,8192,0.1,845811,20,4,-2.136019706726074,-2.136027733484904,-8.026758829604574e-06
paraphrase,201239,8192,8192,0.1,845811,21,2,-2.136019706726074,-2.1047362883885703,0.03128341833750392
paraphrase,201239,8192,8192,0.1,845811,22,9,-2.136019706726074,-2.1360285679499307,-8.861223856460043e-06
paraphrase,201239,8192,8192,0.1,845811,17,7,-2.136019706726074,-2.094372828801473,0.04164687792460109
paraphrase,201239,8192,8192,0.1,845811,21,7,-2.136019706726074,-2.1360645294189453,-4.482269287109375e-05
paraphrase,201239,8192,8192,0.1,845811,20,8,-2.136019706726074,-2.22970982392629,-0.0936901172002158
paraphrase,201239,8192,8192,0.1,845811,22,8,-2.136019706726074,-2.146483143170675,-0.010463436444600571
paraphrase,201239,8192,8192,0.1,845811,17,10,-2.136019706726074,-2.2089082400004068,-0.07288853327433253
paraphrase,201239,8192,8192,0.1,845811,21,3,-2.136019706726074,-2.188084602355957,-0.05206489562988281
paraphrase,201239,8192,8192,0.1,845811,22,2,-2.136019706726074,-2.1256091594696045,0.010410547256469727
paraphrase,201239,8192,8192,0.1,845811,20,6,-2.136019706726074,-2.1985308726628623,-0.06251116593678807
paraphrase,201239,8192,8192,0.1,845811,21,1,-2.136019706726074,-2.1984997590382895,-0.06248005231221532
paraphrase,201239,8192,8192,0.1,845811,22,0,-2.136019706726074,-2.2089308897654214,-0.07291118303934718
paraphrase,201239,8192,8192,0.1,845811,22,5,-2.136019706726074,-2.0839438835779824,0.05207582314809178
paraphrase,201239,8192,8192,0.1,845811,21,0,-2.136019706726074,-2.2089176972707114,-0.07289799054463719
paraphrase,201239,8192,8192,0.1,845811,17,9,-2.136019706726074,-2.167337497075399,-0.03131779034932469
paraphrase,201239,8192,8192,0.1,845811,22,3,-2.136019706726074,-2.156898578008016,-0.02087887128194188
paraphrase,201239,8192,8192,0.1,845811,17,11,-2.136019706726074,-2.104796886444092,0.031222820281982422
paraphrase,201239,8192,8192,0.1,845811,22,4,-2.136019706726074,-2.1985145012537637,-0.06249479452768947
paraphrase,201239,8192,8192,0.1,845811,22,1,-2.136019706726074,-2.1464843352635703,-0.010464628537496079
paraphrase,201240,8192,8192,0.1,825220,21,11,-2.198137044906616,-2.177333196004232,0.020803848902384292
paraphrase,201240,8192,8192,0.1,825220,22,7,-2.198137044906616,-2.3439826170603433,-0.14584557215372707
paraphrase,201240,8192,8192,0.1,825220,18,3,-2.198137044906616,-2.271090825398763,-0.07295378049214696
paraphrase,201240,8192,8192,0.1,825220,20,9,-2.198137044906616,-2.2606329123179116,-0.062495867411295425
paraphrase,201240,8192,8192,0.1,825220,17,3,-2.198137044906616,-2.3126885096232095,-0.11455146471659328
paraphrase,201240,8192,8192,0.1,825220,22,10,-2.198137044906616,-2.239804824193319,-0.04166777928670262
paraphrase,201240,8192,8192,0.1,825220,23,4,-2.198137044906616,-2.2398006121317544,-0.0416635672251382
paraphrase,201240,8192,8192,0.1,825220,20,3,-2.198137044906616,-2.18774143854777,0.010395606358846177
paraphrase,201240,8192,8192,0.1,825220,0,3,-2.198137044906616,-2.2189879417419434,-0.02085089683532715
paraphrase,201240,8192,8192,0.1,825220,0,6,-2.198137044906616,-2.1667929887771606,0.031344056129455566
paraphrase,201240,8192,8192,0.1,825220,0,4,-2.198137044906616,-2.198120594024658,1.6450881958007812e-05
paraphrase,201240,8192,8192,0.1,825220,0,7,-2.198137044906616,-2.1877209345499673,0.010416110356648911
paraphrase,201240,8192,8192,0.1,825220,0,8,-2.198137044906616,-2.1876973311106362,0.010439713795979966
paraphrase,201240,8192,8192,0.1,825220,21,9,-2.198137044906616,-2.177298386891683,0.02083865801493312
paraphrase,201240,8192,8192,0.1,825220,20,2,-2.198137044906616,-2.198136250178019,7.947285971532381e-07
paraphrase,201240,8192,8192,0.1,825220,19,1,-2.198137044906616,-2.1877203782399497,0.010416666666666519
paraphrase,201240,8192,8192,0.1,825220,20,5,-2.198137044906616,-2.2085625330607095,-0.010425488154093276
paraphrase,201240,8192,8192,0.1,825220,0,11,-2.198137044906616,-2.13563863436381,0.06249841054280614
paraphrase,201240,8192,8192,0.1,825220,0,2,-2.198137044906616,-2.1772871812184653,0.020849863688150894
paraphrase,201240,8192,8192,0.1,825220,0,10,-2.198137044906616,-2.135551333427429,0.06258571147918701
paraphrase,201240,8192,8192,0.1,825220,0,0,-2.198137044906616,-2.1773180961608887,0.02081894874572754
paraphrase,201240,8192,8192,0.1,825220,0,1,-2.198137044906616,-2.1981355349222818,1.5099843344579256e-06
paraphrase,201240,8192,8192,0.1,825220,20,11,-2.198137044906616,-2.166891098022461,0.031245946884155273
paraphrase,201240,8192,8192,0.1,825220,0,5,-2.198137044906616,-2.1773093541463218,0.02082769076029445
paraphrase,201240,8192,8192,0.1,825220,18,1,-2.198137044906616,-2.104395071665446,0.0937419732411704
paraphrase,201240,8192,8192,0.1,825220,23,8,-2.198137044906616,-2.1564749081929526,0.04166213671366359
paraphrase,201240,8192,8192,0.1,825220,20,10,-2.198137044906616,-2.1668783028920493,0.03125874201456691
paraphrase,201240,8192,8192,0.1,825220,17,6,-2.198137044906616,-2.2189817428588867,-0.020844697952270508
paraphrase,201240,8192,8192,0.1,825220,20,0,-2.198137044906616,-2.1877222855885825,0.010414759318033706
paraphrase,201240,8192,8192,0.1,825220,21,4,-2.198137044906616,-2.2606283823649087,-0.062491337458292495
paraphrase,201240,8192,8192,0.1,825220,18,7,-2.198137044906616,-2.1773107846577964,0.02082626024881984
paraphrase,201240,8192,8192,0.1,825220,21,8,-2.198137044906616,-2.1877245903015137,0.010412454605102539
paraphrase,201240,8192,8192,0.1,825220,20,1,-2.198137044906616,-2.2085540294647217,-0.010416984558105469
paraphrase,201240,8192,8192,0.1,825220,21,10,-2.198137044906616,-2.2085659503936768,-0.010428905487060547
paraphrase,201240,8192,8192,0.1,825220,22,6,-2.198137044906616,-2.2085577646891275,-0.010420719782511245
paraphrase,201240,8192,8192,0.1,825220,17,8,-2.198137044906616,-2.218983252843221,-0.020846207936604966
paraphrase,201240,8192,8192,0.1,825220,20,7,-2.198137044906616,-2.364814837773641,-0.1666777928670249
paraphrase,201240,8192,8192,0.1,825220,21,5,-2.198137044906616,-2.2606352965037027,-0.06249825159708644
paraphrase,201240,8192,8192,0.1,825220,21,6,-2.198137044906616,-2.1981402238210044,-3.178914388168863e-06
paraphrase,201240,8192,8192,0.1,825220,22,11,-2.198137044906616,-2.2085493405659995,-0.010412295659383286
paraphrase,201240,8192,8192,0.1,825220,17,2,-2.198137044906616,-2.1356889406840005,0.06244810422261571
paraphrase,201240,8192,8192,0.1,825220,20,4,-2.198137044906616,-2.18773086865743,0.01040617624918605
paraphrase,201240,8192,8192,0.1,825220,21,2,-2.198137044906616,-2.1877137819925943,0.010423262914021958
paraphrase,201240,8192,8192,0.1,825220,22,9,-2.198137044906616,-2.198148727416992,-1.1682510375976562e-05
paraphrase,201240,8192,8192,0.1,825220,17,7,-2.198137044906616,-2.1356414159139,0.06249562899271632
paraphrase,201240,8192,8192,0.1,825220,21,7,-2.198137044906616,-2.1773058573404946,0.020831187566121567
paraphrase,201240,8192,8192,0.1,825220,20,8,-2.198137044906616,-2.260601758956909,-0.06246471405029297
paraphrase,201240,8192,8192,0.1,825220,22,8,-2.198137044906616,-2.208551565806071,-0.010414520899454605
paraphrase,201240,8192,8192,0.1,825220,17,10,-2.198137044906616,-2.2397937774658203,-0.0416567325592041
paraphrase,201240,8192,8192,0.1,825220,21,3,-2.198137044906616,-2.250222126642863,-0.0520850817362466
paraphrase,201240,8192,8192,0.1,825220,22,2,-2.198137044906616,-2.1877294381459556,0.01040760676066066
paraphrase,201240,8192,8192,0.1,825220,20,6,-2.198137044906616,-2.2606502374013266,-0.06251319249471043
paraphrase,201240,8192,8192,0.1,825220,21,1,-2.198137044906616,-2.2398017247517905,-0.0416646798451743
paraphrase,201240,8192,8192,0.1,825220,22,0,-2.198137044906616,-2.250224987665812,-0.052087942759195816
paraphrase,201240,8192,8192,0.1,825220,22,5,-2.198137044906616,-2.1148049036661782,0.08333214124043797
paraphrase,201240,8192,8192,0.1,825220,21,0,-2.198137044906616,-2.271051565806071,-0.0729145208994546
paraphrase,201240,8192,8192,0.1,825220,17,9,-2.198137044906616,-2.208568811416626,-0.010431766510009766
paraphrase,201240,8192,8192,0.1,825220,22,3,-2.198137044906616,-2.2189740339914956,-0.02083698908487941
paraphrase,201240,8192,8192,0.1,825220,17,11,-2.198137044906616,-2.198145786921183,-8.742014566909262e-06
paraphrase,201240,8192,8192,0.1,825220,22,4,-2.198137044906616,-2.2710456053415933,-0.07290856043497707
paraphrase,201240,8192,8192,0.1,825220,22,1,-2.198137044906616,-2.2189664045969644,-0.02082935969034816
paraphrase,201241,8192,8192,0.1,844590,21,11,-2.073101202646891,-2.0939515431722007,-0.02085034052530954
paraphrase,201241,8192,8192,0.1,844590,22,7,-2.073101202646891,-2.2085296312967935,-0.13542842864990234
paraphrase,201241,8192,8192,0.1,844590,18,3,-2.073101202646891,-2.1668628056844077,-0.09376160303751657
paraphrase,201241,8192,8192,0.1,844590,20,9,-2.073101202646891,-2.1460052331288657,-0.07290403048197458
paraphrase,201241,8192,8192,0.1,844590,17,3,-2.073101202646891,-2.1668272018432617,-0.09372599919637059
paraphrase,201241,8192,8192,0.1,844590,22,10,-2.073101202646891,-2.1043546994527182,-0.03125349680582712
paraphrase,201241,8192,8192,0.1,844590,23,4,-2.073101202646891,-2.093939781188965,-0.020838578542073716
paraphrase,201241,8192,8192,0.1,844590,20,3,-2.073101202646891,-2.083524227142334,-0.010423024495442856
paraphrase,201241,8192,8192,0.1,844590,0,3,-2.073101202646891,-2.1251973311106362,-0.05209612846374512
paraphrase,201241,8192,8192,0.1,844590,0,6,-2.073101202646891,-2.104273557662964,-0.03117235501607274
paraphrase,201241,8192,8192,0.1,844590,0,4,-2.073101202646891,-2.104334751764933,-0.031233549118041992
paraphrase,201241,8192,8192,0.1,844590,0,7,-2.073101202646891,-2.06268040339152,0.010420799255371094
paraphrase,201241,8192,8192,0.1,844590,0,8,-2.073101202646891,-2.093935410181681,-0.02083420753479004
paraphrase,201241,8192,8192,0.1,844590,21,9,-2.073101202646891,-2.041857878367106,0.031243324279785156
paraphrase,201241,8192,8192,0.1,844590,20,2,-2.073101202646891,-2.1043481826782227,-0.031246980031331528
paraphrase,201241,8192,8192,0.1,844590,19,1,-2.073101202646891,-2.062692483266195,0.010408719380696319
paraphrase,201241,8192,8192,0.1,844590,20,5,-2.073101202646891,-2.104358355204264,-0.03125715255737305
paraphrase,201241,8192,8192,0.1,844590,0,11,-2.073101202646891,-2.0522728761037192,0.020828326543171904
paraphrase,201241,8192,8192,0.1,844590,0,2,-2.073101202646891,-2.0835013389587402,-0.010400136311849106
paraphrase,201241,8192,8192,0.1,844590,0,10,-2.073101202646891,-2.0626140435536704,0.010487159093220733
paraphrase,201241,8192,8192,0.1,844590,0,0,-2.073101202646891,-2.0731166203816733,-1.54177347821971e-05
paraphrase,201241,8192,8192,0.1,844590,0,1,-2.073101202646891,-2.135603189468384,-0.06250198682149266
paraphrase,201241,8192,8192,0.1,844590,20,11,-2.073101202646891,-2.031435966491699,0.04166523615519191
paraphrase,201241,8192,8192,0.1,844590,0,5,-2.073101202646891,-2.0939361254374185,-0.020834922790527344
paraphrase,201241,8192,8192,0.1,844590,18,1,-2.073101202646891,-2.0002004305521646,0.07290077209472656
paraphrase,201241,8192,8192,0.1,844590,23,8,-2.073101202646891,-2.0522754192352295,0.020825783411661636
paraphrase,201241,8192,8192,0.1,844590,20,10,-2.073101202646891,-2.0731029510498047,-1.748402913559488e-06
paraphrase,201241,8192,8192,0.1,844590,17,6,-2.073101202646891,-2.125199476877848,-0.05209827423095703
paraphrase,201241,8192,8192,0.1,844590,20,0,-2.073101202646891,-2.0626888275146484,0.01041237513224269
paraphrase,201241,8192,8192,0.1,844590,21,4,-2.073101202646891,-2.1147647698720298,-0.04166356722513864
paraphrase,201241,8192,8192,0.1,844590,18,7,-2.073101202646891,-2.041853427886963,0.031247774759928237
paraphrase,201241,8192,8192,0.1,844590,21,8,-2.073101202646891,-2.0626883506774902,0.010412851969400894
paraphrase,201241,8192,8192,0.1,844590,20,1,-2.073101202646891,-2.073095162709554,6.039937336943524e-06
paraphrase,201241,8192,8192,0.1,844590,21,10,-2.073101202646891,-2.093934694925944,-0.020833492279052734
paraphrase,201241,8192,8192,0.1,844590,22,6,-2.073101202646891,-2.0731071631113687,-5.9604644775390625e-06
paraphrase,201241,8192,8192,0.1,844590,17,8,-2.073101202646891,-2.1043543815612793,-0.03125317891438817
paraphrase,201241,8192,8192,0.1,844590,20,7,-2.073101202646891,-2.2293527126312256,-0.15625150998433446
paraphrase,201241,8192,8192,0.1,844590,21,5,-2.073101202646891,-2.1147549947102866,-0.04165379206339548
paraphrase,201241,8192,8192,0.1,844590,21,6,-2.073101202646891,-2.062685489654541,0.010415712992350112
paraphrase,201241,8192,8192,0.1,844590,22,11,-2.073101202646891,-2.0835272471110025,-0.010426044464111328
paraphrase,201241,8192,8192,0.1,844590,17,2,-2.073101202646891,-2.031479517618815,0.04162168502807617
paraphrase,201241,8192,8192,0.1,844590,20,4,-2.073101202646891,-2.0626893043518066,0.010411898295084487
paraphrase,201241,8192,8192,0.1,844590,21,2,-2.073101202646891,-2.0626773039499917,0.010423898696899414
paraphrase,201241,8192,8192,0.1,844590,22,9,-2.073101202646891,-2.083523750305176,-0.010422547658284653
paraphrase,201241,8192,8192,0.1,844590,17,7,-2.073101202646891,-2.021028677622477,0.05207252502441406
paraphrase,201241,8192,8192,0.1,844590,21,7,-2.073101202646891,-2.0731080373128257,-6.834665934540851e-06
paraphrase,201241,8192,8192,0.1,844590,20,8,-2.073101202646891,-2.1668272018432617,-0.09372599919637059
paraphrase,201241,8192,8192,0.1,844590,22,8,-2.073101202646891,-2.073101361592611,-1.5894571969710114e-07
paraphrase,201241,8192,8192,0.1,844590,17,10,-2.073101202646891,-2.125188668568929,-0.052087465922038056
paraphrase,201241,8192,8192,0.1,844590,21,3,-2.073101202646891,-2.1251867612202964,-0.052085558573405244
paraphrase,201241,8192,8192,0.1,844590,22,2,-2.073101202646891,-2.073111375172933,-1.0172526041962726e-05
paraphrase,201241,8192,8192,0.1,844590,20,6,-2.073101202646891,-2.125197410583496,-0.052096207936604966
paraphrase,201241,8192,8192,0.1,844590,21,1,-2.073101202646891,-2.1147685050964355,-0.04166730244954442
paraphrase,201241,8192,8192,0.1,844590,22,0,-2.073101202646891,-2.1356099446614585,-0.06250874201456735
paraphrase,201241,8192,8192,0.1,844590,22,5,-2.073101202646891,-2.0210267702738443,0.052074432373046875
paraphrase,201241,8192,8192,0.1,844590,21,0,-2.073101202646891,-2.1356008052825928,-0.062499602635701645
paraphrase,201241,8192,8192,0.1,844590,17,9,-2.073101202646891,-2.0731070836385093,-5.880991618134601e-06
paraphrase,201241,8192,8192,0.1,844590,22,3,-2.073101202646891,-2.093935171763102,-0.020833969116210938
paraphrase,201241,8192,8192,0.1,844590,17,11,-2.073101202646891,-2.062689781188965,0.010411421457926284
paraphrase,201241,8192,8192,0.1,844590,22,4,-2.073101202646891,-2.1460198561350503,-0.07291865348815918
paraphrase,201241,8192,8192,0.1,844590,22,1,-2.073101202646891,-2.083518664042155,-0.010417461395263672
relational,301234,8192,8192,0.1,994066,21,11,-1.979209582010905,-2.069607734680176,-0.09039815266927076
relational,301234,8192,8192,0.1,994066,22,7,-1.979209582010905,-1.970444679260254,0.008764902750651116
relational,301234,8192,8192,0.1,994066,18,3,-1.979209582010905,-2.0811781883239746,-0.10196860631306959
relational,301234,8192,8192,0.1,994066,20,9,-1.979209582010905,-2.0908617973327637,-0.11165221532185865
relational,301234,8192,8192,0.1,994066,17,3,-1.979209582010905,-2.0342849095662436,-0.055075327555338616
relational,301234,8192,8192,0.1,994066,22,10,-1.979209582010905,-2.0605807304382324,-0.0813711484273274
relational,301234,8192,8192,0.1,994066,23,4,-1.979209582010905,-2.004279454549154,-0.025069872538248772
relational,301234,8192,8192,0.1,994066,20,3,-1.979209582010905,-2.0225098927815757,-0.04330031077067065
relational,301234,8192,8192,0.1,994066,0,3,-1.979209582010905,-2.0251601537068686,-0.045950571695963616
relational,301234,8192,8192,0.1,994066,0,6,-1.979209582010905,-1.9729655583699544,0.006244023640950669
relational,301234,8192,8192,0.1,994066,0,4,-1.979209582010905,-2.0121326446533203,-0.03292306264241529
relational,301234,8192,8192,0.1,994066,0,7,-1.979209582010905,-1.962976296742757,0.016233285268147934
relational,301234,8192,8192,0.1,994066,0,8,-1.979209582010905,-1.9574025472005208,0.021807034810384263
relational,301234,8192,8192,0.1,994066,21,9,-1.979209582010905,-2.004935105641683,-0.02572552363077807
relational,301234,8192,8192,0.1,994066,20,2,-1.979209582010905,-1.977571169535319,0.0016384124755859375
relational,301234,8192,8192,0.1,994066,19,1,-1.979209582010905,-1.9792035420735676,6.039937337387613e-06
relational,301234,8192,8192,0.1,994066,20,5,-1.979209582010905,-1.979242483774821,-3.2901763916015625e-05
relational,301234,8192,8192,0.1,994066,0,11,-1.979209582010905,-1.9558385213216145,0.023371060689290513
relational,301234,8192,8192,0.1,994066,0,2,-1.979209582010905,-1.9906786282857258,-0.011469046274820816
relational,301234,8192,8192,0.1,994066,0,10,-1.979209582010905,-1.9376002152760823,0.04160936673482274
relational,301234,8192,8192,0.1,994066,0,0,-1.979209582010905,-1.9978772799173992,-0.01866769790649414
relational,301234,8192,8192,0.1,994066,0,1,-1.979209582010905,-1.9893566767374675,-0.0101470947265625
relational,301234,8192,8192,0.1,994066,20,11,-1.979209582010905,-1.9684537251790364,0.010755856831868638
relational,301234,8192,8192,0.1,994066,0,5,-1.979209582010905,-2.013739744822184,-0.034530162811279075
relational,301234,8192,8192,0.1,994066,18,1,-1.979209582010905,-1.9505739212036133,0.02863566080729174
relational,301234,8192,8192,0.1,994066,23,8,-1.979209582010905,-1.9792035420735676,6.039937337387613e-06
relational,301234,8192,8192,0.1,994066,20,10,-1.979209582010905,-2.004279295603434,-0.025069713592529075
relational,301234,8192,8192,0.1,994066,17,6,-1.979209582010905,-2.003033002217611,-0.023823420206705803
relational,301234,8192,8192,0.1,994066,20,0,-1.979209582010905,-1.9918983777364094,-0.01268879572550441
relational,301234,8192,8192,0.1,994066,21,4,-1.979209582010905,-2.046590805053711,-0.06738122304280592
relational,301234,8192,8192,0.1,994066,18,7,-1.979209582010905,-2.0121068954467773,-0.03289731343587232
relational,301234,8192,8192,0.1,994066,21,8,-1.979209582010905,-1.9525375366210938,0.026672045389811272
relational,301234,8192,8192,0.1,994066,20,1,-1.979209582010905,-2.0143688519795737,-0.035159269968668694
relational,301234,8192,8192,0.1,994066,21,10,-1.979209582010905,-1.9583539962768555,0.020855585734049553
relational,301234,8192,8192,0.1,994066,22,6,-1.979209582010905,-1.9896281560262044,-0.010418574015299331
relational,301234,8192,8192,0.1,994066,17,8,-1.979209582010905,-1.978906472524007,0.0003031094868979345
relational,301234,8192,8192,0.1,994066,20,7,-1.979209582010905,-2.158576806386312,-0.17936722437540698
relational,301234,8192,8192,0.1,994066,21,5,-1.979209582010905,-2.0277236302693686,-0.048514048258463616
relational,301234,8192,8192,0.1,994066,21,6,-1.979209582010905,-2.0026399294535318,-0.02343034744262673
relational,301234,8192,8192,0.1,994066,22,11,-1.979209582010905,-2.0000322659810386,-0.020822683970133538
relational,301234,8192,8192,0.1,994066,17,2,-1.979209582010905,-1.9792903264363606,-8.074442545558114e-05
relational,301234,8192,8192,0.1,994066,20,4,-1.979209582010905,-1.976285457611084,0.0029241243998210376
relational,301234,8192,8192,0.1,994066,21,2,-1.979209582010905,-1.9922245343526204,-0.013014952341715347
relational,301234,8192,8192,0.1,994066,22,9,-1.979209582010905,-1.9714047114054363,0.00780487060546875
relational,301234,8192,8192,0.1,994066,17,7,-1.979209582010905,-1.9496002197265625,0.029609362284342522
relational,301234,8192,8192,0.1,994066,21,7,-1.979209582010905,-1.9818202654520671,-0.0026106834411621094
relational,301234,8192,8192,0.1,994066,20,8,-1.979209582010905,-2.0270182291666665,-0.0478086471557615
relational,301234,8192,8192,0.1,994066,22,8,-1.979209582010905,-2.004265785217285,-0.025056203206380134
relational,301234,8192,8192,0.1,994066,17,10,-1.979209582010905,-2.0563205083211265,-0.07711092631022143
relational,301234,8192,8192,0.1,994066,21,3,-1.979209582010905,-2.0547467867533364,-0.07553720474243142
relational,301234,8192,8192,0.1,994066,22,2,-1.979209582010905,-1.9942137400309246,-0.015004158020019531
relational,301234,8192,8192,0.1,994066,20,6,-1.979209582010905,-2.0335745811462402,-0.05436499913533521
relational,301234,8192,8192,0.1,994066,21,1,-1.979209582010905,-2.0465985933939614,-0.06738901138305642
relational,301234,8192,8192,0.1,994066,22,0,-1.979209582010905,-2.036219914754232,-0.0570103327433269
relational,301234,8192,8192,0.1,994066,22,5,-1.979209582010905,-2.0361746152242026,-0.0569650332132976
relational,301234,8192,8192,0.1,994066,21,0,-1.979209582010905,-2.0677550633748374,-0.08854548136393237
relational,301234,8192,8192,0.1,994066,17,9,-1.979209582010905,-1.9938594500223796,-0.01464986801147461
relational,301234,8192,8192,0.1,994066,22,3,-1.979209582010905,-1.9821373621622722,-0.0029277801513671875
relational,301234,8192,8192,0.1,994066,17,11,-1.979209582010905,-1.9652341206868489,0.013975461324056138
relational,301234,8192,8192,0.1,994066,22,4,-1.979209582010905,-2.0391039848327637,-0.05989440282185865
relational,301234,8192,8192,0.1,994066,22,1,-1.979209582010905,-1.9905893007914226,-0.011379718780517578
relational,301235,8192,8192,0.1,726316,21,11,-1.856849988301595,-1.9413070678710938,-0.08445707956949877
relational,301235,8192,8192,0.1,726316,22,7,-1.856849988301595,-1.992282549540202,-0.13543256123860692
relational,301235,8192,8192,0.1,726316,18,3,-1.856849988301595,-1.9722509384155273,-0.11540095011393237
relational,301235,8192,8192,0.1,726316,20,9,-1.856849988301595,-1.9193857510884602,-0.06253576278686523
relational,301235,8192,8192,0.1,726316,17,3,-1.856849988301595,-1.919309139251709,-0.062459150950114006
relational,301235,8192,8192,0.1,726316,22,10,-1.856849988301595,-1.929794470469157,-0.072944482167562
relational,301235,8192,8192,0.1,726316,23,4,-1.856849988301595,-1.8880608876546223,-0.031210899353027344
relational,301235,8192,8192,0.1,726316,20,3,-1.856849988301595,-1.9091809590657551,-0.052330970764160156
relational,301235,8192,8192,0.1,726316,0,3,-1.856849988301595,-1.8778025309244792,-0.020952542622884263
relational,301235,8192,8192,0.1,726316,0,6,-1.856849988301595,-1.8866877555847168,-0.02983776728312182
relational,301235,8192,8192,0.1,726316,0,4,-1.856849988301595,-1.8880152702331543,-0.03116528193155932
relational,301235,8192,8192,0.1,726316,0,7,-1.856849988301595,-1.8779048919677734,-0.02105490366617846
relational,301235,8192,8192,0.1,726316,0,8,-1.856849988301595,-1.8767999013264973,-0.019949913024902344
relational,301235,8192,8192,0.1,726316,21,9,-1.856849988301595,-1.836180051167806,0.020669937133789062
relational,301235,8192,8192,0.1,726316,20,2,-1.856849988301595,-1.8779592514038086,-0.021109263102213616
relational,301235,8192,8192,0.1,726316,19,1,-1.856849988301595,-1.8568611145019531,-1.1126200358146932e-05
relational,301235,8192,8192,0.1,726316,20,5,-1.856849988301595,-1.856827735900879,2.225240071607182e-05
relational,301235,8192,8192,0.1,726316,0,11,-1.856849988301595,-1.8039493560791016,0.052900632222493416
relational,301235,8192,8192,0.1,726316,0,2,-1.856849988301595,-1.877687136332194,-0.020837148030599106
relational,301235,8192,8192,0.1,726316,0,10,-1.856849988301595,-1.8764101664225261,-0.019560178120931138
relational,301235,8192,8192,0.1,726316,0,0,-1.856849988301595,-1.805477460225423,0.051372528076171875
relational,301235,8192,8192,0.1,726316,0,1,-1.856849988301595,-1.8464365005493164,0.010413487752278572
relational,301235,8192,8192,0.1,726316,20,11,-1.856849988301595,-1.8255949020385742,0.03125508626302076
relational,301235,8192,8192,0.1,726316,0,5,-1.856849988301595,-1.8570542335510254,-0.00020424524943041256
relational,301235,8192,8192,0.1,726316,18,1,-1.856849988301595,-1.867500940958659,-0.01065095265706395
relational,301235,8192,8192,0.1,726316,23,8,-1.856849988301595,-1.867246945699056,-0.010396957397460938
relational,301235,8192,8192,0.1,726316,20,10,-1.856849988301595,-1.8568636576334636,-1.3669331868637613e-05
relational,301235,8192,8192,0.1,726316,17,6,-1.856849988301595,-1.8779632250467937,-0.021113236745198716
relational,301235,8192,8192,0.1,726316,20,0,-1.856849988301595,-1.8570528030395508,-0.00020281473795580318
relational,301235,8192,8192,0.1,726316,21,4,-1.856849988301595,-1.8776714007059734,-0.020821412404378403
relational,301235,8192,8192,0.1,726316,18,7,-1.856849988301595,-1.8464711507161458,0.010378837585449219
relational,301235,8192,8192,0.1,726316,21,8,-1.856849988301595,-1.8569167455037434,-6.67572021484375e-05
relational,301235,8192,8192,0.1,726316,20,1,-1.856849988301595,-1.8983914057413738,-0.041541417439778794
relational,301235,8192,8192,0.1,726316,21,10,-1.856849988301595,-1.8568115234375,3.846486409497807e-05
relational,301235,8192,8192,0.1,726316,22,6,-1.856849988301595,-1.8673335711161296,-0.010483582814534653
relational,301235,8192,8192,0.1,726316,17,8,-1.856849988301595,-1.8569246927897136,-7.470448811863761e-05
relational,301235,8192,8192,0.1,726316,20,7,-1.856849988301595,-1.9923206965128581,-0.13547070821126317
relational,301235,8192,8192,0.1,726316,21,5,-1.856849988301595,-1.9193053245544434,-0.06245533625284838
relational,301235,8192,8192,0.1,726316,21,6,-1.856849988301595,-1.9090585708618164,-0.05220858256022143
relational,301235,8192,8192,0.1,726316,22,11,-1.856849988301595,-1.856928825378418,-7.883707682299068e-05
relational,301235,8192,8192,0.1,726316,17,2,-1.856849988301595,-1.8572444915771484,-0.00039450327555345943
relational,301235,8192,8192,0.1,726316,20,4,-1.856849988301595,-1.8780024846394856,-0.021152496337890625
relational,301235,8192,8192,0.1,726316,21,2,-1.856849988301595,-1.8673731486002605,-0.010523160298665513
relational,301235,8192,8192,0.1,726316,22,9,-1.856849988301595,-1.8674481709798176,-0.010598182678222656
relational,301235,8192,8192,0.1,726316,17,7,-1.856849988301595,-1.8049901326497395,0.05185985565185547
relational,301235,8192,8192,0.1,726316,21,7,-1.856849988301595,-1.8359958330790203,0.020854155222574722
relational,301235,8192,8192,0.1,726316,20,8,-1.856849988301595,-1.9299325942993164,-0.07308260599772143
relational,301235,8192,8192,0.1,726316,22,8,-1.856849988301595,-1.857048511505127,-0.00019852320353197506
relational,301235,8192,8192,0.1,726316,17,10,-1.856849988301595,-1.9400825500488281,-0.08323256174723315
relational,301235,8192,8192,0.1,726316,21,3,-1.856849988301595,-1.9193016688028972,-0.06245168050130223
relational,301235,8192,8192,0.1,726316,22,2,-1.856849988301595,-1.8777135213216145,-0.02086353302001953
relational,301235,8192,8192,0.1,726316,20,6,-1.856849988301595,-1.9089713096618652,-0.052121321360270256
relational,301235,8192,8192,0.1,726316,21,1,-1.856849988301595,-1.9089616139729817,-0.05211162567138672
relational,301235,8192,8192,0.1,726316,22,0,-1.856849988301595,-1.8778088887532551,-0.020958900451660156
relational,301235,8192,8192,0.1,726316,22,5,-1.856849988301595,-1.8776644070943196,-0.02081441879272461
relational,301235,8192,8192,0.1,726316,21,0,-1.856849988301595,-1.94002103805542,-0.08317104975382494
relational,301235,8192,8192,0.1,726316,17,9,-1.856849988301595,-1.8882425626118977,-0.031392574310302734
relational,301235,8192,8192,0.1,726316,22,3,-1.856849988301595,-1.8779069582621257,-0.021056969960530747
relational,301235,8192,8192,0.1,726316,17,11,-1.856849988301595,-1.8359408378601074,0.020909150441487556
relational,301235,8192,8192,0.1,726316,22,4,-1.856849988301595,-1.8985238075256348,-0.04167381922403979
relational,301235,8192,8192,0.1,726316,22,1,-1.856849988301595,-1.867244561513265,-0.010394573211669922
relational,301236,8192,8192,0.1,708819,21,11,-1.7402187983194988,-1.8341283798217773,-0.09390958150227857
relational,301236,8192,8192,0.1,708819,22,7,-1.7402187983194988,-1.9068907101949055,-0.16667191187540675
relational,301236,8192,8192,0.1,708819,18,3,-1.7402187983194988,-1.875750223795573,-0.13553142547607422
relational,301236,8192,8192,0.1,708819,20,9,-1.7402187983194988,-1.7922813097635906,-0.0520625114440918
relational,301236,8192,8192,0.1,708819,17,3,-1.7402187983194988,-1.7922492027282715,-0.05203040440877271
relational,301236,8192,8192,0.1,708819,22,10,-1.7402187983194988,-1.8026995658874512,-0.0624807675679524
relational,301236,8192,8192,0.1,708819,23,4,-1.7402187983194988,-1.7818779945373535,-0.041659196217854744
relational,301236,8192,8192,0.1,708819,20,3,-1.7402187983194988,-1.7818865776062012,-0.0416677792867024
relational,301236,8192,8192,0.1,708819,0,3,-1.7402187983194988,-1.7610279719034831,-0.020809173583984375
relational,301236,8192,8192,0.1,708819,0,6,-1.7402187983194988,-1.7816522121429443,-0.041433413823445564
relational,301236,8192,8192,0.1,708819,0,4,-1.7402187983194988,-1.7714896202087402,-0.03127082188924146
relational,301236,8192,8192,0.1,708819,0,7,-1.7402187983194988,-1.750531514485677,-0.010312716166178237
relational,301236,8192,8192,0.1,708819,0,8,-1.7402187983194988,-1.7609675725301106,-0.02074877421061183
relational,301236,8192,8192,0.1,708819,21,9,-1.7402187983194988,-1.7402636210123699,-4.482269287109375e-05
relational,301236,8192,8192,0.1,708819,20,2,-1.7402187983194988,-1.7714993158976238,-0.031280517578125
relational,301236,8192,8192,0.1,708819,19,1,-1.7402187983194988,-1.7506542205810547,-0.010435422261555916
relational,301236,8192,8192,0.1,708819,20,5,-1.7402187983194988,-1.750686486562093,-0.010467688242594253
relational,301236,8192,8192,0.1,708819,0,11,-1.7402187983194988,-1.7297972043355305,0.010421593983968247
relational,301236,8192,8192,0.1,708819,0,2,-1.7402187983194988,-1.7506419817606609,-0.01042318344116211
relational,301236,8192,8192,0.1,708819,0,10,-1.7402187983194988,-1.7713281313578289,-0.031109333038330078
relational,301236,8192,8192,0.1,708819,0,0,-1.7402187983194988,-1.7299542427062988,0.010264555613199944
relational,301236,8192,8192,0.1,708819,0,1,-1.7402187983194988,-1.771583875020345,-0.031365076700846206
relational,301236,8192,8192,0.1,708819,20,11,-1.7402187983194988,-1.7298215230305989,0.010397275288899888
relational,301236,8192,8192,0.1,708819,0,5,-1.7402187983194988,-1.7610270182291667,-0.02080821990966797
relational,301236,8192,8192,0.1,708819,18,1,-1.7402187983194988,-1.7714975674947102,-0.03127876917521144
relational,301236,8192,8192,0.1,708819,23,8,-1.7402187983194988,-1.7506365776062012,-0.0104177792867024
relational,301236,8192,8192,0.1,708819,20,10,-1.7402187983194988,-1.7714734077453613,-0.031254609425862556
relational,301236,8192,8192,0.1,708819,17,6,-1.7402187983194988,-1.771563212076823,-0.03134441375732422
relational,301236,8192,8192,0.1,708819,20,0,-1.7402187983194988,-1.7610559463500977,-0.020837148030598884
relational,301236,8192,8192,0.1,708819,21,4,-1.7402187983194988,-1.7923150062561035,-0.052096207936604744
relational,301236,8192,8192,0.1,708819,18,7,-1.7402187983194988,-1.7506197293599446,-0.010400931040445816
relational,301236,8192,8192,0.1,708819,21,8,-1.7402187983194988,-1.7402373949686687,-1.8596649169921875e-05
relational,301236,8192,8192,0.1,708819,20,1,-1.7402187983194988,-1.7819132804870605,-0.041694482167561775
relational,301236,8192,8192,0.1,708819,21,10,-1.7402187983194988,-1.7610356012980144,-0.020816802978515625
relational,301236,8192,8192,0.1,708819,22,6,-1.7402187983194988,-1.7610540390014648,-0.020835240681966072
relational,301236,8192,8192,0.1,708819,17,8,-1.7402187983194988,-1.750612735748291,-0.010393937428792244
relational,301236,8192,8192,0.1,708819,20,7,-1.7402187983194988,-1.8860007921854656,-0.1457819938659668
relational,301236,8192,8192,0.1,708819,21,5,-1.7402187983194988,-1.813139279683431,-0.07292048136393214
relational,301236,8192,8192,0.1,708819,21,6,-1.7402187983194988,-1.8027156194051106,-0.06249682108561183
relational,301236,8192,8192,0.1,708819,22,11,-1.7402187983194988,-1.7610467274983723,-0.02082792917887355
relational,301236,8192,8192,0.1,708819,17,2,-1.7402187983194988,-1.7403071721394856,-8.837381998683114e-05
relational,301236,8192,8192,0.1,708819,20,4,-1.7402187983194988,-1.750664234161377,-0.010445435841878181
relational,301236,8192,8192,0.1,708819,21,2,-1.7402187983194988,-1.771463394165039,-0.03124459584554029
relational,301236,8192,8192,0.1,708819,22,9,-1.7402187983194988,-1.7818881670633953,-0.041669368743896484
relational,301236,8192,8192,0.1,708819,17,7,-1.7402187983194988,-1.7194258371988933,0.02079296112060547
relational,301236,8192,8192,0.1,708819,21,7,-1.7402187983194988,-1.7402242024739583,-5.404154459487387e-06
relational,301236,8192,8192,0.1,708819,20,8,-1.7402187983194988,-1.7922498385111492,-0.05203104019165039
relational,301236,8192,8192,0.1,708819,22,8,-1.7402187983194988,-1.7610262235005696,-0.020807425181070816
relational,301236,8192,8192,0.1,708819,17,10,-1.7402187983194988,-1.823521614074707,-0.08330281575520826
relational,301236,8192,8192,0.1,708819,21,3,-1.7402187983194988,-1.8131294250488281,-0.07291062672932935
relational,301236,8192,8192,0.1,708819,22,2,-1.7402187983194988,-1.7611029942830403,-0.02088419596354152
relational,301236,8192,8192,0.1,708819,20,6,-1.7402187983194988,-1.8131807645161946,-0.07296196619669582
relational,301236,8192,8192,0.1,708819,21,1,-1.7402187983194988,-1.8339703877766926,-0.09375158945719386
relational,301236,8192,8192,0.1,708819,22,0,-1.7402187983194988,-1.802768389383952,-0.06254959106445312
relational,301236,8192,8192,0.1,708819,22,5,-1.7402187983194988,-1.7506553332010906,-0.010436534881591797
relational,301236,8192,8192,0.1,708819,21,0,-1.7402187983194988,-1.8443954785664876,-0.10417668024698878
relational,301236,8192,8192,0.1,708819,17,9,-1.7402187983194988,-1.7402466138203938,-2.7815500895034262e-05
relational,301236,8192,8192,0.1,708819,22,3,-1.7402187983194988,-1.7610500653584797,-0.020831267038980972
relational,301236,8192,8192,0.1,708819,17,11,-1.7402187983194988,-1.7298197746276855,0.010399023691813225
relational,301236,8192,8192,0.1,708819,22,4,-1.7402187983194988,-1.8027501106262207,-0.06253131230672193
relational,301236,8192,8192,0.1,708819,22,1,-1.7402187983194988,-1.7610400517781575,-0.020821253458658706
relational,301237,8192,8192,0.1,227126,21,11,-1.9262503782908122,-1.951324462890625,-0.02507408459981275
relational,301237,8192,8192,0.1,227126,22,7,-1.9262503782908122,-1.9052704175313313,0.020979960759480942
relational,301237,8192,8192,0.1,227126,18,3,-1.9262503782908122,-2.04148268699646,-0.11523230870564771
relational,301237,8192,8192,0.1,227126,20,9,-1.9262503782908122,-1.9778026739756267,-0.05155229568481445
relational,301237,8192,8192,0.1,227126,17,3,-1.9262503782908122,-1.9887723922729492,-0.06252201398213697
relational,301237,8192,8192,0.1,227126,22,10,-1.9262503782908122,-2.030360698699951,-0.10411032040913892
relational,301237,8192,8192,0.1,227126,23,4,-1.9262503782908122,-1.9470263322194417,-0.02077595392862941
relational,301237,8192,8192,0.1,227126,20,3,-1.9262503782908122,-1.925899585088094,0.000350793202718247
relational,301237,8192,8192,0.1,227126,0,3,-1.9262503782908122,-1.9707767963409424,-0.044526418050130134
relational,301237,8192,8192,0.1,227126,0,6,-1.9262503782908122,-1.9745595455169678,-0.048309167226155525
relational,301237,8192,8192,0.1,227126,0,4,-1.9262503782908122,-1.960084040959676,-0.033833662668863784
relational,301237,8192,8192,0.1,227126,0,7,-1.9262503782908122,-1.9260882536570232,0.0001621246337890625
relational,301237,8192,8192,0.1,227126,0,8,-1.9262503782908122,-1.9335187276204426,-0.007268349329630386
relational,301237,8192,8192,0.1,227126,21,9,-1.9262503782908122,-1.8742916584014893,0.05195871988932299
relational,301237,8192,8192,0.1,227126,20,2,-1.9262503782908122,-1.9253132343292236,0.0009371439615886157
relational,301237,8192,8192,0.1,227126,19,1,-1.9262503782908122,-1.9266862869262695,-0.00043590863545728276
relational,301237,8192,8192,0.1,227126,20,5,-1.9262503782908122,-1.9251577854156494,0.0010925928751628344
relational,301237,8192,8192,0.1,227126,0,11,-1.9262503782908122,-1.9139057000478108,0.01234467824300145
relational,301237,8192,8192,0.1,227126,0,2,-1.9262503782908122,-1.9482691287994385,-0.022018750508626228
relational,301237,8192,8192,0.1,227126,0,10,-1.9262503782908122,-1.9424463907877605,-0.016196012496948242
relational,301237,8192,8192,0.1,227126,0,0,-1.9262503782908122,-1.9067366123199463,0.01951376597086596
relational,301237,8192,8192,0.1,227126,0,1,-1.9262503782908122,-1.924929141998291,0.0013212362925212329
relational,301237,8192,8192,0.1,227126,20,11,-1.9262503782908122,-1.8844977219899495,0.04175265630086278
relational,301237,8192,8192,0.1,227126,0,5,-1.9262503782908122,-1.9046019713083904,0.021648406982421875
relational,301237,8192,8192,0.1,227126,18,1,-1.9262503782908122,-1.905286471048991,0.02096390724182129
relational,301237,8192,8192,0.1,227126,23,8,-1.9262503782908122,-1.9265326658884685,-0.00028228759765625
relational,301237,8192,8192,0.1,227126,20,10,-1.9262503782908122,-1.9363678296407063,-0.010117451349894058
relational,301237,8192,8192,0.1,227126,17,6,-1.9262503782908122,-1.9369745254516602,-0.010724147160847908
relational,301237,8192,8192,0.1,227126,20,0,-1.9262503782908122,-1.9469603697458904,-0.020709991455078125
relational,301237,8192,8192,0.1,227126,21,4,-1.9262503782908122,-1.9357016881306965,-0.009451309839884292
relational,301237,8192,8192,0.1,227126,18,7,-1.9262503782908122,-1.926110823949178,0.0001395543416342626
relational,301237,8192,8192,0.1,227126,21,8,-1.9262503782908122,-1.9054664770762126,0.02078390121459961
relational,301237,8192,8192,0.1,227126,20,1,-1.9262503782908122,-1.9465478261311848,-0.020297447840372573
relational,301237,8192,8192,0.1,227126,21,10,-1.9262503782908122,-1.903868595759074,0.02238178253173828
relational,301237,8192,8192,0.1,227126,22,6,-1.9262503782908122,-1.9364848931630452,-0.010234514872232925
relational,301237,8192,8192,0.1,227126,17,8,-1.9262503782908122,-1.9463237126668294,-0.020073334376017105
relational,301237,8192,8192,0.1,227126,20,7,-1.9262503782908122,-2.0313453674316406,-0.10509498914082838
relational,301237,8192,8192,0.1,227126,21,5,-1.9262503782908122,-1.9876890977223713,-0.0614387194315591
relational,301237,8192,8192,0.1,227126,21,6,-1.9262503782908122,-1.9567077159881592,-0.03045733769734693
relational,301237,8192,8192,0.1,227126,22,11,-1.9262503782908122,-1.9262514114379883,-1.033147176032756e-06
relational,301237,8192,8192,0.1,227126,17,2,-1.9262503782908122,-1.925838549931844,0.000411828358968247
relational,301237,8192,8192,0.1,227126,20,4,-1.9262503782908122,-1.926289717356364,-3.933906555175781e-05
relational,301237,8192,8192,0.1,227126,21,2,-1.9262503782908122,-1.9157089392344158,0.010541439056396484
relational,301237,8192,8192,0.1,227126,22,9,-1.9262503782908122,-1.915328025817871,0.010922352472941155
relational,301237,8192,8192,0.1,227126,17,7,-1.9262503782908122,-1.8742395242055256,0.052010854085286606
relational,301237,8192,8192,0.1,227126,21,7,-1.9262503782908122,-1.9157065550486247,0.0105438232421875
relational,301237,8192,8192,0.1,227126,20,8,-1.9262503782908122,-1.9688359101613362,-0.04258553187052394
relational,301237,8192,8192,0.1,227126,22,8,-1.9262503782908122,-1.9155670801798503,0.010683298110961914
relational,301237,8192,8192,0.1,227126,17,10,-1.9262503782908122,-1.9971178372701008,-0.07086745897928859
relational,301237,8192,8192,0.1,227126,21,3,-1.9262503782908122,-1.987839698791504,-0.06158932050069166
relational,301237,8192,8192,0.1,227126,22,2,-1.9262503782908122,-1.9366745948791504,-0.010424216588338142
relational,301237,8192,8192,0.1,227126,20,6,-1.9262503782908122,-1.9669000307718914,-0.0406496524810791
relational,301237,8192,8192,0.1,227126,21,1,-1.9262503782908122,-1.9461146990458171,-0.019864320755004883
relational,301237,8192,8192,0.1,227126,22,0,-1.9262503782908122,-2.009547392527262,-0.08329701423644997
relational,301237,8192,8192,0.1,227126,22,5,-1.9262503782908122,-1.780213991800944,0.14603638648986816
relational,301237,8192,8192,0.1,227126,21,0,-1.9262503782908122,-1.9876995086669922,-0.06144913037617994
relational,301237,8192,8192,0.1,227126,17,9,-1.9262503782908122,-1.936248540878296,-0.00999816258748365
relational,301237,8192,8192,0.1,227126,22,3,-1.9262503782908122,-1.915746768315633,0.010503609975179184
relational,301237,8192,8192,0.1,227126,17,11,-1.9262503782908122,-1.8738569418589275,0.052393436431884766
relational,301237,8192,8192,0.1,227126,22,4,-1.9262503782908122,-1.9985369046529133,-0.07228652636210109
relational,301237,8192,8192,0.1,227126,22,1,-1.9262503782908122,-1.9573208491007488,-0.031070470809936523
relational,301238,8192,8192,0.1,112467,21,11,-1.8965892791748047,-1.9074287414550781,-0.010839462280273438
relational,301238,8192,8192,0.1,112467,22,7,-1.8965892791748047,-1.9487101236979167,-0.05212084452311205
relational,301238,8192,8192,0.1,112467,18,3,-1.8965892791748047,-2.0321359634399414,-0.13554668426513672
relational,301238,8192,8192,0.1,112467,20,9,-1.8965892791748047,-2.0007851918538413,-0.1041959126790366
relational,301238,8192,8192,0.1,112467,17,3,-1.8965892791748047,-2.0008721351623535,-0.10428285598754883
relational,301238,8192,8192,0.1,112467,22,10,-1.8965892791748047,-1.9486506779988606,-0.052061398824055916
relational,301238,8192,8192,0.1,112467,23,4,-1.8965892791748047,-1.9486918449401855,-0.05210256576538086
relational,301238,8192,8192,0.1,112467,20,3,-1.8965892791748047,-1.9695076942443848,-0.07291841506958008
relational,301238,8192,8192,0.1,112467,0,3,-1.8965892791748047,-1.9487032890319824,-0.052114009857177734
relational,301238,8192,8192,0.1,112467,0,6,-1.8965892791748047,-1.959029992421468,-0.06244071324666334
relational,301238,8192,8192,0.1,112467,0,4,-1.8965892791748047,-1.9174968401590984,-0.020907560984293694
relational,301238,8192,8192,0.1,112467,0,7,-1.8965892791748047,-1.9173909823099773,-0.0208017031351726
relational,301238,8192,8192,0.1,112467,0,8,-1.8965892791748047,-1.9485410054524739,-0.0519517262776692
relational,301238,8192,8192,0.1,112467,21,9,-1.8965892791748047,-1.8758150736490886,0.020774205525716072
relational,301238,8192,8192,0.1,112467,20,2,-1.8965892791748047,-1.9069619178771973,-0.010372638702392578
relational,301238,8192,8192,0.1,112467,19,1,-1.8965892791748047,-1.9174116452534993,-0.020822366078694587
relational,301238,8192,8192,0.1,112467,20,5,-1.8965892791748047,-1.8966356913248699,-4.641215006517818e-05
relational,301238,8192,8192,0.1,112467,0,11,-1.8965892791748047,-1.9068945248921711,-0.010305245717366462
relational,301238,8192,8192,0.1,112467,0,2,-1.8965892791748047,-1.9279507001241047,-0.031361420949300056
relational,301238,8192,8192,0.1,112467,0,10,-1.8965892791748047,-1.9277208646138508,-0.03113158543904615
relational,301238,8192,8192,0.1,112467,0,0,-1.8965892791748047,-1.906972090403239,-0.010382811228434319
relational,301238,8192,8192,0.1,112467,0,1,-1.8965892791748047,-1.896579106648763,1.0172526041740682e-05
relational,301238,8192,8192,0.1,112467,20,11,-1.8965892791748047,-1.8966019948323567,-1.2715657552009318e-05
relational,301238,8192,8192,0.1,112467,0,5,-1.8965892791748047,-1.9069959322611492,-0.010406653086344475
relational,301238,8192,8192,0.1,112467,18,1,-1.8965892791748047,-1.8965922991434734,-3.0199686686938065e-06
relational,301238,8192,8192,0.1,112467,23,8,-1.8965892791748047,-1.9278264045715332,-0.031237125396728516
relational,301238,8192,8192,0.1,112467,20,10,-1.8965892791748047,-1.9382430712382,-0.041653792063395256
relational,301238,8192,8192,0.1,112467,17,6,-1.8965892791748047,-1.9383269945780437,-0.041737715403239006
relational,301238,8192,8192,0.1,112467,20,0,-1.8965892791748047,-1.9174308776855469,-0.020841598510742188
relational,301238,8192,8192,0.1,112467,21,4,-1.8965892791748047,-1.9694806734720867,-0.07289139429728198
relational,301238,8192,8192,0.1,112467,18,7,-1.8965892791748047,-1.9278167088826497,-0.031227429707844978
relational,301238,8192,8192,0.1,112467,21,8,-1.8965892791748047,-1.8758106231689453,0.020778656005859375
relational,301238,8192,8192,0.1,112467,20,1,-1.8965892791748047,-1.9278232256571453,-0.03123394648234057
relational,301238,8192,8192,0.1,112467,21,10,-1.8965892791748047,-1.9486684799194336,-0.052079200744628906
relational,301238,8192,8192,0.1,112467,22,6,-1.8965892791748047,-1.9278257687886555,-0.031236489613850837
relational,301238,8192,8192,0.1,112467,17,8,-1.8965892791748047,-1.9174378712972004,-0.02084859212239576
relational,301238,8192,8192,0.1,112467,20,7,-1.8965892791748047,-2.000718593597412,-0.10412931442260742
relational,301238,8192,8192,0.1,112467,21,5,-1.8965892791748047,-1.9590827624003093,-0.06249348322550463
relational,301238,8192,8192,0.1,112467,21,6,-1.8965892791748047,-1.969508171081543,-0.07291889190673828
relational,301238,8192,8192,0.1,112467,22,11,-1.8965892791748047,-1.917460282643636,-0.020871003468831306
relational,301238,8192,8192,0.1,112467,17,2,-1.8965892791748047,-1.8862803777058919,0.010308901468912834
relational,301238,8192,8192,0.1,112467,20,4,-1.8965892791748047,-1.9070156415303547,-0.010426362355550056
relational,301238,8192,8192,0.1,112467,21,2,-1.8965892791748047,-1.917379379272461,-0.02079010009765625
relational,301238,8192,8192,0.1,112467,22,9,-1.8965892791748047,-1.9174310366312664,-0.020841757456461663
relational,301238,8192,8192,0.1,112467,17,7,-1.8965892791748047,-1.8549679120381672,0.041621367136637444
relational,301238,8192,8192,0.1,112467,21,7,-1.8965892791748047,-1.906981627146403,-0.010392347971598381
relational,301238,8192,8192,0.1,112467,20,8,-1.8965892791748047,-1.9590967496236165,-0.06250747044881177
relational,301238,8192,8192,0.1,112467,22,8,-1.8965892791748047,-1.9174456596374512,-0.020856380462646484
relational,301238,8192,8192,0.1,112467,17,10,-1.8965892791748047,-1.9902979532877605,-0.0937086741129558
relational,301238,8192,8192,0.1,112467,21,3,-1.8965892791748047,-1.9694695472717285,-0.07288026809692383
relational,301238,8192,8192,0.1,112467,22,2,-1.8965892791748047,-1.9174634615580242,-0.020874182383219475
relational,301238,8192,8192,0.1,112467,20,6,-1.8965892791748047,-1.969466209411621,-0.0728769302368164
relational,301238,8192,8192,0.1,112467,21,1,-1.8965892791748047,-1.96947447458903,-0.07288519541422533
relational,301238,8192,8192,0.1,112467,22,0,-1.8965892791748047,-1.9903648694356282,-0.0937755902608235
relational,301238,8192,8192,0.1,112467,22,5,-1.8965892791748047,-1.8549551963806152,0.04163408279418945
relational,301238,8192,8192,0.1,112467,21,0,-1.8965892791748047,-1.9902863502502441,-0.09369707107543945
relational,301238,8192,8192,0.1,112467,17,9,-1.8965892791748047,-1.8966229756673176,-3.369649251294682e-05
relational,301238,8192,8192,0.1,112467,22,3,-1.8965892791748047,-1.9174208641052246,-0.020831584930419922
relational,301238,8192,8192,0.1,112467,17,11,-1.8965892791748047,-1.8757246335347493,0.020864645640055413
relational,301238,8192,8192,0.1,112467,22,4,-1.8965892791748047,-1.9903151194254558,-0.09372584025065112
relational,301238,8192,8192,0.1,112467,22,1,-1.8965892791748047,-1.927848180135091,-0.031258900960286384
relational,301239,8192,8192,0.1,367666,21,11,-2.0757907231648765,-2.0869925816853843,-0.011201858520507812
relational,301239,8192,8192,0.1,367666,22,7,-2.0757907231648765,-2.1279446283976235,-0.0521539052327471
relational,301239,8192,8192,0.1,367666,18,3,-2.0757907231648765,-2.170085906982422,-0.09429518381754542
relational,301239,8192,8192,0.1,367666,20,9,-2.0757907231648765,-2.1384452184041343,-0.06265449523925781
relational,301239,8192,8192,0.1,367666,17,3,-2.0757907231648765,-2.10721222559611,-0.03142150243123343
relational,301239,8192,8192,0.1,367666,22,10,-2.0757907231648765,-2.11750062306722,-0.04170989990234375
relational,301239,8192,8192,0.1,367666,23,4,-2.0757907231648765,-2.0862266222635903,-0.010435899098713897
relational,301239,8192,8192,0.1,367666,20,3,-2.0757907231648765,-2.096669832865397,-0.020879109700520537
relational,301239,8192,8192,0.1,367666,0,3,-2.0757907231648765,-2.0867042541503906,-0.010913530985514175
relational,301239,8192,8192,0.1,367666,0,6,-2.0757907231648765,-2.0846622784932456,-0.00887155532836914
relational,301239,8192,8192,0.1,367666,0,4,-2.0757907231648765,-2.0653905868530273,0.010400136311849106
relational,301239,8192,8192,0.1,367666,0,7,-2.0757907231648765,-2.065566380818685,0.010224342346191406
relational,301239,8192,8192,0.1,367666,0,8,-2.0757907231648765,-2.065406004587809,0.010384718577067353
relational,301239,8192,8192,0.1,367666,21,9,-2.0757907231648765,-2.023721694946289,0.05206902821858739
relational,301239,8192,8192,0.1,367666,20,2,-2.0757907231648765,-2.0756893157958984,0.00010140736897801261
relational,301239,8192,8192,0.1,367666,19,1,-2.0757907231648765,-2.0547855695088706,0.02100515365600586
relational,301239,8192,8192,0.1,367666,20,5,-2.0757907231648765,-2.0445289611816406,0.031261761983235825
relational,301239,8192,8192,0.1,367666,0,11,-2.0757907231648765,-2.023507754007975,0.05228296915690134
relational,301239,8192,8192,0.1,367666,0,2,-2.0757907231648765,-2.045193672180176,0.03059705098470067
relational,301239,8192,8192,0.1,367666,0,10,-2.0757907231648765,-2.07425864537557,0.0015320777893066406
relational,301239,8192,8192,0.1,367666,0,0,-2.0757907231648765,-2.0347701708475747,0.04102055231730173
relational,301239,8192,8192,0.1,367666,0,1,-2.0757907231648765,-2.054855982462565,0.020934740702311494
relational,301239,8192,8192,0.1,367666,20,11,-2.0757907231648765,-2.0445473988850913,0.031243324279785156
relational,301239,8192,8192,0.1,367666,0,5,-2.0757907231648765,-2.0755203564961753,0.0002703666687011719
relational,301239,8192,8192,0.1,367666,18,1,-2.0757907231648765,-2.044529914855957,0.03126080830891942
relational,301239,8192,8192,0.1,367666,23,8,-2.0757907231648765,-2.044534683227539,0.03125603993733739
relational,301239,8192,8192,0.1,367666,20,10,-2.0757907231648765,-2.086247285207113,-0.010456562042236328
relational,301239,8192,8192,0.1,367666,17,6,-2.0757907231648765,-2.0656069119771323,0.01018381118774414
relational,301239,8192,8192,0.1,367666,20,0,-2.0757907231648765,-2.054948647816976,0.02084207534790039
relational,301239,8192,8192,0.1,367666,21,4,-2.0757907231648765,-2.1278576850891113,-0.05206696192423488
relational,301239,8192,8192,0.1,367666,18,7,-2.0757907231648765,-2.054824193318685,0.020966529846191406
relational,301239,8192,8192,0.1,367666,21,8,-2.0757907231648765,-2.054931322733561,0.0208594004313154
relational,301239,8192,8192,0.1,367666,20,1,-2.0757907231648765,-2.0756727854410806,0.00011793772379586898
relational,301239,8192,8192,0.1,367666,21,10,-2.0757907231648765,-2.0965455373128257,-0.02075481414794922
relational,301239,8192,8192,0.1,367666,22,6,-2.0757907231648765,-2.065336227416992,0.010454495747884263
relational,301239,8192,8192,0.1,367666,17,8,-2.0757907231648765,-2.0651405652364097,0.010650157928466797
relational,301239,8192,8192,0.1,367666,20,7,-2.0757907231648765,-2.252749443054199,-0.17695871988932277
relational,301239,8192,8192,0.1,367666,21,5,-2.0757907231648765,-2.1276976267496743,-0.05190690358479788
relational,301239,8192,8192,0.1,367666,21,6,-2.0757907231648765,-2.1588168144226074,-0.08302609125773097
relational,301239,8192,8192,0.1,367666,22,11,-2.0757907231648765,-2.075796127319336,-5.404154459487387e-06
relational,301239,8192,8192,0.1,367666,17,2,-2.0757907231648765,-2.044710954030355,0.031079769134521484
relational,301239,8192,8192,0.1,367666,20,4,-2.0757907231648765,-2.0341041882832847,0.0416865348815918
relational,301239,8192,8192,0.1,367666,21,2,-2.0757907231648765,-2.0756171544392905,0.0001735687255859375
relational,301239,8192,8192,0.1,367666,22,9,-2.0757907231648765,-2.0758082071940103,-1.7484029133818524e-05
relational,301239,8192,8192,0.1,367666,17,7,-2.0757907231648765,-2.0026868184407554,0.0731039047241211
relational,301239,8192,8192,0.1,367666,21,7,-2.0757907231648765,-2.0443421999613443,0.0314485232035322
relational,301239,8192,8192,0.1,367666,20,8,-2.0757907231648765,-2.148735841115316,-0.07294511795043945
relational,301239,8192,8192,0.1,367666,22,8,-2.0757907231648765,-2.0653319358825684,0.01045878728230809
relational,301239,8192,8192,0.1,367666,17,10,-2.0757907231648765,-2.1590332984924316,-0.08324257532755519
relational,301239,8192,8192,0.1,367666,21,3,-2.0757907231648765,-2.1172450383504233,-0.041454315185546875
relational,301239,8192,8192,0.1,367666,22,2,-2.0757907231648765,-2.075763702392578,2.7020772298325113e-05
relational,301239,8192,8192,0.1,367666,20,6,-2.0757907231648765,-2.1278562545776367,-0.05206553141276027
relational,301239,8192,8192,0.1,367666,21,1,-2.0757907231648765,-2.106781482696533,-0.030990759531656753
relational,301239,8192,8192,0.1,367666,22,0,-2.0757907231648765,-2.127802530924479,-0.05201180775960257
relational,301239,8192,8192,0.1,367666,22,5,-2.0757907231648765,-1.9715787569681804,0.10421196619669604
relational,301239,8192,8192,0.1,367666,21,0,-2.0757907231648765,-2.127645174662272,-0.05185445149739554
relational,301239,8192,8192,0.1,367666,17,9,-2.0757907231648765,-2.034076690673828,0.041714032491048325
relational,301239,8192,8192,0.1,367666,22,3,-2.0757907231648765,-2.065160115559896,0.010630607604980469
relational,301239,8192,8192,0.1,367666,17,11,-2.0757907231648765,-2.0340426762898765,0.041748046875
relational,301239,8192,8192,0.1,367666,22,4,-2.0757907231648765,-2.117237091064453,-0.041446367899576675
relational,301239,8192,8192,0.1,367666,22,1,-2.0757907231648765,-2.086249351501465,-0.010458628336588394
relational,301240,8192,8192,0.1,321185,21,11,-1.9910899798075359,-2.033323605855306,-0.042233626047770256
relational,301240,8192,8192,0.1,321185,22,7,-1.9910899798075359,-2.0640451113382974,-0.0729551315307615
relational,301240,8192,8192,0.1,321185,18,3,-1.9910899798075359,-2.0850632985432944,-0.09397331873575854
relational,301240,8192,8192,0.1,321185,20,9,-1.9910899798075359,-2.0222983360290527,-0.031208356221516853
relational,301240,8192,8192,0.1,321185,17,3,-1.9910899798075359,-2.0637529691060386,-0.07266298929850268
relational,301240,8192,8192,0.1,321185,22,10,-1.9910899798075359,-2.053629239400228,-0.06253925959269213
relational,301240,8192,8192,0.1,321185,23,4,-1.9910899798075359,-2.0223217010498047,-0.031231721242268806
relational,301240,8192,8192,0.1,321185,20,3,-1.9910899798075359,-2.0431524912516275,-0.052062511444091575
relational,301240,8192,8192,0.1,321185,0,3,-1.9910899798075359,-2.0225113232930503,-0.0314213434855144
relational,301240,8192,8192,0.1,321185,0,6,-1.9910899798075359,-2.000617822011312,-0.009527842203776116
relational,301240,8192,8192,0.1,321185,0,4,-1.9910899798075359,-2.0120391845703125,-0.02094920476277662
relational,301240,8192,8192,0.1,321185,0,7,-1.9910899798075359,-2.001542886098226,-0.010452906290690178
relational,301240,8192,8192,0.1,321185,0,8,-1.9910899798075359,-1.9803613026936848,0.01072867711385106
relational,301240,8192,8192,0.1,321185,21,9,-1.9910899798075359,-1.9806952476501465,0.010394732157389397
relational,301240,8192,8192,0.1,321185,20,2,-1.9910899798075359,-1.9910845756530762,5.4041544597094315e-06
relational,301240,8192,8192,0.1,321185,19,1,-1.9910899798075359,-2.001502513885498,-0.010412534077962166
relational,301240,8192,8192,0.1,321185,20,5,-1.9910899798075359,-1.9807084401448567,0.010381539662679184
relational,301240,8192,8192,0.1,321185,0,11,-1.9910899798075359,-1.9700531959533691,0.02103678385416674
relational,301240,8192,8192,0.1,321185,0,2,-1.9910899798075359,-1.9598495165507,0.031240463256835938
relational,301240,8192,8192,0.1,321185,0,10,-1.9910899798075359,-1.969384988149007,0.021704991658528794
relational,301240,8192,8192,0.1,321185,0,0,-1.9910899798075359,-1.9501803716023762,0.04090960820515965
relational,301240,8192,8192,0.1,321185,0,1,-1.9910899798075359,-1.9909214973449707,0.00016848246256517818
relational,301240,8192,8192,0.1,321185,20,11,-1.9910899798075359,-1.959770679473877,0.03131930033365893
relational,301240,8192,8192,0.1,321185,0,5,-1.9910899798075359,-1.9803573290507,0.010732650756835938
relational,301240,8192,8192,0.1,321185,18,1,-1.9910899798075359,-1.9805390040079753,0.010550975799560547
relational,301240,8192,8192,0.1,321185,23,8,-1.9910899798075359,-1.9805734952290852,0.010516484578450669
relational,301240,8192,8192,0.1,321185,20,10,-1.9910899798075359,-2.0014637311299643,-0.01037375132242846
relational,301240,8192,8192,0.1,321185,17,6,-1.9910899798075359,-2.0015565554300943,-0.010466575622558372
relational,301240,8192,8192,0.1,321185,20,0,-1.9910899798075359,-2.001500924428304,-0.010410944620768303
relational,301240,8192,8192,0.1,321185,21,4,-1.9910899798075359,-2.022332509358724,-0.031242529551188225
relational,301240,8192,8192,0.1,321185,18,7,-1.9910899798075359,-1.9805949529012044,0.010495026906331528
relational,301240,8192,8192,0.1,321185,21,8,-1.9910899798075359,-1.9805831909179688,0.010506788889567131
relational,301240,8192,8192,0.1,321185,20,1,-1.9910899798075359,-2.032644430796305,-0.04155445098876931
relational,301240,8192,8192,0.1,321185,21,10,-1.9910899798075359,-1.970040003458659,0.021049976348876953
relational,301240,8192,8192,0.1,321185,22,6,-1.9910899798075359,-1.9910492897033691,4.069010416674068e-05
relational,301240,8192,8192,0.1,321185,17,8,-1.9910899798075359,-2.0014171600341797,-0.010327180226643806
relational,301240,8192,8192,0.1,321185,20,7,-1.9910899798075359,-2.261916001637777,-0.27082602183024096
relational,301240,8192,8192,0.1,321185,21,5,-1.9910899798075359,-2.0535852114359536,-0.06249523162841775
relational,301240,8192,8192,0.1,321185,21,6,-1.9910899798075359,-2.011784235636393,-0.0206942558288572
relational,301240,8192,8192,0.1,321185,22,11,-1.9910899798075359,-2.001511573791504,-0.010421593983968025
relational,301240,8192,8192,0.1,321185,17,2,-1.9910899798075359,-2.001701831817627,-0.010611852010091072
relational,301240,8192,8192,0.1,321185,20,4,-1.9910899798075359,-1.9910914103190105,-1.430511474609375e-06
relational,301240,8192,8192,0.1,321185,21,2,-1.9910899798075359,-2.0014829635620117,-0.010392983754475837
relational,301240,8192,8192,0.1,321185,22,9,-1.9910899798075359,-1.9701881408691406,0.020901838938395256
relational,301240,8192,8192,0.1,321185,17,7,-1.9910899798075359,-1.9285298983256023,0.0625600814819336
relational,301240,8192,8192,0.1,321185,21,7,-1.9910899798075359,-1.9701296488444011,0.020960330963134766
relational,301240,8192,8192,0.1,321185,20,8,-1.9910899798075359,-2.0432303746541343,-0.05214039484659838
relational,301240,8192,8192,0.1,321185,22,8,-1.9910899798075359,-1.9805909792582195,0.010499000549316406
relational,301240,8192,8192,0.1,321185,17,10,-1.9910899798075359,-2.084600289662679,-0.0935103098551433
relational,301240,8192,8192,0.1,321185,21,3,-1.9910899798075359,-2.063893477121989,-0.0728034973144529
relational,301240,8192,8192,0.1,321185,22,2,-1.9910899798075359,-2.0014670689900718,-0.010377089182535881
relational,301240,8192,8192,0.1,321185,20,6,-1.9910899798075359,-2.032641887664795,-0.04155190785725904
relational,301240,8192,8192,0.1,321185,21,1,-1.9910899798075359,-2.032733758290609,-0.04164377848307299
relational,301240,8192,8192,0.1,321185,22,0,-1.9910899798075359,-2.043203035990397,-0.052113056182861106
relational,301240,8192,8192,0.1,321185,22,5,-1.9910899798075359,-1.9077313741048176,0.08335860570271825
relational,301240,8192,8192,0.1,321185,21,0,-1.9910899798075359,-2.064032554626465,-0.07294257481892896
relational,301240,8192,8192,0.1,321185,17,9,-1.9910899798075359,-1.9911195437113445,-2.956390380859375e-05
relational,301240,8192,8192,0.1,321185,22,3,-1.9910899798075359,-2.0119193394978843,-0.02082935969034838
relational,301240,8192,8192,0.1,321185,17,11,-1.9910899798075359,-1.9702987670898438,0.02079121271769213
relational,301240,8192,8192,0.1,321185,22,4,-1.9910899798075359,-2.0431639353434243,-0.05207395553588845
relational,301240,8192,8192,0.1,321185,22,1,-1.9910899798075359,-2.0119142532348633,-0.0208242734273274
relational,301241,8192,8192,0.1,795577,21,11,-1.8352765242258708,-1.898484230041504,-0.06320770581563306
relational,301241,8192,8192,0.1,795577,22,7,-1.8352765242258708,-1.9603300889333088,-0.125053564707438
relational,301241,8192,8192,0.1,795577,18,3,-1.8352765242258708,-1.9293049176534016,-0.09402839342753078
relational,301241,8192,8192,0.1,795577,20,9,-1.8352765242258708,-1.897771914800008,-0.06249539057413722
relational,301241,8192,8192,0.1,795577,17,3,-1.8352765242258708,-1.929186741511027,-0.09391021728515625
relational,301241,8192,8192,0.1,795577,22,10,-1.8352765242258708,-1.866460879643758,-0.031184355417887222
relational,301241,8192,8192,0.1,795577,23,4,-1.8352765242258708,-1.8666307926177979,-0.03135426839192701
relational,301241,8192,8192,0.1,795577,20,3,-1.8352765242258708,-1.876918872197469,-0.04164234797159816
relational,301241,8192,8192,0.1,795577,0,3,-1.8352765242258708,-1.8561147054036458,-0.020838181177774917
relational,301241,8192,8192,0.1,795577,0,6,-1.8352765242258708,-1.8761173884073894,-0.040840864181518555
relational,301241,8192,8192,0.1,795577,0,4,-1.8352765242258708,-1.8353323141733806,-5.5789947509765625e-05
relational,301241,8192,8192,0.1,795577,0,7,-1.8352765242258708,-1.8458136717478435,-0.010537147521972656
relational,301241,8192,8192,0.1,795577,0,8,-1.8352765242258708,-1.8558360735575359,-0.02055954933166504
relational,301241,8192,8192,0.1,795577,21,9,-1.8352765242258708,-1.7934921582539876,0.041784365971883286
relational,301241,8192,8192,0.1,795577,20,2,-1.8352765242258708,-1.8455081780751545,-0.010231653849283706
relational,301241,8192,8192,0.1,795577,19,1,-1.8352765242258708,-1.8560664653778076,-0.020789941151936775
relational,301241,8192,8192,0.1,795577,20,5,-1.8352765242258708,-1.835321346918742,-4.482269287109375e-05
relational,301241,8192,8192,0.1,795577,0,11,-1.8352765242258708,-1.8142982323964436,0.02097829182942723
relational,301241,8192,8192,0.1,795577,0,2,-1.8352765242258708,-1.835452636082967,-0.00017611185709620614
relational,301241,8192,8192,0.1,795577,0,10,-1.8352765242258708,-1.886713186899821,-0.051436662673950195
relational,301241,8192,8192,0.1,795577,0,0,-1.8352765242258708,-1.8145120938618977,0.02076443036397313
relational,301241,8192,8192,0.1,795577,0,1,-1.8352765242258708,-1.8456003665924072,-0.010323842366536384
relational,301241,8192,8192,0.1,795577,20,11,-1.8352765242258708,-1.8040577570597331,0.031218767166137695
relational,301241,8192,8192,0.1,795577,0,5,-1.8352765242258708,-1.856104056040446,-0.020827531814575195
relational,301241,8192,8192,0.1,795577,18,1,-1.8352765242258708,-1.8040464719136555,0.031230052312215317
relational,301241,8192,8192,0.1,795577,23,8,-1.8352765242258708,-1.8456223805745442,-0.010345856348673355
relational,301241,8192,8192,0.1,795577,20,10,-1.8352765242258708,-1.8455439408620198,-0.01026741663614894
relational,301241,8192,8192,0.1,795577,17,6,-1.8352765242258708,-1.83534836769104,-7.184346516919682e-05
relational,301241,8192,8192,0.1,795577,20,0,-1.8352765242258708,-1.8248034318288167,0.010473092397054184
relational,301241,8192,8192,0.1,795577,21,4,-1.8352765242258708,-1.8768016497294109,-0.04152512550354004
relational,301241,8192,8192,0.1,795577,18,7,-1.8352765242258708,-1.8456616401672363,-0.010385115941365486
relational,301241,8192,8192,0.1,795577,21,8,-1.8352765242258708,-1.8247949282328289,0.010481595993041992
relational,301241,8192,8192,0.1,795577,20,1,-1.8352765242258708,-1.8768374125162761,-0.04156088829040527
relational,301241,8192,8192,0.1,795577,21,10,-1.8352765242258708,-1.835116704305013,0.00015981992085789543
relational,301241,8192,8192,0.1,795577,22,6,-1.8352765242258708,-1.83535631497701,-7.979075113917489e-05
relational,301241,8192,8192,0.1,795577,17,8,-1.8352765242258708,-1.8456447919209797,-0.010368267695108901
relational,301241,8192,8192,0.1,795577,20,7,-1.8352765242258708,-1.9497095743815105,-0.11443305015563965
relational,301241,8192,8192,0.1,795577,21,5,-1.8352765242258708,-1.845542271931966,-0.01026574770609523
relational,301241,8192,8192,0.1,795577,21,6,-1.8352765242258708,-1.866447925567627,-0.03117140134175611
relational,301241,8192,8192,0.1,795577,22,11,-1.8352765242258708,-1.8455573717753093,-0.010280847549438477
relational,301241,8192,8192,0.1,795577,17,2,-1.8352765242258708,-1.8147894541422527,0.020487070083618164
relational,301241,8192,8192,0.1,795577,20,4,-1.8352765242258708,-1.8250113328297932,0.010265191396077622
relational,301241,8192,8192,0.1,795577,21,2,-1.8352765242258708,-1.8455167611440022,-0.010240236918131362
relational,301241,8192,8192,0.1,795577,22,9,-1.8352765242258708,-1.8353226979573567,-4.6173731485854574e-05
relational,301241,8192,8192,0.1,795577,17,7,-1.8352765242258708,-1.7728415330251057,0.06243499120076512
relational,301241,8192,8192,0.1,795577,21,7,-1.8352765242258708,-1.8560641606648762,-0.020787636439005386
relational,301241,8192,8192,0.1,795577,20,8,-1.8352765242258708,-1.897599697113037,-0.06232317288716627
relational,301241,8192,8192,0.1,795577,22,8,-1.8352765242258708,-1.8248539765675862,0.010422547658284653
relational,301241,8192,8192,0.1,795577,17,10,-1.8352765242258708,-1.9392025470733643,-0.10392602284749342
relational,301241,8192,8192,0.1,795577,21,3,-1.8352765242258708,-1.8664188385009766,-0.03114231427510572
relational,301241,8192,8192,0.1,795577,22,2,-1.8352765242258708,-1.835230032602946,4.649162292480469e-05
relational,301241,8192,8192,0.1,795577,20,6,-1.8352765242258708,-1.8978153069814045,-0.0625387827555337
relational,301241,8192,8192,0.1,795577,21,1,-1.8352765242258708,-1.8768149216969807,-0.04153839747110988
relational,301241,8192,8192,0.1,795577,22,0,-1.8352765242258708,-1.8872959613800049,-0.05201943715413404
relational,301241,8192,8192,0.1,795577,22,5,-1.8352765242258708,-1.8352248668670654,5.1657358805412557e-05
relational,301241,8192,8192,0.1,795577,21,0,-1.8352765242258708,-1.8976527055104573,-0.06237618128458644
relational,301241,8192,8192,0.1,795577,17,9,-1.8352765242258708,-1.8249305884043376,0.010345935821533203
relational,301241,8192,8192,0.1,795577,22,3,-1.8352765242258708,-1.8560194969177246,-0.020742972691853767
relational,301241,8192,8192,0.1,795577,17,11,-1.8352765242258708,-1.8145257631937664,0.020750761032104492
relational,301241,8192,8192,0.1,795577,22,4,-1.8352765242258708,-1.8976209958394368,-0.06234447161356593
relational,301241,8192,8192,0.1,795577,22,1,-1.8352765242258708,-1.8351996739705403,7.685025533055168e-05
distractor_heavy,401234,8192,8193,0.1,210681,21,11,-2.2505248387654624,-2.4280544916788735,-0.17752965291341116
distractor_heavy,401234,8192,8193,0.1,210681,22,7,-2.2505248387654624,-2.417285919189453,-0.16676108042399074
distractor_heavy,401234,8192,8193,0.1,210681,18,3,-2.2505248387654624,-2.29228146870931,-0.041756629943847656
distractor_heavy,401234,8192,8193,0.1,210681,20,9,-2.2505248387654624,-2.240102450052897,0.0104223887125654
distractor_heavy,401234,8192,8193,0.1,210681,17,3,-2.2505248387654624,-2.26092529296875,-0.010400454203287612
distractor_heavy,401234,8192,8193,0.1,210681,22,10,-2.2505248387654624,-2.32346248626709,-0.07293764750162746
distractor_heavy,401234,8192,8193,0.1,210681,23,4,-2.2505248387654624,-2.2922048568725586,-0.041680018107096206
distractor_heavy,401234,8192,8193,0.1,210681,20,3,-2.2505248387654624,-2.2714128494262695,-0.020888010660807144
distractor_heavy,401234,8192,8193,0.1,210681,0,3,-2.2505248387654624,-2.26094913482666,-0.010424296061197769
distractor_heavy,401234,8192,8193,0.1,210681,0,6,-2.2505248387654624,-2.2191861470540366,0.03133869171142578
distractor_heavy,401234,8192,8193,0.1,210681,0,4,-2.2505248387654624,-2.24016539255778,0.010359446207682588
distractor_heavy,401234,8192,8193,0.1,210681,0,7,-2.2505248387654624,-2.240131378173828,0.010393460591634263
distractor_heavy,401234,8192,8193,0.1,210681,0,8,-2.2505248387654624,-2.1983648935953775,0.05215994517008493
distractor_heavy,401234,8192,8193,0.1,210681,21,9,-2.2505248387654624,-2.1776501337687173,0.07287470499674509
distractor_heavy,401234,8192,8193,0.1,210681,20,2,-2.2505248387654624,-2.240114212036133,0.010410626729329575
distractor_heavy,401234,8192,8193,0.1,210681,19,1,-2.2505248387654624,-2.208871523539225,0.041653315226237275
distractor_heavy,401234,8192,8193,0.1,210681,20,5,-2.2505248387654624,-2.260991414388021,-0.010466575622558594
distractor_heavy,401234,8192,8193,0.1,210681,0,11,-2.2505248387654624,-2.208852450052897,0.0416723887125654
distractor_heavy,401234,8192,8193,0.1,210681,0,2,-2.2505248387654624,-2.2193034489949546,0.031221389770507812
distractor_heavy,401234,8192,8193,0.1,210681,0,10,-2.2505248387654624,-2.1566519737243652,0.09387286504109715
distractor_heavy,401234,8192,8193,0.1,210681,0,0,-2.2505248387654624,-2.198497772216797,0.05202706654866551
distractor_heavy,401234,8192,8193,0.1,210681,0,1,-2.2505248387654624,-2.1984888712565103,0.05203596750895212
distractor_heavy,401234,8192,8193,0.1,210681,20,11,-2.2505248387654624,-2.219313939412435,0.031210899353027344
distractor_heavy,401234,8192,8193,0.1,210681,0,5,-2.2505248387654624,-2.229694048563639,0.020830790201823213
distractor_heavy,401234,8192,8193,0.1,210681,18,1,-2.2505248387654624,-2.1880369186401367,0.06248792012532567
distractor_heavy,401234,8192,8193,0.1,210681,23,8,-2.2505248387654624,-2.271351178487142,-0.020826339721679688
distractor_heavy,401234,8192,8193,0.1,210681,20,10,-2.2505248387654624,-2.2401065826416016,0.010418256123860825
distractor_heavy,401234,8192,8193,0.1,210681,17,6,-2.2505248387654624,-2.250576655069987,-5.1816304524443524e-05
distractor_heavy,401234,8192,8193,0.1,210681,20,0,-2.2505248387654624,-2.2297188440958657,0.02080599466959665
distractor_heavy,401234,8192,8193,0.1,210681,21,4,-2.2505248387654624,-2.281770388285319,-0.031245549519856475
distractor_heavy,401234,8192,8193,0.1,210681,18,7,-2.2505248387654624,-2.292197863260905,-0.04167302449544241
distractor_heavy,401234,8192,8193,0.1,210681,21,8,-2.2505248387654624,-2.229722023010254,0.02080281575520848
distractor_heavy,401234,8192,8193,0.1,210681,20,1,-2.2505248387654624,-2.1776158014933267,0.07290903727213571
distractor_heavy,401234,8192,8193,0.1,210681,21,10,-2.2505248387654624,-2.2297000885009766,0.020824750264485825
distractor_heavy,401234,8192,8193,0.1,210681,22,6,-2.2505248387654624,-2.2609739303588867,-0.010449091593424331
distractor_heavy,401234,8192,8193,0.1,210681,17,8,-2.2505248387654624,-2.208885828653971,0.04163901011149118
distractor_heavy,401234,8192,8193,0.1,210681,20,7,-2.2505248387654624,-2.3859456380208335,-0.1354207992553711
distractor_heavy,401234,8192,8193,0.1,210681,21,5,-2.2505248387654624,-2.281754493713379,-0.03122965494791652
distractor_heavy,401234,8192,8193,0.1,210681,21,6,-2.2505248387654624,-2.2400970458984375,0.010427792867024888
distractor_heavy,401234,8192,8193,0.1,210681,22,11,-2.2505248387654624,-2.240128517150879,0.010396321614583481
distractor_heavy,401234,8192,8193,0.1,210681,17,2,-2.2505248387654624,-2.198540687561035,0.05198415120442723
distractor_heavy,401234,8192,8193,0.1,210681,20,4,-2.2505248387654624,-2.2297080357869468,0.020816802978515625
distractor_heavy,401234,8192,8193,0.1,210681,21,2,-2.2505248387654624,-2.229672114054362,0.020852724711100556
distractor_heavy,401234,8192,8193,0.1,210681,22,9,-2.2505248387654624,-2.2297048568725586,0.020819981892903794
distractor_heavy,401234,8192,8193,0.1,210681,17,7,-2.2505248387654624,-2.167227109273275,0.0832977294921875
distractor_heavy,401234,8192,8193,0.1,210681,21,7,-2.2505248387654624,-2.2088823318481445,0.041642506917317856
distractor_heavy,401234,8192,8193,0.1,210681,20,8,-2.2505248387654624,-2.3025903701782227,-0.05206553141276027
distractor_heavy,401234,8192,8193,0.1,210681,22,8,-2.2505248387654624,-2.2297112147013345,0.0208136240641279
distractor_heavy,401234,8192,8193,0.1,210681,17,10,-2.2505248387654624,-2.302605311075846,-0.05208047231038382
distractor_heavy,401234,8192,8193,0.1,210681,21,3,-2.2505248387654624,-2.2922099431355796,-0.04168510437011719
distractor_heavy,401234,8192,8193,0.1,210681,22,2,-2.2505248387654624,-2.219294230143229,0.03123060862223337
distractor_heavy,401234,8192,8193,0.1,210681,20,6,-2.2505248387654624,-2.3130480448404946,-0.06252320607503226
distractor_heavy,401234,8192,8193,0.1,210681,21,1,-2.2505248387654624,-2.281794865926107,-0.03127002716064453
distractor_heavy,401234,8192,8193,0.1,210681,22,0,-2.2505248387654624,-2.365166346232096,-0.11464150746663382
distractor_heavy,401234,8192,8193,0.1,210681,22,5,-2.2505248387654624,-1.9692459106445312,0.28127892812093114
distractor_heavy,401234,8192,8193,0.1,210681,21,0,-2.2505248387654624,-2.3130213419596353,-0.06249650319417288
distractor_heavy,401234,8192,8193,0.1,210681,17,9,-2.2505248387654624,-2.2297350565592446,0.020789782206217744
distractor_heavy,401234,8192,8193,0.1,210681,22,3,-2.2505248387654624,-2.2297178904215493,0.020806948343913056
distractor_heavy,401234,8192,8193,0.1,210681,17,11,-2.2505248387654624,-2.1880598068237305,0.06246503194173192
distractor_heavy,401234,8192,8193,0.1,210681,22,4,-2.2505248387654624,-2.354706128438314,-0.10418128967285156
distractor_heavy,401234,8192,8193,0.1,210681,22,1,-2.2505248387654624,-2.260948816935221,-0.010423978169758819
distractor_heavy,401235,8192,8193,0.1,639039,21,11,-2.0219222704569497,-2.1889456113179526,-0.1670233408610029
distractor_heavy,401235,8192,8193,0.1,639039,22,7,-2.0219222704569497,-2.230404535929362,-0.2084822654724121
distractor_heavy,401235,8192,8193,0.1,639039,18,3,-2.0219222704569497,-2.0952868461608887,-0.07336457570393895
distractor_heavy,401235,8192,8193,0.1,639039,20,9,-2.0219222704569497,-2.0844074885050454,-0.0624852180480957
distractor_heavy,401235,8192,8193,0.1,639039,17,3,-2.0219222704569497,-2.094815731048584,-0.07289346059163426
distractor_heavy,401235,8192,8193,0.1,639039,22,10,-2.0219222704569497,-2.063612620035807,-0.04169034957885742
distractor_heavy,401235,8192,8193,0.1,639039,23,4,-2.0219222704569497,-2.07403294245402,-0.05211067199707031
distractor_heavy,401235,8192,8193,0.1,639039,20,3,-2.0219222704569497,-2.0635832150777182,-0.041660944620768525
distractor_heavy,401235,8192,8193,0.1,639039,0,3,-2.0219222704569497,-2.0743117332458496,-0.05238946278889989
distractor_heavy,401235,8192,8193,0.1,639039,0,6,-2.0219222704569497,-2.042064666748047,-0.020142396291097153
distractor_heavy,401235,8192,8193,0.1,639039,0,4,-2.0219222704569497,-2.053475538889567,-0.03155326843261719
distractor_heavy,401235,8192,8193,0.1,639039,0,7,-2.0219222704569497,-2.0218488375345864,7.343292236328125e-05
distractor_heavy,401235,8192,8193,0.1,639039,0,8,-2.0219222704569497,-2.073803424835205,-0.051881154378255356
distractor_heavy,401235,8192,8193,0.1,639039,21,9,-2.0219222704569497,-2.0116278330485025,0.010294437408447266
distractor_heavy,401235,8192,8193,0.1,639039,20,2,-2.0219222704569497,-2.032429854075114,-0.010507583618164062
distractor_heavy,401235,8192,8193,0.1,639039,19,1,-2.0219222704569497,-2.032433350880941,-0.010511080423991181
distractor_heavy,401235,8192,8193,0.1,639039,20,5,-2.0219222704569497,-2.0428544680277505,-0.02093219757080078
distractor_heavy,401235,8192,8193,0.1,639039,0,11,-2.0219222704569497,-1.9800786972045898,0.04184357325235988
distractor_heavy,401235,8192,8193,0.1,639039,0,2,-2.0219222704569497,-2.0429526964823403,-0.021030426025390625
distractor_heavy,401235,8192,8193,0.1,639039,0,10,-2.0219222704569497,-2.010871251424154,0.011051019032795928
distractor_heavy,401235,8192,8193,0.1,639039,0,0,-2.0219222704569497,-2.0222851435343423,-0.0003628730773925781
distractor_heavy,401235,8192,8193,0.1,639039,0,1,-2.0219222704569497,-2.021886666615804,3.5603841145537274e-05
distractor_heavy,401235,8192,8193,0.1,639039,20,11,-2.0219222704569497,-2.032355308532715,-0.010433038075765122
distractor_heavy,401235,8192,8193,0.1,639039,0,5,-2.0219222704569497,-2.04261843363444,-0.020696163177490234
distractor_heavy,401235,8192,8193,0.1,639039,18,1,-2.0219222704569497,-2.032337029774984,-0.01041475931803415
distractor_heavy,401235,8192,8193,0.1,639039,23,8,-2.0219222704569497,-2.0323203404744468,-0.01039807001749704
distractor_heavy,401235,8192,8193,0.1,639039,20,10,-2.0219222704569497,-2.042782465616862,-0.02086019515991211
distractor_heavy,401235,8192,8193,0.1,639039,17,6,-2.0219222704569497,-2.053261915842692,-0.03133964538574219
distractor_heavy,401235,8192,8193,0.1,639039,20,0,-2.0219222704569497,-2.0428590774536133,-0.02093680699666356
distractor_heavy,401235,8192,8193,0.1,639039,21,4,-2.0219222704569497,-2.094878832499186,-0.07295656204223633
distractor_heavy,401235,8192,8193,0.1,639039,18,7,-2.0219222704569497,-2.0322462717692056,-0.01032400131225586
distractor_heavy,401235,8192,8193,0.1,639039,21,8,-2.0219222704569497,-2.0115184783935547,0.010403792063395034
distractor_heavy,401235,8192,8193,0.1,639039,20,1,-2.0219222704569497,-2.0011302630106607,0.020792007446289062
distractor_heavy,401235,8192,8193,0.1,639039,21,10,-2.0219222704569497,-2.0531980196634927,-0.03127574920654297
distractor_heavy,401235,8192,8193,0.1,639039,22,6,-2.0219222704569497,-2.032323678334554,-0.010401407877604463
distractor_heavy,401235,8192,8193,0.1,639039,17,8,-2.0219222704569497,-2.0114221572875977,0.010500113169352066
distractor_heavy,401235,8192,8193,0.1,639039,20,7,-2.0219222704569497,-2.084566275278727,-0.06264400482177734
distractor_heavy,401235,8192,8193,0.1,639039,21,5,-2.0219222704569497,-2.0740323066711426,-0.052110036214192856
distractor_heavy,401235,8192,8193,0.1,639039,21,6,-2.0219222704569497,-2.021862506866455,5.976359049464364e-05
distractor_heavy,401235,8192,8193,0.1,639039,22,11,-2.0219222704569497,-2.032438278198242,-0.010516007741292466
distractor_heavy,401235,8192,8193,0.1,639039,17,2,-2.0219222704569497,-2.011631806691488,0.010290463765461944
distractor_heavy,401235,8192,8193,0.1,639039,20,4,-2.0219222704569497,-2.011521021525065,0.010401248931884766
distractor_heavy,401235,8192,8193,0.1,639039,21,2,-2.0219222704569497,-2.0322977701822915,-0.010375499725341797
distractor_heavy,401235,8192,8193,0.1,639039,22,9,-2.0219222704569497,-2.021905263264974,1.70071919756154e-05
distractor_heavy,401235,8192,8193,0.1,639039,17,7,-2.0219222704569497,-2.0218734741210938,4.879633585597176e-05
distractor_heavy,401235,8192,8193,0.1,639039,21,7,-2.0219222704569497,-2.0115644137064614,0.010357856750488281
distractor_heavy,401235,8192,8193,0.1,639039,20,8,-2.0219222704569497,-2.1051316261291504,-0.08320935567220067
distractor_heavy,401235,8192,8193,0.1,639039,22,8,-2.0219222704569497,-2.021931012471517,-8.742014567353351e-06
distractor_heavy,401235,8192,8193,0.1,639039,17,10,-2.0219222704569497,-2.1364733378092446,-0.11455106735229492
distractor_heavy,401235,8192,8193,0.1,639039,21,3,-2.0219222704569497,-2.074082056681315,-0.052159786224365234
distractor_heavy,401235,8192,8193,0.1,639039,22,2,-2.0219222704569497,-2.0218919118245444,3.03586324053029e-05
distractor_heavy,401235,8192,8193,0.1,639039,20,6,-2.0219222704569497,-2.105280081431071,-0.0833578109741211
distractor_heavy,401235,8192,8193,0.1,639039,21,1,-2.0219222704569497,-2.0740768114725747,-0.052154541015625
distractor_heavy,401235,8192,8193,0.1,639039,22,0,-2.0219222704569497,-2.1469291051228843,-0.12500683466593454
distractor_heavy,401235,8192,8193,0.1,639039,22,5,-2.0219222704569497,-1.8761741320292156,0.14574813842773415
distractor_heavy,401235,8192,8193,0.1,639039,21,0,-2.0219222704569497,-2.0844168663024902,-0.06249459584554051
distractor_heavy,401235,8192,8193,0.1,639039,17,9,-2.0219222704569497,-2.0427120526631675,-0.020789782206217744
distractor_heavy,401235,8192,8193,0.1,639039,22,3,-2.0219222704569497,-2.0219316482543945,-9.377797444809488e-06
distractor_heavy,401235,8192,8193,0.1,639039,17,11,-2.0219222704569497,-1.9906684557596843,0.0312538146972654
distractor_heavy,401235,8192,8193,0.1,639039,22,4,-2.0219222704569497,-2.1157201131184897,-0.09379784266154001
distractor_heavy,401235,8192,8193,0.1,639039,22,1,-2.0219222704569497,-2.053164482116699,-0.031242211659749497
distractor_heavy,401236,8192,8192,0.1,705589,21,11,-1.9497793515523274,-2.231471061706543,-0.28169171015421557
distractor_heavy,401236,8192,8192,0.1,705589,22,7,-1.9497793515523274,-2.189368565877279,-0.2395892143249514
distractor_heavy,401236,8192,8192,0.1,705589,18,3,-1.9497793515523274,-2.012746969858805,-0.06296761830647779
distractor_heavy,401236,8192,8192,0.1,705589,20,9,-1.9497793515523274,-1.9498470624287922,-6.771087646484375e-05
distractor_heavy,401236,8192,8192,0.1,705589,17,3,-1.9497793515523274,-2.0019167264302573,-0.05213737487792991
distractor_heavy,401236,8192,8192,0.1,705589,22,10,-1.9497793515523274,-2.0122292836507163,-0.062449932098388894
distractor_heavy,401236,8192,8192,0.1,705589,23,4,-1.9497793515523274,-1.9914296468098958,-0.04165029525756836
distractor_heavy,401236,8192,8192,0.1,705589,20,3,-1.9497793515523274,-2.0123825073242188,-0.06260315577189135
distractor_heavy,401236,8192,8192,0.1,705589,0,3,-1.9497793515523274,-1.9810867309570312,-0.03130737940470385
distractor_heavy,401236,8192,8192,0.1,705589,0,6,-1.9497793515523274,-1.9692559242248535,-0.019476572672526116
distractor_heavy,401236,8192,8192,0.1,705589,0,4,-1.9497793515523274,-1.9397087097167969,0.010070641835530525
distractor_heavy,401236,8192,8192,0.1,705589,0,7,-1.9497793515523274,-1.950135866800944,-0.0003565152486166845
distractor_heavy,401236,8192,8192,0.1,705589,0,8,-1.9497793515523274,-1.959214210510254,-0.009434858957926506
distractor_heavy,401236,8192,8192,0.1,705589,21,9,-1.9497793515523274,-1.918745517730713,0.03103383382161451
distractor_heavy,401236,8192,8192,0.1,705589,20,2,-1.9497793515523274,-1.980810006459554,-0.031030654907226562
distractor_heavy,401236,8192,8192,0.1,705589,19,1,-1.9497793515523274,-1.9706196784973145,-0.020840326944987053
distractor_heavy,401236,8192,8192,0.1,705589,20,5,-1.9497793515523274,-1.9914924303690593,-0.04171307881673192
distractor_heavy,401236,8192,8192,0.1,705589,0,11,-1.9497793515523274,-1.907710075378418,0.04206927617390943
distractor_heavy,401236,8192,8192,0.1,705589,0,2,-1.9497793515523274,-1.9706714948018391,-0.02089214324951172
distractor_heavy,401236,8192,8192,0.1,705589,0,10,-1.9497793515523274,-1.9381672541300456,0.011612097422281753
distractor_heavy,401236,8192,8192,0.1,705589,0,0,-1.9497793515523274,-1.9084936777750652,0.04128567377726222
distractor_heavy,401236,8192,8192,0.1,705589,0,1,-1.9497793515523274,-1.9497876167297363,-8.265177408928182e-06
distractor_heavy,401236,8192,8192,0.1,705589,20,11,-1.9497793515523274,-1.949940840403239,-0.00016148885091160636
distractor_heavy,401236,8192,8192,0.1,705589,0,5,-1.9497793515523274,-1.9599734942118328,-0.010194142659505356
distractor_heavy,401236,8192,8192,0.1,705589,18,1,-1.9497793515523274,-1.9392698605855305,0.010509490966796875
distractor_heavy,401236,8192,8192,0.1,705589,23,8,-1.9497793515523274,-1.9810226758321126,-0.031243324279785156
distractor_heavy,401236,8192,8192,0.1,705589,20,10,-1.9497793515523274,-1.9603711764017742,-0.010591824849446763
distractor_heavy,401236,8192,8192,0.1,705589,17,6,-1.9497793515523274,-1.9603471755981445,-0.010567824045817131
distractor_heavy,401236,8192,8192,0.1,705589,20,0,-1.9497793515523274,-1.970613956451416,-0.020834604899088616
distractor_heavy,401236,8192,8192,0.1,705589,21,4,-1.9497793515523274,-2.001856962839762,-0.05207761128743482
distractor_heavy,401236,8192,8192,0.1,705589,18,7,-1.9497793515523274,-2.001774628957113,-0.05199527740478538
distractor_heavy,401236,8192,8192,0.1,705589,21,8,-1.9497793515523274,-1.9498481750488281,-6.882349650072506e-05
distractor_heavy,401236,8192,8192,0.1,705589,20,1,-1.9497793515523274,-1.960159460703532,-0.010380109151204575
distractor_heavy,401236,8192,8192,0.1,705589,21,10,-1.9497793515523274,-1.970603307088216,-0.020823955535888672
distractor_heavy,401236,8192,8192,0.1,705589,22,6,-1.9497793515523274,-1.9601844151814778,-0.01040506362915039
distractor_heavy,401236,8192,8192,0.1,705589,17,8,-1.9497793515523274,-1.9599404335021973,-0.010161081949869866
distractor_heavy,401236,8192,8192,0.1,705589,20,7,-1.9497793515523274,-2.0749427477518716,-0.1251633961995442
distractor_heavy,401236,8192,8192,0.1,705589,21,5,-1.9497793515523274,-2.012247880299886,-0.062468528747558816
distractor_heavy,401236,8192,8192,0.1,705589,21,6,-1.9497793515523274,-1.9393245379130046,0.010454813639322769
distractor_heavy,401236,8192,8192,0.1,705589,22,11,-1.9497793515523274,-1.960138161977132,-0.010358810424804688
distractor_heavy,401236,8192,8192,0.1,705589,17,2,-1.9497793515523274,-1.9499394098917644,-0.000160058339436997
distractor_heavy,401236,8192,8192,0.1,705589,20,4,-1.9497793515523274,-1.949946403503418,-0.0001670519510905688
distractor_heavy,401236,8192,8192,0.1,705589,21,2,-1.9497793515523274,-1.9393048286437988,0.010474522908528572
distractor_heavy,401236,8192,8192,0.1,705589,22,9,-1.9497793515523274,-1.9393442471822102,0.010435104370117188
distractor_heavy,401236,8192,8192,0.1,705589,17,7,-1.9497793515523274,-1.928919792175293,0.02085955937703443
distractor_heavy,401236,8192,8192,0.1,705589,21,7,-1.9497793515523274,-1.9392873446146648,0.010492006937662612
distractor_heavy,401236,8192,8192,0.1,705589,20,8,-1.9497793515523274,-1.9808354377746582,-0.031056086222330803
distractor_heavy,401236,8192,8192,0.1,705589,22,8,-1.9497793515523274,-1.9393200874328613,0.010459264119466072
distractor_heavy,401236,8192,8192,0.1,705589,17,10,-1.9497793515523274,-2.0640807151794434,-0.11430136362711596
distractor_heavy,401236,8192,8192,0.1,705589,21,3,-1.9497793515523274,-1.9914188385009766,-0.04163948694864916
distractor_heavy,401236,8192,8192,0.1,705589,22,2,-1.9497793515523274,-1.94975741704305,2.193450927734375e-05
distractor_heavy,401236,8192,8192,0.1,705589,20,6,-1.9497793515523274,-2.033003807067871,-0.0832244555155437
distractor_heavy,401236,8192,8192,0.1,705589,21,1,-1.9497793515523274,-2.0018370946248374,-0.05205774307250999
distractor_heavy,401236,8192,8192,0.1,705589,22,0,-1.9497793515523274,-2.0539209047953286,-0.10414155324300123
distractor_heavy,401236,8192,8192,0.1,705589,22,5,-1.9497793515523274,-1.8247083028157551,0.12507104873657227
distractor_heavy,401236,8192,8192,0.1,705589,21,0,-1.9497793515523274,-2.01226806640625,-0.0624887148539226
distractor_heavy,401236,8192,8192,0.1,705589,17,9,-1.9497793515523274,-1.9600915908813477,-0.010312239329020256
distractor_heavy,401236,8192,8192,0.1,705589,22,3,-1.9497793515523274,-1.9392930666605632,0.010486284891764175
distractor_heavy,401236,8192,8192,0.1,705589,17,11,-1.9497793515523274,-1.9082738558451335,0.04150549570719386
distractor_heavy,401236,8192,8192,0.1,705589,22,4,-1.9497793515523274,-2.022685686747233,-0.07290633519490552
distractor_heavy,401236,8192,8192,0.1,705589,22,1,-1.9497793515523274,-1.9497563044230144,2.3047129313003012e-05
distractor_heavy,401237,8192,8192,0.1,577255,21,11,-2.0298563639322915,-2.133366584777832,-0.10351022084554051
distractor_heavy,401237,8192,8192,0.1,577255,22,7,-2.0298563639322915,-2.15588108698527,-0.12602472305297852
distractor_heavy,401237,8192,8192,0.1,577255,18,3,-2.0298563639322915,-2.1302973429361978,-0.10044097900390625
distractor_heavy,401237,8192,8192,0.1,577255,20,9,-2.0298563639322915,-2.105186144510905,-0.07532978057861328
distractor_heavy,401237,8192,8192,0.1,577255,17,3,-2.0298563639322915,-2.040952523549398,-0.011096159617106416
distractor_heavy,401237,8192,8192,0.1,577255,22,10,-2.0298563639322915,-2.0511250495910645,-0.021268685658772934
distractor_heavy,401237,8192,8192,0.1,577255,23,4,-2.0298563639322915,-2.0720001856486,-0.042143821716308594
distractor_heavy,401237,8192,8192,0.1,577255,20,3,-2.0298563639322915,-2.050640265146891,-0.02078390121459961
distractor_heavy,401237,8192,8192,0.1,577255,0,3,-2.0298563639322915,-2.055760701497396,-0.025904337565104463
distractor_heavy,401237,8192,8192,0.1,577255,0,6,-2.0298563639322915,-1.9910188515981038,0.03883751233418775
distractor_heavy,401237,8192,8192,0.1,577255,0,4,-2.0298563639322915,-2.032133102416992,-0.002276738484700669
distractor_heavy,401237,8192,8192,0.1,577255,0,7,-2.0298563639322915,-2.0273669560750327,0.0024894078572588185
distractor_heavy,401237,8192,8192,0.1,577255,0,8,-2.0298563639322915,-2.0125389099121094,0.017317454020182144
distractor_heavy,401237,8192,8192,0.1,577255,21,9,-2.0298563639322915,-2.0432844161987305,-0.01342805226643895
distractor_heavy,401237,8192,8192,0.1,577255,20,2,-2.0298563639322915,-1.999395529429118,0.030460834503173606
distractor_heavy,401237,8192,8192,0.1,577255,19,1,-2.0298563639322915,-2.0321172078450522,-0.0022608439127607127
distractor_heavy,401237,8192,8192,0.1,577255,20,5,-2.0298563639322915,-2.0717384020487466,-0.04188203811645508
distractor_heavy,401237,8192,8192,0.1,577255,0,11,-2.0298563639322915,-2.0070624351501465,0.022793928782145034
distractor_heavy,401237,8192,8192,0.1,577255,0,2,-2.0298563639322915,-2.0106215476989746,0.01923481623331691
distractor_heavy,401237,8192,8192,0.1,577255,0,10,-2.0298563639322915,-2.0248827934265137,0.004973570505777847
distractor_heavy,401237,8192,8192,0.1,577255,0,0,-2.0298563639322915,-1.9961331685384114,0.033723195393880134
distractor_heavy,401237,8192,8192,0.1,577255,0,1,-2.0298563639322915,-1.9907374382019043,0.03911892573038722
distractor_heavy,401237,8192,8192,0.1,577255,20,11,-2.0298563639322915,-2.0606816609700522,-0.030825297037760713
distractor_heavy,401237,8192,8192,0.1,577255,0,5,-2.0298563639322915,-2.0142807960510254,0.015575567881266128
distractor_heavy,401237,8192,8192,0.1,577255,18,1,-2.0298563639322915,-2.013083299001058,0.016773064931233428
distractor_heavy,401237,8192,8192,0.1,577255,23,8,-2.0298563639322915,-2.07393217086792,-0.0440758069356284
distractor_heavy,401237,8192,8192,0.1,577255,20,10,-2.0298563639322915,-2.0297869046529136,6.945927937795915e-05
distractor_heavy,401237,8192,8192,0.1,577255,17,6,-2.0298563639322915,-2.074747403462728,-0.044891039530436494
distractor_heavy,401237,8192,8192,0.1,577255,20,0,-2.0298563639322915,-2.042301813761393,-0.012445449829101562
distractor_heavy,401237,8192,8192,0.1,577255,21,4,-2.0298563639322915,-2.0923423767089844,-0.062486012776692856
distractor_heavy,401237,8192,8192,0.1,577255,18,7,-2.0298563639322915,-2.069692293802897,-0.03983592987060547
distractor_heavy,401237,8192,8192,0.1,577255,21,8,-2.0298563639322915,-2.040488878885905,-0.010632514953613281
distractor_heavy,401237,8192,8192,0.1,577255,20,1,-2.0298563639322915,-2.0609305699666343,-0.031074206034342744
distractor_heavy,401237,8192,8192,0.1,577255,21,10,-2.0298563639322915,-2.017780145009359,0.012076218922932647
distractor_heavy,401237,8192,8192,0.1,577255,22,6,-2.0298563639322915,-2.0511725743611655,-0.021316210428873994
distractor_heavy,401237,8192,8192,0.1,577255,17,8,-2.0298563639322915,-2.038531939188639,-0.008675575256347656
distractor_heavy,401237,8192,8192,0.1,577255,20,7,-2.0298563639322915,-2.095271110534668,-0.06541474660237645
distractor_heavy,401237,8192,8192,0.1,577255,21,5,-2.0298563639322915,-2.082763353983561,-0.05290699005126953
distractor_heavy,401237,8192,8192,0.1,577255,21,6,-2.0298563639322915,-2.050649801890055,-0.020793437957763672
distractor_heavy,401237,8192,8192,0.1,577255,22,11,-2.0298563639322915,-2.0407190322875977,-0.010862668355306138
distractor_heavy,401237,8192,8192,0.1,577255,17,2,-2.0298563639322915,-2.0262481371561685,0.003608226776123047
distractor_heavy,401237,8192,8192,0.1,577255,20,4,-2.0298563639322915,-1.998629887898763,0.031226476033528572
distractor_heavy,401237,8192,8192,0.1,577255,21,2,-2.0298563639322915,-2.029771327972412,8.503595987940926e-05
distractor_heavy,401237,8192,8192,0.1,577255,22,9,-2.0298563639322915,-2.021317799886068,0.008538564046223662
distractor_heavy,401237,8192,8192,0.1,577255,17,7,-2.0298563639322915,-1.9913630485534668,0.03849331537882472
distractor_heavy,401237,8192,8192,0.1,577255,21,7,-2.0298563639322915,-2.030364513397217,-0.0005081494649252782
distractor_heavy,401237,8192,8192,0.1,577255,20,8,-2.0298563639322915,-2.1114441553751626,-0.0815877914428711
distractor_heavy,401237,8192,8192,0.1,577255,22,8,-2.0298563639322915,-2.051201025644938,-0.021344661712646484
distractor_heavy,401237,8192,8192,0.1,577255,17,10,-2.0298563639322915,-2.0830772717793784,-0.053220907847086885
distractor_heavy,401237,8192,8192,0.1,577255,21,3,-2.0298563639322915,-2.1024600664774575,-0.07260370254516602
distractor_heavy,401237,8192,8192,0.1,577255,22,2,-2.0298563639322915,-2.030039151509603,-0.00018278757731149398
distractor_heavy,401237,8192,8192,0.1,577255,20,6,-2.0298563639322915,-2.134969711303711,-0.10511334737141942
distractor_heavy,401237,8192,8192,0.1,577255,21,1,-2.0298563639322915,-2.092731793721517,-0.06287542978922556
distractor_heavy,401237,8192,8192,0.1,577255,22,0,-2.0298563639322915,-2.123718738555908,-0.09386237462361668
distractor_heavy,401237,8192,8192,0.1,577255,22,5,-2.0298563639322915,-1.9583921432495117,0.0714642206827798
distractor_heavy,401237,8192,8192,0.1,577255,21,0,-2.0298563639322915,-2.114084084828695,-0.08422772089640329
distractor_heavy,401237,8192,8192,0.1,577255,17,9,-2.0298563639322915,-2.103959878285726,-0.07410351435343454
distractor_heavy,401237,8192,8192,0.1,577255,22,3,-2.0298563639322915,-2.019695440928141,0.01016092300415039
distractor_heavy,401237,8192,8192,0.1,577255,17,11,-2.0298563639322915,-1.9669869740804036,0.06286938985188795
distractor_heavy,401237,8192,8192,0.1,577255,22,4,-2.0298563639322915,-2.102804183959961,-0.07294782002766942
distractor_heavy,401237,8192,8192,0.1,577255,22,1,-2.0298563639322915,-2.0303405125935874,-0.000484148661295869
distractor_heavy,401238,8192,8192,0.1,984712,21,11,-2.0761286417643228,-2.2958828608194985,-0.21975421905517578
distractor_heavy,401238,8192,8192,0.1,984712,22,7,-2.0761286417643228,-2.2847229639689126,-0.20859432220458984
distractor_heavy,401238,8192,8192,0.1,984712,18,3,-2.0761286417643228,-2.1809717814127603,-0.1048431396484375
distractor_heavy,401238,8192,8192,0.1,984712,20,9,-2.0761286417643228,-2.075845718383789,0.00028292338053370614
distractor_heavy,401238,8192,8192,0.1,984712,17,3,-2.0761286417643228,-2.1584787368774414,-0.08235009511311864
distractor_heavy,401238,8192,8192,0.1,984712,22,10,-2.0761286417643228,-2.1595948537190757,-0.0834662119547529
distractor_heavy,401238,8192,8192,0.1,984712,23,4,-2.0761286417643228,-2.127992630004883,-0.051863988240560044
distractor_heavy,401238,8192,8192,0.1,984712,20,3,-2.0761286417643228,-2.127950668334961,-0.05182202657063817
distractor_heavy,401238,8192,8192,0.1,984712,0,3,-2.0761286417643228,-2.0971498489379883,-0.021021207173665513
distractor_heavy,401238,8192,8192,0.1,984712,0,6,-2.0761286417643228,-2.042416572570801,0.03371206919352199
distractor_heavy,401238,8192,8192,0.1,984712,0,4,-2.0761286417643228,-2.099440574645996,-0.023311932881673325
distractor_heavy,401238,8192,8192,0.1,984712,0,7,-2.0761286417643228,-2.1082372665405273,-0.032108624776204575
distractor_heavy,401238,8192,8192,0.1,984712,0,8,-2.0761286417643228,-2.0750983556111655,0.001030286153157256
distractor_heavy,401238,8192,8192,0.1,984712,21,9,-2.0761286417643228,-2.0657777786254883,0.010350863138834487
distractor_heavy,401238,8192,8192,0.1,984712,20,2,-2.0761286417643228,-2.0865914026896157,-0.010462760925292969
distractor_heavy,401238,8192,8192,0.1,984712,19,1,-2.0761286417643228,-2.0865564346313477,-0.010427792867024888
distractor_heavy,401238,8192,8192,0.1,984712,20,5,-2.0761286417643228,-2.1074091593424478,-0.031280517578125
distractor_heavy,401238,8192,8192,0.1,984712,0,11,-2.0761286417643228,-2.05532169342041,0.020806948343912612
distractor_heavy,401238,8192,8192,0.1,984712,0,2,-2.0761286417643228,-2.0568135579427085,0.019315083821614287
distractor_heavy,401238,8192,8192,0.1,984712,0,10,-2.0761286417643228,-2.032522360483805,0.04360628128051758
distractor_heavy,401238,8192,8192,0.1,984712,0,0,-2.0761286417643228,-2.0277980168660483,0.048330624898274444
distractor_heavy,401238,8192,8192,0.1,984712,0,1,-2.0761286417643228,-2.077236811319987,-0.0011081695556640625
distractor_heavy,401238,8192,8192,0.1,984712,20,11,-2.0761286417643228,-2.0865532557169595,-0.010424613952636719
distractor_heavy,401238,8192,8192,0.1,984712,0,5,-2.0761286417643228,-2.0979785919189453,-0.021849950154622544
distractor_heavy,401238,8192,8192,0.1,984712,18,1,-2.0761286417643228,-2.0761874516805015,-5.8809916178681476e-05
distractor_heavy,401238,8192,8192,0.1,984712,23,8,-2.0761286417643228,-2.107513427734375,-0.03138478597005223
distractor_heavy,401238,8192,8192,0.1,984712,20,10,-2.0761286417643228,-2.07612673441569,1.9073486328125e-06
distractor_heavy,401238,8192,8192,0.1,984712,17,6,-2.0761286417643228,-2.1180830001831055,-0.0419543584187827
distractor_heavy,401238,8192,8192,0.1,984712,20,0,-2.0761286417643228,-2.0970309575398765,-0.02090231577555368
distractor_heavy,401238,8192,8192,0.1,984712,21,4,-2.0761286417643228,-2.1595029830932617,-0.08337434132893895
distractor_heavy,401238,8192,8192,0.1,984712,18,7,-2.0761286417643228,-2.1175381342569985,-0.04140949249267578
distractor_heavy,401238,8192,8192,0.1,984712,21,8,-2.0761286417643228,-2.0865233739217124,-0.010394732157389619
distractor_heavy,401238,8192,8192,0.1,984712,20,1,-2.0761286417643228,-2.0760714213053384,5.7220458984375e-05
distractor_heavy,401238,8192,8192,0.1,984712,21,10,-2.0761286417643228,-2.1175902684529624,-0.04146162668863962
distractor_heavy,401238,8192,8192,0.1,984712,22,6,-2.0761286417643228,-2.076141357421875,-1.2715657552231363e-05
distractor_heavy,401238,8192,8192,0.1,984712,17,8,-2.0761286417643228,-2.086118698120117,-0.009990056355794419
distractor_heavy,401238,8192,8192,0.1,984712,20,7,-2.0761286417643228,-2.3676074345906577,-0.29147879282633493
distractor_heavy,401238,8192,8192,0.1,984712,21,5,-2.0761286417643228,-2.1490195592244468,-0.072890917460124
distractor_heavy,401238,8192,8192,0.1,984712,21,6,-2.0761286417643228,-2.086517016092936,-0.010388374328613281
distractor_heavy,401238,8192,8192,0.1,984712,22,11,-2.0761286417643228,-2.086544672648112,-0.010416030883789062
distractor_heavy,401238,8192,8192,0.1,984712,17,2,-2.0761286417643228,-2.0763889948527017,-0.00026035308837890625
distractor_heavy,401238,8192,8192,0.1,984712,20,4,-2.0761286417643228,-2.0658753712972007,0.0102532704671221
distractor_heavy,401238,8192,8192,0.1,984712,21,2,-2.0761286417643228,-2.107165972391764,-0.031037330627441406
distractor_heavy,401238,8192,8192,0.1,984712,22,9,-2.0761286417643228,-2.0759096145629883,0.0002190272013344874
distractor_heavy,401238,8192,8192,0.1,984712,17,7,-2.0761286417643228,-2.055325190226237,0.020803451538085938
distractor_heavy,401238,8192,8192,0.1,984712,21,7,-2.0761286417643228,-2.075908978780111,0.00021966298421194352
distractor_heavy,401238,8192,8192,0.1,984712,20,8,-2.0761286417643228,-2.0966196060180664,-0.020490964253743638
distractor_heavy,401238,8192,8192,0.1,984712,22,8,-2.0761286417643228,-2.096968650817871,-0.020840009053548325
distractor_heavy,401238,8192,8192,0.1,984712,17,10,-2.0761286417643228,-2.179940859476725,-0.10381221771240234
distractor_heavy,401238,8192,8192,0.1,984712,21,3,-2.0761286417643228,-2.1488469441731772,-0.07271830240885446
distractor_heavy,401238,8192,8192,0.1,984712,22,2,-2.0761286417643228,-2.06549866994222,0.010629971822102569
distractor_heavy,401238,8192,8192,0.1,984712,20,6,-2.0761286417643228,-2.1591809590657554,-0.08305231730143259
distractor_heavy,401238,8192,8192,0.1,984712,21,1,-2.0761286417643228,-2.180063247680664,-0.1039346059163413
distractor_heavy,401238,8192,8192,0.1,984712,22,0,-2.0761286417643228,-2.2011823654174805,-0.1250537236531577
distractor_heavy,401238,8192,8192,0.1,984712,22,5,-2.0761286417643228,-1.930280367533366,0.1458482742309568
distractor_heavy,401238,8192,8192,0.1,984712,21,0,-2.0761286417643228,-2.159480412801107,-0.08335177103678415
distractor_heavy,401238,8192,8192,0.1,984712,17,9,-2.0761286417643228,-2.1069663365681968,-0.030837694803873994
distractor_heavy,401238,8192,8192,0.1,984712,22,3,-2.0761286417643228,-2.044658660888672,0.031469980875650894
distractor_heavy,401238,8192,8192,0.1,984712,17,11,-2.0761286417643228,-2.0557146072387695,0.020414034525553237
distractor_heavy,401238,8192,8192,0.1,984712,22,4,-2.0761286417643228,-2.159452438354492,-0.08332379659016942
distractor_heavy,401238,8192,8192,0.1,984712,22,1,-2.0761286417643228,-2.0865554809570312,-0.010426839192708481
distractor_heavy,401239,8192,8192,0.1,836886,21,11,-1.9511070251464844,-2.171349207560221,-0.22024218241373683
distractor_heavy,401239,8192,8192,0.1,836886,22,7,-1.9511070251464844,-2.0766092936197915,-0.12550226847330714
distractor_heavy,401239,8192,8192,0.1,836886,18,3,-1.9511070251464844,-1.993239402770996,-0.04213237762451172
distractor_heavy,401239,8192,8192,0.1,836886,20,9,-1.9511070251464844,-1.9614877700805664,-0.010380744934082031
distractor_heavy,401239,8192,8192,0.1,836886,17,3,-1.9511070251464844,-1.9930661519368489,-0.04195912679036451
distractor_heavy,401239,8192,8192,0.1,836886,22,10,-1.9511070251464844,-2.0034914016723633,-0.052384376525878906
distractor_heavy,401239,8192,8192,0.1,836886,23,4,-1.9511070251464844,-1.98253599802653,-0.03142897288004565
distractor_heavy,401239,8192,8192,0.1,836886,20,3,-1.9511070251464844,-1.9719231923421223,-0.020816167195637947
distractor_heavy,401239,8192,8192,0.1,836886,0,3,-1.9511070251464844,-1.9823106129964192,-0.031203587849934822
distractor_heavy,401239,8192,8192,0.1,836886,0,6,-1.9511070251464844,-1.9501829147338867,0.0009241104125976562
distractor_heavy,401239,8192,8192,0.1,836886,0,4,-1.9511070251464844,-1.9206835428873699,0.03042348225911451
distractor_heavy,401239,8192,8192,0.1,836886,0,7,-1.9511070251464844,-1.9403785069783528,0.010728518168131584
distractor_heavy,401239,8192,8192,0.1,836886,0,8,-1.9511070251464844,-1.9503262837727864,0.0007807413736979907
distractor_heavy,401239,8192,8192,0.1,836886,21,9,-1.9511070251464844,-1.8990227381388347,0.052084287007649666
distractor_heavy,401239,8192,8192,0.1,836886,20,2,-1.9511070251464844,-1.930310567220052,0.020796457926432366
distractor_heavy,401239,8192,8192,0.1,836886,19,1,-1.9511070251464844,-1.9200426737467449,0.03106435139973951
distractor_heavy,401239,8192,8192,0.1,836886,20,5,-1.9511070251464844,-2.0135978062947593,-0.06249078114827489
distractor_heavy,401239,8192,8192,0.1,836886,0,11,-1.9511070251464844,-1.9092464447021484,0.04186058044433594
distractor_heavy,401239,8192,8192,0.1,836886,0,2,-1.9511070251464844,-1.9196945826212566,0.03141244252522779
distractor_heavy,401239,8192,8192,0.1,836886,0,10,-1.9511070251464844,-1.9608248074849446,-0.009717782338460212
distractor_heavy,401239,8192,8192,0.1,836886,0,0,-1.9511070251464844,-1.9105761845906575,0.0405308405558269
distractor_heavy,401239,8192,8192,0.1,836886,0,1,-1.9511070251464844,-1.9511435826619465,-3.655751546216557e-05
distractor_heavy,401239,8192,8192,0.1,836886,20,11,-1.9511070251464844,-1.9408124287923176,0.01029459635416674
distractor_heavy,401239,8192,8192,0.1,836886,0,5,-1.9511070251464844,-1.9299736022949219,0.0211334228515625
distractor_heavy,401239,8192,8192,0.1,836886,18,1,-1.9511070251464844,-1.9615615208943684,-0.01045449574788404
distractor_heavy,401239,8192,8192,0.1,836886,23,8,-1.9511070251464844,-1.9719664255777996,-0.020859400431315178
distractor_heavy,401239,8192,8192,0.1,836886,20,10,-1.9511070251464844,-1.9510908126831055,1.621246337890625e-05
distractor_heavy,401239,8192,8192,0.1,836886,17,6,-1.9511070251464844,-1.961824099222819,-0.01071707407633471
distractor_heavy,401239,8192,8192,0.1,836886,20,0,-1.9511070251464844,-1.9406010309855144,0.010505994160969978
distractor_heavy,401239,8192,8192,0.1,836886,21,4,-1.9511070251464844,-2.013600985209147,-0.06249396006266261
distractor_heavy,401239,8192,8192,0.1,836886,18,7,-1.9511070251464844,-1.982103983561198,-0.030996958414713616
distractor_heavy,401239,8192,8192,0.1,836886,21,8,-1.9511070251464844,-1.9096660614013672,0.04144096374511719
distractor_heavy,401239,8192,8192,0.1,836886,20,1,-1.9511070251464844,-1.9510717391967773,3.528594970703125e-05
distractor_heavy,401239,8192,8192,0.1,836886,21,10,-1.9511070251464844,-1.9822359085083008,-0.031128883361816406
distractor_heavy,401239,8192,8192,0.1,836886,22,6,-1.9511070251464844,-1.9510879516601562,1.9073486328125e-05
distractor_heavy,401239,8192,8192,0.1,836886,17,8,-1.9511070251464844,-1.9197018941243489,0.03140513102213549
distractor_heavy,401239,8192,8192,0.1,836886,20,7,-1.9511070251464844,-1.919921875,0.031185150146484375
distractor_heavy,401239,8192,8192,0.1,836886,21,5,-1.9511070251464844,-1.9926551183064778,-0.041548093159993416
distractor_heavy,401239,8192,8192,0.1,836886,21,6,-1.9511070251464844,-1.9820922215779622,-0.03098519643147779
distractor_heavy,401239,8192,8192,0.1,836886,22,11,-1.9511070251464844,-1.9197279612223308,0.03137906392415357
distractor_heavy,401239,8192,8192,0.1,836886,17,2,-1.9511070251464844,-1.9407790501912434,0.01032797495524096
distractor_heavy,401239,8192,8192,0.1,836886,20,4,-1.9511070251464844,-1.920053482055664,0.031053543090820312
distractor_heavy,401239,8192,8192,0.1,836886,21,2,-1.9511070251464844,-1.9613885879516602,-0.010281562805175781
distractor_heavy,401239,8192,8192,0.1,836886,22,9,-1.9511070251464844,-1.9407107035319011,0.01039632161458326
distractor_heavy,401239,8192,8192,0.1,836886,17,7,-1.9511070251464844,-1.9094988505045574,0.04160817464192701
distractor_heavy,401239,8192,8192,0.1,836886,21,7,-1.9511070251464844,-1.9093408584594727,0.04176616668701172
distractor_heavy,401239,8192,8192,0.1,836886,20,8,-1.9511070251464844,-1.951054573059082,5.245208740234375e-05
distractor_heavy,401239,8192,8192,0.1,836886,22,8,-1.9511070251464844,-1.9512770970662434,-0.00017007191975904057
distractor_heavy,401239,8192,8192,0.1,836886,17,10,-1.9511070251464844,-2.0031347274780273,-0.05202770233154297
distractor_heavy,401239,8192,8192,0.1,836886,21,3,-1.9511070251464844,-2.0241384506225586,-0.07303142547607422
distractor_heavy,401239,8192,8192,0.1,836886,22,2,-1.9511070251464844,-1.9199616114298503,0.03114541371663404
distractor_heavy,401239,8192,8192,0.1,836886,20,6,-1.9511070251464844,-2.044602394104004,-0.09349536895751953
distractor_heavy,401239,8192,8192,0.1,836886,21,1,-1.9511070251464844,-2.003373146057129,-0.05226612091064453
distractor_heavy,401239,8192,8192,0.1,836886,22,0,-1.9511070251464844,-2.0242557525634766,-0.07314872741699219
distractor_heavy,401239,8192,8192,0.1,836886,22,5,-1.9511070251464844,-1.8261706034342449,0.12493642171223951
distractor_heavy,401239,8192,8192,0.1,836886,21,0,-1.9511070251464844,-2.013803164164225,-0.06269613901774074
distractor_heavy,401239,8192,8192,0.1,836886,17,9,-1.9511070251464844,-1.9826469421386719,-0.0315399169921875
distractor_heavy,401239,8192,8192,0.1,836886,22,3,-1.9511070251464844,-1.8992144266764324,0.05189259847005201
distractor_heavy,401239,8192,8192,0.1,836886,17,11,-1.9511070251464844,-1.9096886316935222,0.041418393452962166
distractor_heavy,401239,8192,8192,0.1,836886,22,4,-1.9511070251464844,-1.9929752349853516,-0.04186820983886719
distractor_heavy,401239,8192,8192,0.1,836886,22,1,-1.9511070251464844,-1.9304882685343425,0.020618756612141853
distractor_heavy,401240,8192,8193,0.1,453754,21,11,-2.1962440808614097,-2.3796873092651367,-0.18344322840372707
distractor_heavy,401240,8192,8193,0.1,453754,22,7,-2.1962440808614097,-2.341314156850179,-0.14507007598876953
distractor_heavy,401240,8192,8193,0.1,453754,18,3,-2.1962440808614097,-2.237124443054199,-0.040880362192789566
distractor_heavy,401240,8192,8193,0.1,453754,20,9,-2.1962440808614097,-2.20163631439209,-0.0053922335306801905
distractor_heavy,401240,8192,8193,0.1,453754,17,3,-2.1962440808614097,-2.167085647583008,0.02915843327840184
distractor_heavy,401240,8192,8193,0.1,453754,22,10,-2.1962440808614097,-2.1943012873331704,0.0019427935282392284
distractor_heavy,401240,8192,8193,0.1,453754,23,4,-2.1962440808614097,-2.23645814259847,-0.04021406173706055
distractor_heavy,401240,8192,8193,0.1,453754,20,3,-2.1962440808614097,-2.2157793045043945,-0.019535223642984878
distractor_heavy,401240,8192,8193,0.1,453754,0,3,-2.1962440808614097,-2.19887908299764,-0.0026350021362304688
distractor_heavy,401240,8192,8193,0.1,453754,0,6,-2.1962440808614097,-2.2009363174438477,-0.004692236582438003
distractor_heavy,401240,8192,8193,0.1,453754,0,4,-2.1962440808614097,-2.19432004292806,0.0019240379333496094
distractor_heavy,401240,8192,8193,0.1,453754,0,7,-2.1962440808614097,-2.193485736846924,0.002758344014485825
distractor_heavy,401240,8192,8193,0.1,453754,0,8,-2.1962440808614097,-2.172532240549723,0.023711840311686494
distractor_heavy,401240,8192,8193,0.1,453754,21,9,-2.1962440808614097,-2.1863320668538413,0.00991201400756836
distractor_heavy,401240,8192,8193,0.1,453754,20,2,-2.1962440808614097,-2.1632180213928223,0.03302605946858739
distractor_heavy,401240,8192,8193,0.1,453754,19,1,-2.1962440808614097,-2.17362912495931,0.02261495590209961
distractor_heavy,401240,8192,8193,0.1,453754,20,5,-2.1962440808614097,-2.2066699663798013,-0.010425885518391631
distractor_heavy,401240,8192,8193,0.1,453754,0,11,-2.1962440808614097,-2.1412301063537598,0.05501397450764989
distractor_heavy,401240,8192,8193,0.1,453754,0,2,-2.1962440808614097,-2.182098706563314,0.014145374298095703
distractor_heavy,401240,8192,8193,0.1,453754,0,10,-2.1962440808614097,-2.153005282084147,0.043238798777262666
distractor_heavy,401240,8192,8193,0.1,453754,0,0,-2.1962440808614097,-2.163722356160482,0.032521724700927734
distractor_heavy,401240,8192,8193,0.1,453754,0,1,-2.1962440808614097,-2.1952719688415527,0.0009721120198569189
distractor_heavy,401240,8192,8193,0.1,453754,20,11,-2.1962440808614097,-2.152157465616862,0.04408661524454782
distractor_heavy,401240,8192,8193,0.1,453754,0,5,-2.1962440808614097,-2.195095698038737,0.001148382822672822
distractor_heavy,401240,8192,8193,0.1,453754,18,1,-2.1962440808614097,-2.1547511418660483,0.04149293899536133
distractor_heavy,401240,8192,8193,0.1,453754,23,8,-2.1962440808614097,-2.225711981455485,-0.029467900594075225
distractor_heavy,401240,8192,8193,0.1,453754,20,10,-2.1962440808614097,-2.1737778981526694,0.022466182708740234
distractor_heavy,401240,8192,8193,0.1,453754,17,6,-2.1962440808614097,-2.1852038701375327,0.011040210723876953
distractor_heavy,401240,8192,8193,0.1,453754,20,0,-2.1962440808614097,-2.18404754002889,0.012196540832519531
distractor_heavy,401240,8192,8193,0.1,453754,21,4,-2.1962440808614097,-2.2359514236450195,-0.03970734278360988
distractor_heavy,401240,8192,8193,0.1,453754,18,7,-2.1962440808614097,-2.193467140197754,0.002776940663655747
distractor_heavy,401240,8192,8193,0.1,453754,21,8,-2.1962440808614097,-2.152970790863037,0.043273289998372544
distractor_heavy,401240,8192,8193,0.1,453754,20,1,-2.1962440808614097,-2.1856492360432944,0.010594844818115234
distractor_heavy,401240,8192,8193,0.1,453754,21,10,-2.1962440808614097,-2.1628758112589517,0.03336826960245798
distractor_heavy,401240,8192,8193,0.1,453754,22,6,-2.1962440808614097,-2.1968952814737954,-0.0006512006123857716
distractor_heavy,401240,8192,8193,0.1,453754,17,8,-2.1962440808614097,-2.17832883199056,0.01791524887084961
distractor_heavy,401240,8192,8193,0.1,453754,20,7,-2.1962440808614097,-2.2722854614257812,-0.0760413805643716
distractor_heavy,401240,8192,8193,0.1,453754,21,5,-2.1962440808614097,-2.2152867317199707,-0.01904265085856105
distractor_heavy,401240,8192,8193,0.1,453754,21,6,-2.1962440808614097,-2.152307669321696,0.04393641153971384
distractor_heavy,401240,8192,8193,0.1,453754,22,11,-2.1962440808614097,-2.1632102330525718,0.03303384780883789
distractor_heavy,401240,8192,8193,0.1,453754,17,2,-2.1962440808614097,-2.1816511154174805,0.014592965443929184
distractor_heavy,401240,8192,8193,0.1,453754,20,4,-2.1962440808614097,-2.162396272023519,0.033847808837890625
distractor_heavy,401240,8192,8193,0.1,453754,21,2,-2.1962440808614097,-2.1706809997558594,0.025563081105550278
distractor_heavy,401240,8192,8193,0.1,453754,22,9,-2.1962440808614097,-2.152465025583903,0.043779055277506806
distractor_heavy,401240,8192,8193,0.1,453754,17,7,-2.1962440808614097,-2.129698912302653,0.0665451685587568
distractor_heavy,401240,8192,8193,0.1,453754,21,7,-2.1962440808614097,-2.14986244837443,0.04638163248697946
distractor_heavy,401240,8192,8193,0.1,453754,20,8,-2.1962440808614097,-2.23055632909139,-0.03431224822998047
distractor_heavy,401240,8192,8193,0.1,453754,22,8,-2.1962440808614097,-2.165651480356852,0.030592600504557588
distractor_heavy,401240,8192,8193,0.1,453754,17,10,-2.1962440808614097,-2.234492619832357,-0.038248538970947266
distractor_heavy,401240,8192,8193,0.1,453754,21,3,-2.1962440808614097,-2.2361186345418296,-0.03987455368041992
distractor_heavy,401240,8192,8193,0.1,453754,22,2,-2.1962440808614097,-2.1529593467712402,0.04328473409016942
distractor_heavy,401240,8192,8193,0.1,453754,20,6,-2.1962440808614097,-2.245091756184896,-0.04884767532348633
distractor_heavy,401240,8192,8193,0.1,453754,21,1,-2.1962440808614097,-2.2353038787841797,-0.039059797922770034
distractor_heavy,401240,8192,8193,0.1,453754,22,0,-2.1962440808614097,-2.26804526646932,-0.07180118560791016
distractor_heavy,401240,8192,8193,0.1,453754,22,5,-2.1962440808614097,-2.0707435607910156,0.12550052007039403
distractor_heavy,401240,8192,8193,0.1,453754,21,0,-2.1962440808614097,-2.2460567156473794,-0.049812634785969756
distractor_heavy,401240,8192,8193,0.1,453754,17,9,-2.1962440808614097,-2.1718522707621255,0.02439181009928415
distractor_heavy,401240,8192,8193,0.1,453754,22,3,-2.1962440808614097,-2.163058598836263,0.033185482025146484
distractor_heavy,401240,8192,8193,0.1,453754,17,11,-2.1962440808614097,-2.1311548550923667,0.06508922576904297
distractor_heavy,401240,8192,8193,0.1,453754,22,4,-2.1962440808614097,-2.2768192291259766,-0.08057514826456691
distractor_heavy,401240,8192,8193,0.1,453754,22,1,-2.1962440808614097,-2.1967371304829917,-0.0004930496215820312
distractor_heavy,401241,8192,8192,0.1,395505,21,11,-2.2317377726236978,-2.380669911702474,-0.14893213907877634
distractor_heavy,401241,8192,8192,0.1,395505,22,7,-2.2317377726236978,-2.440388043721517,-0.2086502710978193
distractor_heavy,401241,8192,8192,0.1,395505,18,3,-2.2317377726236978,-2.2791932423909507,-0.0474554697672529
distractor_heavy,401241,8192,8192,0.1,395505,20,9,-2.2317377726236978,-2.2844433784484863,-0.05270560582478856
distractor_heavy,401241,8192,8192,0.1,395505,17,3,-2.2317377726236978,-2.3080323537190757,-0.0762945810953779
distractor_heavy,401241,8192,8192,0.1,395505,22,10,-2.2317377726236978,-2.2733961741129556,-0.04165840148925781
distractor_heavy,401241,8192,8192,0.1,395505,23,4,-2.2317377726236978,-2.252471923828125,-0.02073415120442723
distractor_heavy,401241,8192,8192,0.1,395505,20,3,-2.2317377726236978,-2.2850669225056968,-0.053329149881998994
distractor_heavy,401241,8192,8192,0.1,395505,0,3,-2.2317377726236978,-2.270355224609375,-0.03861745198567723
distractor_heavy,401241,8192,8192,0.1,395505,0,6,-2.2317377726236978,-2.2222228050231934,0.00951496760050441
distractor_heavy,401241,8192,8192,0.1,395505,0,4,-2.2317377726236978,-2.2759780883789062,-0.04424031575520848
distractor_heavy,401241,8192,8192,0.1,395505,0,7,-2.2317377726236978,-2.239398638407389,-0.007660865783691406
distractor_heavy,401241,8192,8192,0.1,395505,0,8,-2.2317377726236978,-2.2406694094340005,-0.008931636810302734
distractor_heavy,401241,8192,8192,0.1,395505,21,9,-2.2317377726236978,-2.2236204147338867,0.00811735788981105
distractor_heavy,401241,8192,8192,0.1,395505,20,2,-2.2317377726236978,-2.2109864552815757,0.0207513173421221
distractor_heavy,401241,8192,8192,0.1,395505,19,1,-2.2317377726236978,-2.233195940653483,-0.0014581680297851562
distractor_heavy,401241,8192,8192,0.1,395505,20,5,-2.2317377726236978,-2.2437012990315757,-0.0119635264078779
distractor_heavy,401241,8192,8192,0.1,395505,0,11,-2.2317377726236978,-2.199181238810221,0.03255653381347656
distractor_heavy,401241,8192,8192,0.1,395505,0,2,-2.2317377726236978,-2.2525316874186196,-0.020793914794921875
distractor_heavy,401241,8192,8192,0.1,395505,0,10,-2.2317377726236978,-2.2232611974080405,0.008476575215657256
distractor_heavy,401241,8192,8192,0.1,395505,0,0,-2.2317377726236978,-2.2571210861206055,-0.0253833134969077
distractor_heavy,401241,8192,8192,0.1,395505,0,1,-2.2317377726236978,-2.2606024742126465,-0.028864701588948716
distractor_heavy,401241,8192,8192,0.1,395505,20,11,-2.2317377726236978,-2.191437085469564,0.04030068715413382
distractor_heavy,401241,8192,8192,0.1,395505,0,5,-2.2317377726236978,-2.2589184443155923,-0.02718067169189453
distractor_heavy,401241,8192,8192,0.1,395505,18,1,-2.2317377726236978,-2.2317301432291665,7.62939453125e-06
distractor_heavy,401241,8192,8192,0.1,395505,23,8,-2.2317377726236978,-2.2424465815226235,-0.010708808898925781
distractor_heavy,401241,8192,8192,0.1,395505,20,10,-2.2317377726236978,-2.221964200337728,0.009773572285969756
distractor_heavy,401241,8192,8192,0.1,395505,17,6,-2.2317377726236978,-2.234594980875651,-0.002857208251953125
distractor_heavy,401241,8192,8192,0.1,395505,20,0,-2.2317377726236978,-2.243626912434896,-0.011889139811198213
distractor_heavy,401241,8192,8192,0.1,395505,21,4,-2.2317377726236978,-2.273710568745931,-0.04197279612223337
distractor_heavy,401241,8192,8192,0.1,395505,18,7,-2.2317377726236978,-2.264105478922526,-0.032367706298828125
distractor_heavy,401241,8192,8192,0.1,395505,21,8,-2.2317377726236978,-2.2214943567911782,0.010243415832519531
distractor_heavy,401241,8192,8192,0.1,395505,20,1,-2.2317377726236978,-2.212259292602539,0.019478480021158706
distractor_heavy,401241,8192,8192,0.1,395505,21,10,-2.2317377726236978,-2.2210536003112793,0.010684172312418472
distractor_heavy,401241,8192,8192,0.1,395505,22,6,-2.2317377726236978,-2.2213258743286133,0.010411898295084487
distractor_heavy,401241,8192,8192,0.1,395505,17,8,-2.2317377726236978,-2.241905848185221,-0.010168075561523438
distractor_heavy,401241,8192,8192,0.1,395505,20,7,-2.2317377726236978,-2.6081806818644204,-0.37644290924072266
distractor_heavy,401241,8192,8192,0.1,395505,21,5,-2.2317377726236978,-2.274613539377848,-0.04287576675415039
distractor_heavy,401241,8192,8192,0.1,395505,21,6,-2.2317377726236978,-2.1898552576700845,0.04188251495361328
distractor_heavy,401241,8192,8192,0.1,395505,22,11,-2.2317377726236978,-2.2317380905151367,-3.1789143895011307e-07
distractor_heavy,401241,8192,8192,0.1,395505,17,2,-2.2317377726236978,-2.2333291371663413,-0.0015913645426435252
distractor_heavy,401241,8192,8192,0.1,395505,20,4,-2.2317377726236978,-2.2114718755086265,0.02026589711507132
distractor_heavy,401241,8192,8192,0.1,395505,21,2,-2.2317377726236978,-2.212421417236328,0.019316355387369644
distractor_heavy,401241,8192,8192,0.1,395505,22,9,-2.2317377726236978,-2.210867404937744,0.020870367685953628
distractor_heavy,401241,8192,8192,0.1,395505,17,7,-2.2317377726236978,-2.1819286346435547,0.04980913798014308
distractor_heavy,401241,8192,8192,0.1,395505,21,7,-2.2317377726236978,-2.212437629699707,0.019300142923990737
distractor_heavy,401241,8192,8192,0.1,395505,20,8,-2.2317377726236978,-2.336763381958008,-0.10502560933431004
distractor_heavy,401241,8192,8192,0.1,395505,22,8,-2.2317377726236978,-2.243546485900879,-0.011808713277181138
distractor_heavy,401241,8192,8192,0.1,395505,17,10,-2.2317377726236978,-2.3263724644978843,-0.0946346918741865
distractor_heavy,401241,8192,8192,0.1,395505,21,3,-2.2317377726236978,-2.31490421295166,-0.08316644032796239
distractor_heavy,401241,8192,8192,0.1,395505,22,2,-2.2317377726236978,-2.221816062927246,0.009921709696451675
distractor_heavy,401241,8192,8192,0.1,395505,20,6,-2.2317377726236978,-2.306938807169596,-0.07520103454589844
distractor_heavy,401241,8192,8192,0.1,395505,21,1,-2.2317377726236978,-2.285281499226888,-0.0535437266031904
distractor_heavy,401241,8192,8192,0.1,395505,22,0,-2.2317377726236978,-2.3063135147094727,-0.07457574208577489
distractor_heavy,401241,8192,8192,0.1,395505,22,5,-2.2317377726236978,-2.054860750834147,0.17687702178955078
distractor_heavy,401241,8192,8192,0.1,395505,21,0,-2.2317377726236978,-2.296416441599528,-0.06467866897583008
distractor_heavy,401241,8192,8192,0.1,395505,17,9,-2.2317377726236978,-2.265506108601888,-0.0337683359781904
distractor_heavy,401241,8192,8192,0.1,395505,22,3,-2.2317377726236978,-2.212024688720703,0.019713083902994644
distractor_heavy,401241,8192,8192,0.1,395505,17,11,-2.2317377726236978,-2.169875144958496,0.061862627665201675
distractor_heavy,401241,8192,8192,0.1,395505,22,4,-2.2317377726236978,-2.366997400919596,-0.13525962829589844
distractor_heavy,401241,8192,8192,0.1,395505,22,1,-2.2317377726236978,-2.264181137084961,-0.03244336446126317
