variant,seed,target_tokens,actual_tokens,needle_frac,gold,layer,head,gold_span_start,gold_span_end,needle_span_start,needle_span_end,n_distractor_spans,gold_mass,gold_max,gold_rank,needle_mass,distractor_mass,argmax_token_index,argmax_in_gold,argmax_in_needle
literal,1234,8192,8192,0.9,915965,20,7,7338,7344,7327,7351,1,0.0028901100158691406,0.00106048583984375,29,0.010836124420166016,0.00927734375,8191,0,0
literal,1234,8192,8192,0.9,915965,21,11,7338,7344,7327,7351,1,0.7294921875,0.248046875,1,0.8348970413208008,0.03714752197265625,7341,1,1
literal,1234,8192,8192,0.9,915965,22,7,7338,7344,7327,7351,1,0.4071969985961914,0.3984375,1,0.743280291557312,0.00976058840751648,7338,1,1
literal,1234,8192,8192,0.9,915965,18,3,7338,7344,7327,7351,1,0.005970001220703125,0.00165557861328125,52,0.12787562608718872,0.014703750610351562,8183,0,0
literal,1234,8192,8192,0.9,915965,17,10,7338,7344,7327,7351,1,0.0008196830749511719,0.0001983642578125,90,0.08833074569702148,0.008411407470703125,0,0,0
literal,1234,8192,8192,0.9,915965,20,8,7338,7344,7327,7351,1,0.000209808349609375,5.269050598144531e-05,57,0.0018425330054014921,0.0022797584533691406,8190,0,0
literal,1234,8192,8192,0.9,915965,22,0,7338,7344,7327,7351,1,1.6620964743196964e-05,1.138448715209961e-05,253,0.00011955073568969965,6.532669067382812e-05,8191,0,0
literal,1234,8192,8192,0.9,915965,22,4,7338,7344,7327,7351,1,0.0008153915405273438,0.000469207763671875,39,0.02378910779953003,0.0036821365356445312,8184,0,0
literal,1234,8192,8192,0.9,915965,21,0,7338,7344,7327,7351,1,0.02144622802734375,0.006439208984375,7,0.047435879707336426,0.0037145614624023438,0,0,0
literal,1234,8192,8192,0.9,915965,20,6,7338,7344,7327,7351,1,0.00024819374084472656,6.818771362304688e-05,79,0.03409910202026367,0.000494539737701416,10,0,0
literal,1234,8192,8192,0.9,915965,20,9,7338,7344,7327,7351,1,0.0066089630126953125,0.0020904541015625,13,0.016843747347593307,0.010061264038085938,8190,0,0
literal,1234,8192,8192,0.9,915965,21,3,7338,7344,7327,7351,1,7.624924182891846e-05,3.695487976074219e-05,89,0.007859878242015839,0.0014677047729492188,0,0,0
literal,1234,8192,8192,0.9,915965,21,1,7338,7344,7327,7351,1,0.00025200843811035156,7.772445678710938e-05,110,0.047493696212768555,0.001873016357421875,0,0,0
literal,1234,8192,8192,0.9,915965,21,4,7338,7344,7327,7351,1,0.0030803680419921875,0.000782012939453125,44,0.022395968437194824,0.0058116912841796875,8190,0,0
literal,1234,8192,8192,0.9,915965,21,5,7338,7344,7327,7351,1,0.0043811798095703125,0.00093841552734375,53,0.058606624603271484,0.0008864402770996094,0,0,0
literal,1234,8192,8192,0.9,915965,17,3,7338,7344,7327,7351,1,0.00041735172271728516,0.0001697540283203125,68,0.012802958488464355,0.008609771728515625,8191,0,0
literal,1234,8192,8192,0.9,915965,22,10,7338,7344,7327,7351,1,0.058441162109375,0.02001953125,14,0.5600311756134033,0.003639698028564453,7345,0,1
literal,1234,8192,8192,0.9,915965,23,4,7338,7344,7327,7351,1,0.02132892608642578,0.01806640625,12,0.2488769292831421,0.011517047882080078,0,0,0
literal,1234,8192,8192,0.9,915965,20,3,7338,7344,7327,7351,1,0.0020647048950195312,0.0013427734375,27,0.030057251453399658,0.0010742545127868652,8179,0,0
literal,1235,8192,8192,0.9,822782,20,7,7338,7344,7327,7351,1,0.0029134750366210938,0.00087738037109375,33,0.011872291564941406,0.0086212158203125,8191,0,0
literal,1235,8192,8192,0.9,822782,21,11,7338,7344,7327,7351,1,0.7109375,0.265625,1,0.8350367546081543,0.03607177734375,7341,1,1
literal,1235,8192,8192,0.9,822782,22,7,7338,7344,7327,7351,1,0.4616854190826416,0.455078125,1,0.8457126617431641,0.0063629150390625,7338,1,1
literal,1235,8192,8192,0.9,822782,18,3,7338,7344,7327,7351,1,0.009158611297607422,0.0035247802734375,35,0.17519080638885498,0.014312744140625,8183,0,0
literal,1235,8192,8192,0.9,822782,17,10,7338,7344,7327,7351,1,0.00112152099609375,0.0002689361572265625,87,0.10683631896972656,0.00928497314453125,0,0,0
literal,1235,8192,8192,0.9,822782,20,8,7338,7344,7327,7351,1,0.0003444850444793701,0.00020122528076171875,41,0.002255982719361782,0.0015006065368652344,8190,0,0
literal,1235,8192,8192,0.9,822782,22,0,7338,7344,7327,7351,1,1.8784194253385067e-05,1.2278556823730469e-05,231,0.00014419236686080694,5.611032247543335e-05,0,0,0
literal,1235,8192,8192,0.9,822782,22,4,7338,7344,7327,7351,1,0.0009751319885253906,0.0004425048828125,37,0.030534207820892334,0.0028772354125976562,8184,0,0
literal,1235,8192,8192,0.9,822782,21,0,7338,7344,7327,7351,1,0.0185699462890625,0.005645751953125,6,0.043093204498291016,0.0033512115478515625,0,0,0
literal,1235,8192,8192,0.9,822782,20,6,7338,7344,7327,7351,1,0.0002454221248626709,0.00010967254638671875,75,0.033878058195114136,0.0003668069839477539,10,0,0
literal,1235,8192,8192,0.9,822782,20,9,7338,7344,7327,7351,1,0.00586700439453125,0.00171661376953125,10,0.01392810046672821,0.00555419921875,8190,0,0
literal,1235,8192,8192,0.9,822782,21,3,7338,7344,7327,7351,1,0.00011329352855682373,4.601478576660156e-05,85,0.007502824068069458,0.0013079643249511719,0,0,0
literal,1235,8192,8192,0.9,822782,21,1,7338,7344,7327,7351,1,0.00028508901596069336,0.0001583099365234375,83,0.045750558376312256,0.0015897750854492188,0,0,0
literal,1235,8192,8192,0.9,822782,21,4,7338,7344,7327,7351,1,0.0050048828125,0.002838134765625,27,0.03198733925819397,0.004848480224609375,0,0,0
literal,1235,8192,8192,0.9,822782,21,5,7338,7344,7327,7351,1,0.0036525726318359375,0.0015106201171875,49,0.0626530647277832,0.0007126331329345703,0,0,0
literal,1235,8192,8192,0.9,822782,17,3,7338,7344,7327,7351,1,0.0005578994750976562,0.00020885467529296875,65,0.013730287551879883,0.01026153564453125,8191,0,0
literal,1235,8192,8192,0.9,822782,22,10,7338,7344,7327,7351,1,0.0437469482421875,0.0164794921875,14,0.5521376132965088,0.00232696533203125,0,0,0
literal,1235,8192,8192,0.9,822782,23,4,7338,7344,7327,7351,1,0.015648841857910156,0.01214599609375,14,0.26596081256866455,0.013045310974121094,0,0,0
literal,1235,8192,8192,0.9,822782,20,3,7338,7344,7327,7351,1,0.002826869487762451,0.0016021728515625,26,0.030837833881378174,0.0011630058288574219,8179,0,0
literal,1236,8192,8192,0.9,659279,20,7,7330,7336,7319,7343,1,0.0010151863098144531,0.00024127960205078125,48,0.013524055480957031,0.0074253082275390625,8191,0,0
literal,1236,8192,8192,0.9,659279,21,11,7330,7336,7319,7343,1,0.77734375,0.232421875,1,0.8629798889160156,0.029998779296875,7333,1,1
literal,1236,8192,8192,0.9,659279,22,7,7330,7336,7319,7343,1,0.7344026565551758,0.71875,1,0.9313148260116577,0.010389965027570724,7330,1,1
literal,1236,8192,8192,0.9,659279,18,3,7330,7336,7319,7343,1,0.012481689453125,0.00372314453125,32,0.14881116151809692,0.016284942626953125,8184,0,0
literal,1236,8192,8192,0.9,659279,17,10,7330,7336,7319,7343,1,0.0010676383972167969,0.000244140625,89,0.1059412956237793,0.00839996337890625,0,0,0
literal,1236,8192,8192,0.9,659279,20,8,7330,7336,7319,7343,1,0.00021457672119140625,7.581710815429688e-05,55,0.0021810478065162897,0.0013279914855957031,8190,0,0
literal,1236,8192,8192,0.9,659279,22,0,7330,7336,7319,7343,1,2.9657967388629913e-06,1.2889504432678223e-06,1234,0.0002733473666012287,8.686631917953491e-05,0,0,0
literal,1236,8192,8192,0.9,659279,22,4,7330,7336,7319,7343,1,0.0018849372863769531,0.001007080078125,31,0.01986980438232422,0.0052280426025390625,8184,0,0
literal,1236,8192,8192,0.9,659279,21,0,7330,7336,7319,7343,1,0.027923583984375,0.0087890625,4,0.05563634634017944,0.003124713897705078,0,0,0
literal,1236,8192,8192,0.9,659279,20,6,7330,7336,7319,7343,1,0.00023102760314941406,9.584426879882812e-05,78,0.03995990753173828,0.00024962425231933594,10,0,0
literal,1236,8192,8192,0.9,659279,20,9,7330,7336,7319,7343,1,0.005126953125,0.00136566162109375,12,0.01143227145075798,0.00450897216796875,8190,0,0
literal,1236,8192,8192,0.9,659279,21,3,7330,7336,7319,7343,1,8.478760719299316e-05,2.205371856689453e-05,108,0.00478053092956543,0.0013709068298339844,0,0,0
literal,1236,8192,8192,0.9,659279,21,1,7330,7336,7319,7343,1,0.0002651214599609375,8.249282836914062e-05,98,0.04682159423828125,0.0017294883728027344,0,0,0
literal,1236,8192,8192,0.9,659279,21,4,7330,7336,7319,7343,1,0.005553722381591797,0.00244140625,26,0.02345976233482361,0.0039234161376953125,8191,0,0
literal,1236,8192,8192,0.9,659279,21,5,7330,7336,7319,7343,1,0.0035390853881835938,0.000946044921875,56,0.057964324951171875,0.0007513761520385742,0,0,0
literal,1236,8192,8192,0.9,659279,17,3,7330,7336,7319,7343,1,0.0006833076477050781,0.00016498565673828125,70,0.012295007705688477,0.0095367431640625,8191,0,0
literal,1236,8192,8192,0.9,659279,22,10,7330,7336,7319,7343,1,0.12408447265625,0.02880859375,11,0.5645418167114258,0.002635478973388672,0,0,0
literal,1236,8192,8192,0.9,659279,23,4,7330,7336,7319,7343,1,0.014262199401855469,0.01116943359375,15,0.21841776371002197,0.013533592224121094,0,0,0
literal,1236,8192,8192,0.9,659279,20,3,7330,7336,7319,7343,1,0.0013158321380615234,0.00079345703125,32,0.03018975257873535,0.0003763437271118164,8179,0,0
literal,1237,8192,8192,0.9,255903,20,7,7329,7335,7318,7342,1,0.0006780624389648438,0.000202178955078125,52,0.01158130168914795,0.0076141357421875,8191,0,0
literal,1237,8192,8192,0.9,255903,21,11,7329,7335,7318,7342,1,0.7425537109375,0.255859375,1,0.8531084060668945,0.03350830078125,7331,1,1
literal,1237,8192,8192,0.9,255903,22,7,7329,7335,7318,7342,1,0.7135677337646484,0.6953125,1,0.9091492295265198,0.008024215698242188,7329,1,1
literal,1237,8192,8192,0.9,255903,18,3,7329,7335,7318,7342,1,0.01332855224609375,0.004180908203125,32,0.15437167882919312,0.01578521728515625,8183,0,0
literal,1237,8192,8192,0.9,255903,17,10,7329,7335,7318,7342,1,0.0013704299926757812,0.00031280517578125,85,0.10162067413330078,0.007846832275390625,0,0,0
literal,1237,8192,8192,0.9,255903,20,8,7329,7335,7318,7342,1,0.000392913818359375,0.00018787384033203125,38,0.0032510068267583847,0.0012977123260498047,8190,0,0
literal,1237,8192,8192,0.9,255903,22,0,7329,7335,7318,7342,1,3.35020013153553e-06,2.4884939193725586e-06,891,0.0002508398611098528,5.7794153690338135e-05,0,0,0
literal,1237,8192,8192,0.9,255903,22,4,7329,7335,7318,7342,1,0.0011286735534667969,0.0002994537353515625,45,0.0186997652053833,0.0028123855590820312,8184,0,0
literal,1237,8192,8192,0.9,255903,21,0,7329,7335,7318,7342,1,0.0410308837890625,0.0123291015625,4,0.08508628606796265,0.0050830841064453125,0,0,0
literal,1237,8192,8192,0.9,255903,20,6,7329,7335,7318,7342,1,0.0002338886260986328,9.298324584960938e-05,73,0.038757920265197754,0.00022858381271362305,10,0,0
literal,1237,8192,8192,0.9,255903,20,9,7329,7335,7318,7342,1,0.0084991455078125,0.0025787353515625,13,0.020658299326896667,0.0065402984619140625,8190,0,0
literal,1237,8192,8192,0.9,255903,21,3,7329,7335,7318,7342,1,0.00015532970428466797,3.814697265625e-05,96,0.005504906177520752,0.0018568038940429688,0,0,0
literal,1237,8192,8192,0.9,255903,21,1,7329,7335,7318,7342,1,0.0004163980484008789,0.00021457672119140625,79,0.038757920265197754,0.0020399093627929688,0,0,0
literal,1237,8192,8192,0.9,255903,21,4,7329,7335,7318,7342,1,0.006583213806152344,0.0023345947265625,27,0.03171059489250183,0.00508880615234375,8190,0,0
literal,1237,8192,8192,0.9,255903,21,5,7329,7335,7318,7342,1,0.005707740783691406,0.002593994140625,30,0.058259010314941406,0.0006504058837890625,0,0,0
literal,1237,8192,8192,0.9,255903,17,3,7329,7335,7318,7342,1,0.0006344318389892578,0.00015163421630859375,69,0.01353144645690918,0.00878143310546875,8191,0,0
literal,1237,8192,8192,0.9,255903,22,10,7329,7335,7318,7342,1,0.1685791015625,0.052490234375,6,0.578984260559082,0.004639148712158203,0,0,0
literal,1237,8192,8192,0.9,255903,23,4,7329,7335,7318,7342,1,0.012603759765625,0.006988525390625,21,0.19226288795471191,0.014720916748046875,0,0,0
literal,1237,8192,8192,0.9,255903,20,3,7329,7335,7318,7342,1,0.0027353763580322266,0.0012359619140625,27,0.033661842346191406,0.0006798803806304932,8179,0,0
literal,1238,8192,8192,0.9,127404,20,7,7326,7332,7315,7339,1,0.0010156631469726562,0.00038909912109375,44,0.008058011531829834,0.0074462890625,8191,0,0
literal,1238,8192,8192,0.9,127404,21,11,7326,7332,7315,7339,1,0.7740478515625,0.31640625,1,0.8718080520629883,0.0297698974609375,7329,1,1
literal,1238,8192,8192,0.9,127404,22,7,7326,7332,7315,7339,1,0.5549788475036621,0.5,1,0.8293476700782776,0.0021685659885406494,7326,1,1
literal,1238,8192,8192,0.9,127404,18,3,7326,7332,7315,7339,1,0.008802413940429688,0.002410888671875,44,0.12310397624969482,0.014265060424804688,8183,0,0
literal,1238,8192,8192,0.9,127404,17,10,7326,7332,7315,7339,1,0.0012984275817871094,0.000347137451171875,86,0.10878133773803711,0.006053924560546875,0,0,0
literal,1238,8192,8192,0.9,127404,20,8,7326,7332,7315,7339,1,0.0002117753028869629,0.000102996826171875,47,0.002201876835897565,0.0016486644744873047,8190,0,0
literal,1238,8192,8192,0.9,127404,22,0,7326,7332,7315,7339,1,7.400289177894592e-06,5.692243576049805e-06,507,0.0006598196923732758,5.6333839893341064e-05,0,0,0
literal,1238,8192,8192,0.9,127404,22,4,7326,7332,7315,7339,1,0.000823974609375,0.00031280517578125,43,0.02364438772201538,0.0032629966735839844,8184,0,0
literal,1238,8192,8192,0.9,127404,21,0,7326,7332,7315,7339,1,0.047760009765625,0.03076171875,2,0.08565878868103027,0.00437164306640625,0,0,0
literal,1238,8192,8192,0.9,127404,20,6,7326,7332,7315,7339,1,0.0002982616424560547,9.72747802734375e-05,74,0.04890000820159912,0.0003516674041748047,10,0,0
literal,1238,8192,8192,0.9,127404,20,9,7326,7332,7315,7339,1,0.00460052490234375,0.00177001953125,12,0.01344478502869606,0.005368232727050781,8190,0,0
literal,1238,8192,8192,0.9,127404,21,3,7326,7332,7315,7339,1,0.00011530518531799316,5.626678466796875e-05,82,0.005536705255508423,0.0017027854919433594,0,0,0
literal,1238,8192,8192,0.9,127404,21,1,7326,7332,7315,7339,1,0.00020265579223632812,8.296966552734375e-05,94,0.04060029983520508,0.0019159317016601562,0,0,0
literal,1238,8192,8192,0.9,127404,21,4,7326,7332,7315,7339,1,0.004213809967041016,0.00159454345703125,32,0.030789196491241455,0.005275726318359375,8190,0,0
literal,1238,8192,8192,0.9,127404,21,5,7326,7332,7315,7339,1,0.003867626190185547,0.00183868408203125,42,0.06312417984008789,0.0007834434509277344,0,0,0
literal,1238,8192,8192,0.9,127404,17,3,7326,7332,7315,7339,1,0.0005028247833251953,0.00018024444580078125,70,0.01292729377746582,0.007373809814453125,8191,0,0
literal,1238,8192,8192,0.9,127404,22,10,7326,7332,7315,7339,1,0.11712646484375,0.0289306640625,12,0.5728588104248047,0.0020378828048706055,7332,0,1
literal,1238,8192,8192,0.9,127404,23,4,7326,7332,7315,7339,1,0.020021438598632812,0.0098876953125,19,0.23471832275390625,0.015335559844970703,0,0,0
literal,1238,8192,8192,0.9,127404,20,3,7326,7332,7315,7339,1,0.0018715858459472656,0.00079345703125,31,0.025413542985916138,0.0004918277263641357,8179,0,0
literal,1239,8192,8191,0.9,178315,20,7,7327,7333,7316,7340,1,0.0009632110595703125,0.000278472900390625,48,0.009962499141693115,0.00762939453125,8190,0,0
literal,1239,8192,8191,0.9,178315,21,11,7327,7333,7316,7340,1,0.7646484375,0.349609375,1,0.8635597229003906,0.02407073974609375,7330,1,1
literal,1239,8192,8191,0.9,178315,22,7,7327,7333,7316,7340,1,0.7193918228149414,0.6875,1,0.9379960298538208,0.0022855177521705627,7327,1,1
literal,1239,8192,8191,0.9,178315,18,3,7327,7333,7316,7340,1,0.012059211730957031,0.003662109375,36,0.1524168848991394,0.013696670532226562,8183,0,0
literal,1239,8192,8191,0.9,178315,17,10,7327,7333,7316,7340,1,0.00121307373046875,0.000339508056640625,85,0.10111236572265625,0.00701904296875,0,0,0
literal,1239,8192,8191,0.9,178315,20,8,7327,7333,7316,7340,1,0.00027483701705932617,0.0001506805419921875,39,0.0023004619870334864,0.0015354156494140625,8189,0,0
literal,1239,8192,8191,0.9,178315,22,0,7327,7333,7316,7340,1,6.489921361207962e-06,3.9637088775634766e-06,647,0.00026742415502667427,5.000084638595581e-05,0,0,0
literal,1239,8192,8191,0.9,178315,22,4,7327,7333,7316,7340,1,0.0012006759643554688,0.000362396240234375,42,0.017834186553955078,0.0030078887939453125,8183,0,0
literal,1239,8192,8191,0.9,178315,21,0,7327,7333,7316,7340,1,0.02881622314453125,0.0128173828125,2,0.060621559619903564,0.0036106109619140625,0,0,0
literal,1239,8192,8191,0.9,178315,20,6,7327,7333,7316,7340,1,0.0002562999725341797,0.00010967254638671875,75,0.04103577136993408,0.00033795833587646484,10,0,0
literal,1239,8192,8191,0.9,178315,20,9,7327,7333,7316,7340,1,0.009120941162109375,0.0029754638671875,9,0.01729927584528923,0.00653839111328125,8189,0,0
literal,1239,8192,8191,0.9,178315,21,3,7327,7333,7316,7340,1,0.00011834502220153809,4.076957702636719e-05,94,0.00519406795501709,0.00144195556640625,0,0,0
literal,1239,8192,8191,0.9,178315,21,1,7327,7333,7316,7340,1,0.00023686885833740234,0.00011539459228515625,90,0.042070746421813965,0.0015516281127929688,0,0,0
literal,1239,8192,8191,0.9,178315,21,4,7327,7333,7316,7340,1,0.004565238952636719,0.0025482177734375,25,0.02649936079978943,0.003879547119140625,8189,0,0
literal,1239,8192,8191,0.9,178315,21,5,7327,7333,7316,7340,1,0.0040454864501953125,0.00189208984375,36,0.053862571716308594,0.0005481243133544922,0,0,0
literal,1239,8192,8191,0.9,178315,17,3,7327,7333,7316,7340,1,0.0005865097045898438,0.00016117095947265625,67,0.012120246887207031,0.0090484619140625,8190,0,0
literal,1239,8192,8191,0.9,178315,22,10,7327,7333,7316,7340,1,0.1561279296875,0.040283203125,8,0.5991535186767578,0.0025632381439208984,7333,0,1
literal,1239,8192,8191,0.9,178315,23,4,7327,7333,7316,7340,1,0.01312255859375,0.0062255859375,20,0.21523988246917725,0.015611648559570312,0,0,0
literal,1239,8192,8191,0.9,178315,20,3,7327,7333,7316,7340,1,0.0025615692138671875,0.00127410888671875,26,0.03558492660522461,0.0009397268295288086,8178,0,0
literal,1240,8192,8192,0.9,779361,20,7,7315,7321,7304,7328,1,0.001369476318359375,0.00038909912109375,43,0.010946035385131836,0.007938385009765625,8191,0,0
literal,1240,8192,8192,0.9,779361,21,11,7315,7321,7304,7328,1,0.784912109375,0.23828125,1,0.8897523880004883,0.02204132080078125,7318,1,1
literal,1240,8192,8192,0.9,779361,22,7,7315,7321,7304,7328,1,0.6781015396118164,0.66796875,1,0.9097009301185608,0.006259731948375702,7315,1,1
literal,1240,8192,8192,0.9,779361,18,3,7315,7321,7304,7328,1,0.008699417114257812,0.0026397705078125,40,0.12284904718399048,0.01428985595703125,8183,0,0
literal,1240,8192,8192,0.9,779361,17,10,7315,7321,7304,7328,1,0.0021257400512695312,0.0006256103515625,83,0.12414264678955078,0.0075836181640625,0,0,0
literal,1240,8192,8192,0.9,779361,20,8,7315,7321,7304,7328,1,0.00016880035400390625,5.078315734863281e-05,55,0.0014383329544216394,0.0008798837661743164,8190,0,0
literal,1240,8192,8192,0.9,779361,22,0,7315,7321,7304,7328,1,4.291161894798279e-05,1.7762184143066406e-05,184,0.0001760711893439293,5.5812299251556396e-05,8191,0,0
literal,1240,8192,8192,0.9,779361,22,4,7315,7321,7304,7328,1,0.001750946044921875,0.000614166259765625,25,0.01203581690788269,0.00238037109375,8184,0,0
literal,1240,8192,8192,0.9,779361,21,0,7315,7321,7304,7328,1,0.0348663330078125,0.01434326171875,3,0.06787562370300293,0.002490997314453125,0,0,0
literal,1240,8192,8192,0.9,779361,20,6,7315,7321,7304,7328,1,0.0003771781921386719,0.000125885009765625,73,0.05520033836364746,0.00024247169494628906,10,0,0
literal,1240,8192,8192,0.9,779361,20,9,7315,7321,7304,7328,1,0.009305953979492188,0.0047607421875,8,0.01958855241537094,0.004730224609375,8190,0,0
literal,1240,8192,8192,0.9,779361,21,3,7315,7321,7304,7328,1,0.0002734661102294922,8.96453857421875e-05,75,0.008196771144866943,0.0010914802551269531,0,0,0
literal,1240,8192,8192,0.9,779361,21,1,7315,7321,7304,7328,1,0.0004404783248901367,0.00013637542724609375,87,0.04420268535614014,0.0014262199401855469,0,0,0
literal,1240,8192,8192,0.9,779361,21,4,7315,7321,7304,7328,1,0.0074462890625,0.0030975341796875,24,0.03055804967880249,0.003864288330078125,8190,0,0
literal,1240,8192,8192,0.9,779361,21,5,7315,7321,7304,7328,1,0.006587982177734375,0.001922607421875,37,0.06903362274169922,0.0004687309265136719,0,0,0
literal,1240,8192,8192,0.9,779361,17,3,7315,7321,7304,7328,1,0.0008540153503417969,0.00026702880859375,63,0.012217283248901367,0.008617401123046875,8191,0,0
literal,1240,8192,8192,0.9,779361,22,10,7315,7321,7304,7328,1,0.113037109375,0.038330078125,8,0.5658302307128906,0.0023441314697265625,0,0,0
literal,1240,8192,8192,0.9,779361,23,4,7315,7321,7304,7328,1,0.0175933837890625,0.0157470703125,12,0.3087589740753174,0.007568836212158203,0,0,0
literal,1240,8192,8192,0.9,779361,20,3,7315,7321,7304,7328,1,0.0013116002082824707,0.00057220458984375,31,0.0268707275390625,0.00035199522972106934,8179,0,0
literal,1241,8192,8192,0.9,731022,20,7,7324,7330,7313,7337,1,0.0012378692626953125,0.0003566741943359375,44,0.009670257568359375,0.007984161376953125,8191,0,0
literal,1241,8192,8192,0.9,731022,21,11,7324,7330,7313,7337,1,0.71142578125,0.171875,1,0.8383674621582031,0.0313720703125,7325,1,1
literal,1241,8192,8192,0.9,731022,22,7,7324,7330,7313,7337,1,0.5658293962478638,0.5546875,1,0.8550125360488892,0.018230285495519638,7324,1,1
literal,1241,8192,8192,0.9,731022,18,3,7324,7330,7313,7337,1,0.0086669921875,0.00213623046875,46,0.13472247123718262,0.012210845947265625,8183,0,0
literal,1241,8192,8192,0.9,731022,17,10,7324,7330,7313,7337,1,0.0019922256469726562,0.000499725341796875,85,0.12203693389892578,0.0076904296875,0,0,0
literal,1241,8192,8192,0.9,731022,20,8,7324,7330,7313,7337,1,0.0002974569797515869,8.726119995117188e-05,53,0.0022434601560235023,0.0010673999786376953,8190,0,0
literal,1241,8192,8192,0.9,731022,22,0,7324,7330,7313,7337,1,7.737427949905396e-06,4.172325134277344e-06,596,0.0003008060157299042,5.265325307846069e-05,8191,0,0
literal,1241,8192,8192,0.9,731022,22,4,7324,7330,7313,7337,1,0.000983119010925293,0.000579833984375,29,0.017214030027389526,0.001936197280883789,8184,0,0
literal,1241,8192,8192,0.9,731022,21,0,7324,7330,7313,7337,1,0.0300140380859375,0.01165771484375,5,0.07169049978256226,0.00555419921875,0,0,0
literal,1241,8192,8192,0.9,731022,20,6,7324,7330,7313,7337,1,0.00017601251602172852,4.935264587402344e-05,82,0.05650407075881958,0.00016319751739501953,10,0,0
literal,1241,8192,8192,0.9,731022,20,9,7324,7330,7313,7337,1,0.0069580078125,0.0018463134765625,13,0.02098294347524643,0.0074443817138671875,8190,0,0
literal,1241,8192,8192,0.9,731022,21,3,7324,7330,7313,7337,1,0.00011861324310302734,3.528594970703125e-05,88,0.005610436201095581,0.0010895729064941406,0,0,0
literal,1241,8192,8192,0.9,731022,21,1,7324,7330,7313,7337,1,0.00035065412521362305,0.00010061264038085938,94,0.04479283094406128,0.00128936767578125,0,0,0
literal,1241,8192,8192,0.9,731022,21,4,7324,7330,7313,7337,1,0.004799842834472656,0.0030364990234375,27,0.028521060943603516,0.003421783447265625,8191,0,0
literal,1241,8192,8192,0.9,731022,21,5,7324,7330,7313,7337,1,0.0042819976806640625,0.00164794921875,44,0.06374931335449219,0.00044727325439453125,0,0,0
literal,1241,8192,8192,0.9,731022,17,3,7324,7330,7313,7337,1,0.0009911060333251953,0.000423431396484375,60,0.014320850372314453,0.010082244873046875,8191,0,0
literal,1241,8192,8192,0.9,731022,22,10,7324,7330,7313,7337,1,0.0915069580078125,0.033203125,10,0.5662088394165039,0.0022153854370117188,0,0,0
literal,1241,8192,8192,0.9,731022,23,4,7324,7330,7313,7337,1,0.021370887756347656,0.0167236328125,13,0.3071250915527344,0.009295940399169922,0,0,0
literal,1241,8192,8192,0.9,731022,20,3,7324,7330,7313,7337,1,0.0018624067306518555,0.0009307861328125,31,0.03342169523239136,0.00047719478607177734,8179,0,0
alias,101234,8192,8192,0.9,476403,20,7,7335,7341,7320,7348,1,0.0006554126739501953,0.0002079010009765625,56,0.010598719120025635,0.011676311492919922,8191,0,0
alias,101234,8192,8192,0.9,476403,21,11,7335,7341,7320,7348,1,0.71826171875,0.2099609375,1,0.7920937538146973,0.0716552734375,7337,1,1
alias,101234,8192,8192,0.9,476403,22,7,7335,7341,7320,7348,1,0.8865823745727539,0.875,1,0.9616515636444092,0.003767043352127075,7335,1,1
alias,101234,8192,8192,0.9,476403,18,3,7335,7341,7320,7348,1,0.005444526672363281,0.003173828125,42,0.18460631370544434,0.0059719085693359375,8184,0,0
alias,101234,8192,8192,0.9,476403,17,10,7335,7341,7320,7348,1,0.0007884502410888672,0.0002918243408203125,96,0.09435534477233887,0.00450897216796875,0,0,0
alias,101234,8192,8192,0.9,476403,20,8,7335,7341,7320,7348,1,0.00028502941131591797,0.00011205673217773438,36,0.0007211994379758835,0.001306772232055664,8190,0,0
alias,101234,8192,8192,0.9,476403,22,0,7335,7341,7320,7348,1,1.4409422874450684e-05,3.591179847717285e-06,884,0.00029700808227062225,4.571676254272461e-05,8191,0,0
alias,101234,8192,8192,0.9,476403,22,4,7335,7341,7320,7348,1,0.007144927978515625,0.0020294189453125,30,0.03171944618225098,0.007511138916015625,8191,0,0
alias,101234,8192,8192,0.9,476403,21,0,7335,7341,7320,7348,1,0.0589599609375,0.01544189453125,4,0.13730478286743164,0.0028314590454101562,0,0,0
alias,101234,8192,8192,0.9,476403,20,6,7335,7341,7320,7348,1,0.00025022029876708984,6.67572021484375e-05,69,0.02817157655954361,0.0006393194198608398,8190,0,0
alias,101234,8192,8192,0.9,476403,20,9,7335,7341,7320,7348,1,0.0007476806640625,0.0002536773681640625,17,0.0018808823078870773,0.0014503002166748047,8190,0,0
alias,101234,8192,8192,0.9,476403,21,3,7335,7341,7320,7348,1,0.0003281831741333008,0.00012874603271484375,72,0.007520928978919983,0.0027856826782226562,0,0,0
alias,101234,8192,8192,0.9,476403,21,1,7335,7341,7320,7348,1,0.0002390146255493164,5.054473876953125e-05,109,0.05904996395111084,0.0017547607421875,0,0,0
alias,101234,8192,8192,0.9,476403,21,4,7335,7341,7320,7348,1,0.034088134765625,0.0081787109375,17,0.07041211426258087,0.003978729248046875,8190,0,0
alias,101234,8192,8192,0.9,476403,21,5,7335,7341,7320,7348,1,0.01177978515625,0.003662109375,32,0.10609149932861328,0.001983165740966797,0,0,0
alias,101234,8192,8192,0.9,476403,17,3,7335,7341,7320,7348,1,0.0006039142608642578,0.0002193450927734375,75,0.012729525566101074,0.006488800048828125,8191,0,0
alias,101234,8192,8192,0.9,476403,22,10,7335,7341,7320,7348,1,0.265899658203125,0.07958984375,3,0.5701899528503418,0.011904716491699219,7341,0,1
alias,101234,8192,8192,0.9,476403,23,4,7335,7341,7320,7348,1,0.030416488647460938,0.0167236328125,10,0.18410944938659668,0.017747879028320312,0,0,0
alias,101234,8192,8192,0.9,476403,20,3,7335,7341,7320,7348,1,0.00010405108332633972,7.534027099609375e-05,48,0.003040771931409836,0.0005192160606384277,8176,0,0
alias,101235,8192,8191,0.9,419257,20,7,7305,7311,7291,7318,1,0.0011916160583496094,0.000640869140625,37,0.013080358505249023,0.012326717376708984,8190,0,0
alias,101235,8192,8191,0.9,419257,21,11,7305,7311,7291,7318,1,0.765625,0.2275390625,1,0.8404717445373535,0.04839324951171875,7308,1,1
alias,101235,8192,8191,0.9,419257,22,7,7305,7311,7291,7318,1,0.8570871353149414,0.84765625,1,0.9625792503356934,0.0035069435834884644,7305,1,1
alias,101235,8192,8191,0.9,419257,18,3,7305,7311,7291,7318,1,0.006287574768066406,0.00341796875,34,0.17123985290527344,0.005428314208984375,8183,0,0
alias,101235,8192,8191,0.9,419257,17,10,7305,7311,7291,7318,1,0.0011792182922363281,0.0003299713134765625,96,0.11996889114379883,0.004581451416015625,0,0,0
alias,101235,8192,8191,0.9,419257,20,8,7305,7311,7291,7318,1,0.00018233060836791992,4.9591064453125e-05,50,0.000536180566996336,0.0010991096496582031,8189,0,0
alias,101235,8192,8191,0.9,419257,22,0,7305,7311,7291,7318,1,2.86102294921875e-06,6.631016731262207e-07,2087,0.0003202682128176093,7.176399230957031e-05,8190,0,0
alias,101235,8192,8191,0.9,419257,22,4,7305,7311,7291,7318,1,0.0073528289794921875,0.00201416015625,27,0.024025678634643555,0.008312225341796875,8190,0,0
alias,101235,8192,8191,0.9,419257,21,0,7305,7311,7291,7318,1,0.051666259765625,0.01416015625,4,0.12762832641601562,0.0018506050109863281,0,0,0
alias,101235,8192,8191,0.9,419257,20,6,7305,7311,7291,7318,1,0.00040721893310546875,8.916854858398438e-05,75,0.042529135942459106,0.0008095502853393555,8189,0,0
alias,101235,8192,8191,0.9,419257,20,9,7305,7311,7291,7318,1,0.0009512901306152344,0.0002269744873046875,17,0.0024486109614372253,0.0014362335205078125,8189,0,0
alias,101235,8192,8191,0.9,419257,21,3,7305,7311,7291,7318,1,0.0006902217864990234,0.0002117156982421875,68,0.006503105163574219,0.0025539398193359375,0,0,0
alias,101235,8192,8191,0.9,419257,21,1,7305,7311,7291,7318,1,0.00042247772216796875,0.00011444091796875,94,0.06341147422790527,0.0022172927856445312,0,0,0
alias,101235,8192,8191,0.9,419257,21,4,7305,7311,7291,7318,1,0.02548980712890625,0.006561279296875,21,0.06865459680557251,0.0039048194885253906,8189,0,0
alias,101235,8192,8191,0.9,419257,21,5,7305,7311,7291,7318,1,0.010585784912109375,0.0029449462890625,40,0.13103866577148438,0.0017452239990234375,0,0,0
alias,101235,8192,8191,0.9,419257,17,3,7305,7311,7291,7318,1,0.00074005126953125,0.0003032684326171875,69,0.01415872573852539,0.0077667236328125,8190,0,0
alias,101235,8192,8191,0.9,419257,22,10,7305,7311,7291,7318,1,0.34100341796875,0.1015625,3,0.6327862739562988,0.010402679443359375,7311,0,1
alias,101235,8192,8191,0.9,419257,23,4,7305,7311,7291,7318,1,0.040660858154296875,0.02099609375,10,0.21230196952819824,0.012662887573242188,0,0,0
alias,101235,8192,8191,0.9,419257,20,3,7305,7311,7291,7318,1,6.218254566192627e-05,3.981590270996094e-05,64,0.0032095052301883698,0.0005891621112823486,8176,0,0
alias,101236,8192,8192,0.9,896301,20,7,7349,7355,7335,7362,1,0.0017285346984863281,0.000698089599609375,33,0.008673787117004395,0.009784698486328125,8191,0,0
alias,101236,8192,8192,0.9,896301,21,11,7349,7355,7335,7362,1,0.79638671875,0.298828125,1,0.8604640960693359,0.0367279052734375,7351,1,1
alias,101236,8192,8192,0.9,896301,22,7,7349,7355,7335,7362,1,0.7691078186035156,0.75,1,0.9172544479370117,0.003523886203765869,7349,1,1
alias,101236,8192,8192,0.9,896301,18,3,7349,7355,7335,7362,1,0.008629798889160156,0.0052490234375,32,0.15428635478019714,0.00732421875,8184,0,0
alias,101236,8192,8192,0.9,896301,17,10,7349,7355,7335,7362,1,0.0009527206420898438,0.000274658203125,96,0.10087871551513672,0.005401611328125,0,0,0
alias,101236,8192,8192,0.9,896301,20,8,7349,7355,7335,7362,1,0.0002428293228149414,0.00011301040649414062,37,0.0006788615137338638,0.0007302761077880859,8190,0,0
alias,101236,8192,8192,0.9,896301,22,0,7349,7355,7335,7362,1,7.321592420339584e-06,5.185604095458984e-06,537,0.0012208502739667892,8.152425289154053e-05,8191,0,0
alias,101236,8192,8192,0.9,896301,22,4,7349,7355,7335,7362,1,0.01055908203125,0.0029144287109375,22,0.046930551528930664,0.005222320556640625,8191,0,0
alias,101236,8192,8192,0.9,896301,21,0,7349,7355,7335,7362,1,0.0379486083984375,0.0093994140625,4,0.08018112182617188,0.0022640228271484375,0,0,0
alias,101236,8192,8192,0.9,896301,20,6,7349,7355,7335,7362,1,0.00040841102600097656,0.0001468658447265625,69,0.025206655263900757,0.0005970001220703125,8190,0,0
alias,101236,8192,8192,0.9,896301,20,9,7349,7355,7335,7362,1,0.0011088848114013672,0.000392913818359375,11,0.0017199758440256119,0.0010672807693481445,8190,0,0
alias,101236,8192,8192,0.9,896301,21,3,7349,7355,7335,7362,1,0.00047016143798828125,0.00010919570922851562,84,0.009714305400848389,0.0027036666870117188,0,0,0
alias,101236,8192,8192,0.9,896301,21,1,7349,7355,7335,7362,1,0.00040721893310546875,0.00013446807861328125,88,0.06032991409301758,0.0019502639770507812,0,0,0
alias,101236,8192,8192,0.9,896301,21,4,7349,7355,7335,7362,1,0.0250244140625,0.00531005859375,21,0.06062138080596924,0.0026712417602539062,8190,0,0
alias,101236,8192,8192,0.9,896301,21,5,7349,7355,7335,7362,1,0.0120849609375,0.003753662109375,36,0.09846258163452148,0.0015914440155029297,0,0,0
alias,101236,8192,8192,0.9,896301,17,3,7349,7355,7335,7362,1,0.0007853507995605469,0.0003261566162109375,65,0.016371726989746094,0.006046295166015625,8191,0,0
alias,101236,8192,8192,0.9,896301,22,10,7349,7355,7335,7362,1,0.28021240234375,0.12255859375,2,0.5647087097167969,0.006896018981933594,0,0,0
alias,101236,8192,8192,0.9,896301,23,4,7349,7355,7335,7362,1,0.036151885986328125,0.0211181640625,9,0.20241665840148926,0.013044357299804688,0,0,0
alias,101236,8192,8192,0.9,896301,20,3,7349,7355,7335,7362,1,5.107372999191284e-05,3.075599670410156e-05,70,0.002205789089202881,0.0004513263702392578,8177,0,0
alias,101237,8192,8192,0.9,847571,20,7,7308,7314,7294,7321,1,0.0023102760314941406,0.000827789306640625,30,0.009241104125976562,0.012434005737304688,8191,0,0
alias,101237,8192,8192,0.9,847571,21,11,7308,7314,7294,7321,1,0.740234375,0.236328125,1,0.8124122619628906,0.053192138671875,7310,1,1
alias,101237,8192,8192,0.9,847571,22,7,7308,7314,7294,7321,1,0.8225784301757812,0.765625,1,0.9483566284179688,0.002812594175338745,7308,1,1
alias,101237,8192,8192,0.9,847571,18,3,7308,7314,7294,7321,1,0.009115219116210938,0.005706787109375,28,0.18745243549346924,0.008020401000976562,8184,0,0
alias,101237,8192,8192,0.9,847571,17,10,7308,7314,7294,7321,1,0.0014057159423828125,0.00054931640625,90,0.12138175964355469,0.00469207763671875,0,0,0
alias,101237,8192,8192,0.9,847571,20,8,7308,7314,7294,7321,1,0.00018087029457092285,0.000110626220703125,37,0.00044035050086677074,0.0008268356323242188,8190,0,0
alias,101237,8192,8192,0.9,847571,22,0,7308,7314,7294,7321,1,5.1818788051605225e-06,2.339482307434082e-06,928,0.0005599994910880923,8.882582187652588e-05,8191,0,0
alias,101237,8192,8192,0.9,847571,22,4,7308,7314,7294,7321,1,0.007297515869140625,0.0028839111328125,21,0.02182936668395996,0.008640289306640625,8191,0,0
alias,101237,8192,8192,0.9,847571,21,0,7308,7314,7294,7321,1,0.05389404296875,0.018798828125,3,0.1140904426574707,0.00269317626953125,0,0,0
alias,101237,8192,8192,0.9,847571,20,6,7308,7314,7294,7321,1,0.00028383731842041016,8.487701416015625e-05,69,0.028016284108161926,0.00037044286727905273,8190,0,0
alias,101237,8192,8192,0.9,847571,20,9,7308,7314,7294,7321,1,0.0005369186401367188,0.00014400482177734375,13,0.001010068692266941,0.00043529272079467773,8190,0,0
alias,101237,8192,8192,0.9,847571,21,3,7308,7314,7294,7321,1,0.0008625984191894531,0.0004291534423828125,56,0.006811916828155518,0.0030913352966308594,0,0,0
alias,101237,8192,8192,0.9,847571,21,1,7308,7314,7294,7321,1,0.0003921985626220703,0.0001087188720703125,85,0.046645402908325195,0.002017974853515625,0,0,0
alias,101237,8192,8192,0.9,847571,21,4,7308,7314,7294,7321,1,0.02239227294921875,0.01190185546875,12,0.05995894968509674,0.0035037994384765625,8190,0,0
alias,101237,8192,8192,0.9,847571,21,5,7308,7314,7294,7321,1,0.0078277587890625,0.003875732421875,35,0.08822822570800781,0.002105236053466797,0,0,0
alias,101237,8192,8192,0.9,847571,17,3,7308,7314,7294,7321,1,0.0008130073547363281,0.000396728515625,62,0.013212919235229492,0.007724761962890625,8191,0,0
alias,101237,8192,8192,0.9,847571,22,10,7308,7314,7294,7321,1,0.4364013671875,0.26171875,1,0.6741924285888672,0.009366989135742188,7313,1,1
alias,101237,8192,8192,0.9,847571,23,4,7308,7314,7294,7321,1,0.055820465087890625,0.031494140625,7,0.21985435485839844,0.015035629272460938,0,0,0
alias,101237,8192,8192,0.9,847571,20,3,7308,7314,7294,7321,1,4.879757761955261e-05,2.7418136596679688e-05,66,0.0020821094512939453,0.00022993236780166626,8177,0,0
alias,101238,8192,8192,0.9,223928,20,7,7348,7354,7333,7361,1,0.0013670921325683594,0.0004215240478515625,42,0.009421586990356445,0.010429859161376953,8191,0,0
alias,101238,8192,8192,0.9,223928,21,11,7348,7354,7333,7361,1,0.748046875,0.2412109375,1,0.8202648162841797,0.0569000244140625,7350,1,1
alias,101238,8192,8192,0.9,223928,22,7,7348,7354,7333,7361,1,0.8681240081787109,0.859375,1,0.9608936309814453,0.0021227896213531494,7348,1,1
alias,101238,8192,8192,0.9,223928,18,3,7348,7354,7333,7361,1,0.0071887969970703125,0.003631591796875,38,0.17607557773590088,0.008487701416015625,8184,0,0
alias,101238,8192,8192,0.9,223928,17,10,7348,7354,7333,7361,1,0.0009722709655761719,0.0003108978271484375,99,0.10596990585327148,0.0050640106201171875,0,0,0
alias,101238,8192,8192,0.9,223928,20,8,7348,7354,7333,7361,1,0.0002315044403076172,7.2479248046875e-05,49,0.0009025703184306622,0.001781463623046875,8190,0,0
alias,101238,8192,8192,0.9,223928,22,0,7348,7354,7333,7361,1,8.735805749893188e-06,4.291534423828125e-06,759,0.0010642004199326038,7.24494457244873e-05,0,0,0
alias,101238,8192,8192,0.9,223928,22,4,7348,7354,7333,7361,1,0.01599884033203125,0.00567626953125,21,0.07632780075073242,0.01776123046875,8191,0,0
alias,101238,8192,8192,0.9,223928,21,0,7348,7354,7333,7361,1,0.043731689453125,0.0111083984375,4,0.10713672637939453,0.0025720596313476562,0,0,0
alias,101238,8192,8192,0.9,223928,20,6,7348,7354,7333,7361,1,0.00030732154846191406,0.00012493133544921875,73,0.025484979152679443,0.0013623237609863281,8190,0,0
alias,101238,8192,8192,0.9,223928,20,9,7348,7354,7333,7361,1,0.0006983280181884766,0.00020503997802734375,18,0.0023758895695209503,0.0018835067749023438,8190,0,0
alias,101238,8192,8192,0.9,223928,21,3,7348,7354,7333,7361,1,0.0006189346313476562,0.000156402587890625,77,0.009458065032958984,0.003887176513671875,0,0,0
alias,101238,8192,8192,0.9,223928,21,1,7348,7354,7333,7361,1,0.00030922889709472656,7.343292236328125e-05,102,0.06557679176330566,0.0014791488647460938,0,0,0
alias,101238,8192,8192,0.9,223928,21,4,7348,7354,7333,7361,1,0.0352935791015625,0.00860595703125,18,0.08614695072174072,0.005759239196777344,8190,0,0
alias,101238,8192,8192,0.9,223928,21,5,7348,7354,7333,7361,1,0.009708404541015625,0.0023040771484375,44,0.11484718322753906,0.0034818649291992188,0,0,0
alias,101238,8192,8192,0.9,223928,17,3,7348,7354,7333,7361,1,0.0006873607635498047,0.0002536773681640625,71,0.014873504638671875,0.00830841064453125,8191,0,0
alias,101238,8192,8192,0.9,223928,22,10,7348,7354,7333,7361,1,0.31292724609375,0.11474609375,3,0.6278777122497559,0.01947784423828125,7354,0,1
alias,101238,8192,8192,0.9,223928,23,4,7348,7354,7333,7361,1,0.019588470458984375,0.01177978515625,17,0.16957712173461914,0.015587329864501953,0,0,0
alias,101238,8192,8192,0.9,223928,20,3,7348,7354,7333,7361,1,8.032470941543579e-05,6.29425048828125e-05,56,0.003972500562667847,0.0005066990852355957,8176,0,0
alias,101239,8192,8192,0.9,548522,20,7,7350,7356,7335,7363,1,0.0013489723205566406,0.000701904296875,35,0.010953664779663086,0.01595306396484375,8191,0,0
alias,101239,8192,8192,0.9,548522,21,11,7350,7356,7335,7363,1,0.67529296875,0.1640625,1,0.7722136974334717,0.073394775390625,7352,1,1
alias,101239,8192,8192,0.9,548522,22,7,7350,7356,7335,7363,1,0.8007354736328125,0.78515625,1,0.9410083293914795,0.002011120319366455,7350,1,1
alias,101239,8192,8192,0.9,548522,18,3,7350,7356,7335,7363,1,0.005779266357421875,0.0034637451171875,39,0.1727055311203003,0.009238243103027344,8184,0,0
alias,101239,8192,8192,0.9,548522,17,10,7350,7356,7335,7363,1,0.0006833076477050781,0.00017642974853515625,100,0.10036516189575195,0.0046596527099609375,0,0,0
alias,101239,8192,8192,0.9,548522,20,8,7350,7356,7335,7363,1,0.00010889768600463867,3.647804260253906e-05,58,0.0008451605681329966,0.0012465715408325195,8190,0,0
alias,101239,8192,8192,0.9,548522,22,0,7350,7356,7335,7363,1,5.863606929779053e-06,3.993511199951172e-06,813,0.0016410648822784424,7.194280624389648e-05,0,0,0
alias,101239,8192,8192,0.9,548522,22,4,7350,7356,7335,7363,1,0.013332366943359375,0.003753662109375,22,0.0633544921875,0.011516571044921875,8191,0,0
alias,101239,8192,8192,0.9,548522,21,0,7350,7356,7335,7363,1,0.031646728515625,0.00933837890625,5,0.09017109870910645,0.0027265548706054688,0,0,0
alias,101239,8192,8192,0.9,548522,20,6,7350,7356,7335,7363,1,0.0001150965690612793,3.552436828613281e-05,100,0.027215123176574707,0.0008860230445861816,8190,0,0
alias,101239,8192,8192,0.9,548522,20,9,7350,7356,7335,7363,1,0.0003788471221923828,9.72747802734375e-05,20,0.0016797035932540894,0.0013927221298217773,8190,0,0
alias,101239,8192,8192,0.9,548522,21,3,7350,7356,7335,7363,1,0.00045609474182128906,0.00011110305786132812,87,0.009369254112243652,0.003879547119140625,0,0,0
alias,101239,8192,8192,0.9,548522,21,1,7350,7356,7335,7363,1,0.0003165006637573242,9.012222290039062e-05,102,0.0622175931930542,0.0024356842041015625,0,0,0
alias,101239,8192,8192,0.9,548522,21,4,7350,7356,7335,7363,1,0.0218353271484375,0.006500244140625,19,0.07055783271789551,0.005341529846191406,8190,0,0
alias,101239,8192,8192,0.9,548522,21,5,7350,7356,7335,7363,1,0.009181976318359375,0.0020904541015625,45,0.118988037109375,0.0026483535766601562,0,0,0
alias,101239,8192,8192,0.9,548522,17,3,7350,7356,7335,7363,1,0.0006401538848876953,0.000293731689453125,69,0.015842676162719727,0.008741378784179688,8191,0,0
alias,101239,8192,8192,0.9,548522,22,10,7350,7356,7335,7363,1,0.202392578125,0.07275390625,3,0.5389997959136963,0.014357566833496094,7356,0,1
alias,101239,8192,8192,0.9,548522,23,4,7350,7356,7335,7363,1,0.017686843872070312,0.01177978515625,20,0.15378165245056152,0.017518043518066406,0,0,0
alias,101239,8192,8192,0.9,548522,20,3,7350,7356,7335,7363,1,3.2939016819000244e-05,2.1338462829589844e-05,75,0.004430629312992096,0.00028267502784729004,8176,0,0
alias,101240,8192,8191,0.9,890717,20,7,7317,7323,7303,7330,1,0.0014702081680297852,0.00074005126953125,33,0.008324265480041504,0.011397838592529297,8190,0,0
alias,101240,8192,8191,0.9,890717,21,11,7317,7323,7303,7330,1,0.802001953125,0.255859375,1,0.8643202781677246,0.034820556640625,7319,1,1
alias,101240,8192,8191,0.9,890717,22,7,7317,7323,7303,7330,1,0.8473052978515625,0.82421875,1,0.949976921081543,0.0015781223773956299,7317,1,1
alias,101240,8192,8191,0.9,890717,18,3,7317,7323,7303,7330,1,0.00867152214050293,0.005859375,29,0.23724687099456787,0.0074062347412109375,8183,0,0
alias,101240,8192,8191,0.9,890717,17,10,7317,7323,7303,7330,1,0.0011224746704101562,0.0003604888916015625,89,0.11658573150634766,0.004764556884765625,0,0,0
alias,101240,8192,8191,0.9,890717,20,8,7317,7323,7303,7330,1,0.0001284480094909668,8.249282836914062e-05,38,0.0003553564893081784,0.0008481740951538086,8189,0,0
alias,101240,8192,8191,0.9,890717,22,0,7317,7323,7303,7330,1,3.621634095907211e-05,2.8967857360839844e-05,122,0.00023319199681282043,9.879469871520996e-05,0,0,0
alias,101240,8192,8191,0.9,890717,22,4,7317,7323,7303,7330,1,0.01285552978515625,0.005035400390625,15,0.028681278228759766,0.008281707763671875,8190,0,0
alias,101240,8192,8191,0.9,890717,21,0,7317,7323,7303,7330,1,0.0460052490234375,0.01165771484375,3,0.10043144226074219,0.0021381378173828125,0,0,0
alias,101240,8192,8191,0.9,890717,20,6,7317,7323,7303,7330,1,0.0004439353942871094,0.0001964569091796875,65,0.024696409702301025,0.0004563331604003906,8189,0,0
alias,101240,8192,8191,0.9,890717,20,9,7317,7323,7303,7330,1,0.001041412353515625,0.000415802001953125,10,0.0015759831294417381,0.0010260343551635742,8189,0,0
alias,101240,8192,8191,0.9,890717,21,3,7317,7323,7303,7330,1,0.0004570484161376953,0.000202178955078125,71,0.009646952152252197,0.0025053024291992188,0,0,0
alias,101240,8192,8191,0.9,890717,21,1,7317,7323,7303,7330,1,0.00043952465057373047,0.000156402587890625,87,0.046111464500427246,0.0021305084228515625,0,0,0
alias,101240,8192,8191,0.9,890717,21,4,7317,7323,7303,7330,1,0.0269012451171875,0.00970458984375,14,0.06744042038917542,0.0054492950439453125,8189,0,0
alias,101240,8192,8191,0.9,890717,21,5,7317,7323,7303,7330,1,0.01146697998046875,0.0050048828125,30,0.09783935546875,0.0021059513092041016,0,0,0
alias,101240,8192,8191,0.9,890717,17,3,7317,7323,7303,7330,1,0.0006213188171386719,0.0002803802490234375,70,0.016130447387695312,0.006717681884765625,8190,0,0
alias,101240,8192,8191,0.9,890717,22,10,7317,7323,7303,7330,1,0.470947265625,0.1806640625,1,0.6994869709014893,0.006519317626953125,7322,1,1
alias,101240,8192,8191,0.9,890717,23,4,7317,7323,7303,7330,1,0.040019989013671875,0.023681640625,9,0.21795988082885742,0.012379884719848633,0,0,0
alias,101240,8192,8191,0.9,890717,20,3,7317,7323,7303,7330,1,4.396215081214905e-05,2.5987625122070312e-05,58,0.0015169866383075714,0.0003591477870941162,8176,0,0
alias,101241,8192,8192,0.9,184514,20,7,7329,7335,7315,7342,1,0.0006574392318725586,0.00023937225341796875,53,0.010381460189819336,0.011307716369628906,8191,0,0
alias,101241,8192,8192,0.9,184514,21,11,7329,7335,7315,7342,1,0.708984375,0.2392578125,1,0.7994279861450195,0.060577392578125,7331,1,1
alias,101241,8192,8192,0.9,184514,22,7,7329,7335,7315,7342,1,0.8738594055175781,0.8515625,1,0.9605691432952881,0.0008804053068161011,7329,1,1
alias,101241,8192,8192,0.9,184514,18,3,7329,7335,7315,7342,1,0.006186008453369141,0.0020294189453125,49,0.2120521068572998,0.006805419921875,8184,0,0
alias,101241,8192,8192,0.9,184514,17,10,7329,7335,7315,7342,1,0.0007143020629882812,0.00023746490478515625,94,0.09784412384033203,0.005313873291015625,0,0,0
alias,101241,8192,8192,0.9,184514,20,8,7329,7335,7315,7342,1,9.41157341003418e-05,4.267692565917969e-05,53,0.0006398279219865799,0.001104593276977539,8190,0,0
alias,101241,8192,8192,0.9,184514,22,0,7329,7335,7315,7342,1,3.4887343645095825e-06,1.7955899238586426e-06,1302,0.0007008463144302368,9.213387966156006e-05,0,0,0
alias,101241,8192,8192,0.9,184514,22,4,7329,7335,7315,7342,1,0.0084381103515625,0.0019073486328125,32,0.039232492446899414,0.007884979248046875,8191,0,0
alias,101241,8192,8192,0.9,184514,21,0,7329,7335,7315,7342,1,0.031341552734375,0.0096435546875,4,0.08117914199829102,0.0026807785034179688,0,0,0
alias,101241,8192,8192,0.9,184514,20,6,7329,7335,7315,7342,1,0.0001226961612701416,4.9114227294921875e-05,81,0.03321288526058197,0.0006778240203857422,8190,0,0
alias,101241,8192,8192,0.9,184514,20,9,7329,7335,7315,7342,1,0.00035834312438964844,0.00012874603271484375,19,0.001412082463502884,0.0011916160583496094,8190,0,0
alias,101241,8192,8192,0.9,184514,21,3,7329,7335,7315,7342,1,0.0001506209373474121,5.173683166503906e-05,99,0.006706416606903076,0.0039215087890625,0,0,0
alias,101241,8192,8192,0.9,184514,21,1,7329,7335,7315,7342,1,0.00021386146545410156,6.771087646484375e-05,104,0.04792952537536621,0.0021028518676757812,0,0,0
alias,101241,8192,8192,0.9,184514,21,4,7329,7335,7315,7342,1,0.01137542724609375,0.0027923583984375,28,0.051476895809173584,0.004878997802734375,8190,0,0
alias,101241,8192,8192,0.9,184514,21,5,7329,7335,7315,7342,1,0.005878448486328125,0.0014190673828125,49,0.11141586303710938,0.00209808349609375,0,0,0
alias,101241,8192,8192,0.9,184514,17,3,7329,7335,7315,7342,1,0.0005174875259399414,0.0002079010009765625,73,0.015117168426513672,0.0088958740234375,8191,0,0
alias,101241,8192,8192,0.9,184514,22,10,7329,7335,7315,7342,1,0.266357421875,0.1015625,3,0.5664315223693848,0.01032257080078125,7335,0,1
alias,101241,8192,8192,0.9,184514,23,4,7329,7335,7315,7342,1,0.0203704833984375,0.00958251953125,19,0.16897833347320557,0.01924610137939453,0,0,0
alias,101241,8192,8192,0.9,184514,20,3,7329,7335,7315,7342,1,7.797032594680786e-05,5.245208740234375e-05,61,0.004469655454158783,0.00036953389644622803,8177,0,0
paraphrase,201234,8192,8192,0.9,193786,20,7,7302,7308,7285,7315,1,0.0011363029479980469,0.0002956390380859375,51,0.009296178817749023,0.01729583740234375,8191,0,0
paraphrase,201234,8192,8192,0.9,193786,21,11,7302,7308,7285,7315,1,0.4892578125,0.21875,1,0.6627504229545593,0.128692626953125,7307,1,1
paraphrase,201234,8192,8192,0.9,193786,22,7,7302,7308,7285,7315,1,0.6850452423095703,0.64453125,1,0.8306924104690552,0.010657250881195068,7302,1,1
paraphrase,201234,8192,8192,0.9,193786,18,3,7302,7308,7285,7315,1,0.008514404296875,0.0027313232421875,35,0.19982200860977173,0.01300048828125,8184,0,0
paraphrase,201234,8192,8192,0.9,193786,17,10,7302,7308,7285,7315,1,0.001857757568359375,0.0004558563232421875,90,0.1285247802734375,0.00635528564453125,0,0,0
paraphrase,201234,8192,8192,0.9,193786,20,8,7302,7308,7285,7315,1,0.00010755658149719238,5.841255187988281e-05,43,0.0015873555094003677,0.001779794692993164,8180,0,0
paraphrase,201234,8192,8192,0.9,193786,22,0,7302,7308,7285,7315,1,1.8635764718055725e-06,5.885958671569824e-07,2591,7.089786231517792e-05,0.00025019049644470215,8191,0,0
paraphrase,201234,8192,8192,0.9,193786,22,4,7302,7308,7285,7315,1,0.0073528289794921875,0.004638671875,24,0.03560149669647217,0.03458404541015625,0,0,0
paraphrase,201234,8192,8192,0.9,193786,21,0,7302,7308,7285,7315,1,0.07171630859375,0.031982421875,3,0.1933990716934204,0.0052947998046875,0,0,0
paraphrase,201234,8192,8192,0.9,193786,20,6,7302,7308,7285,7315,1,0.0012149810791015625,0.000396728515625,58,0.02946615219116211,0.0012884140014648438,8190,0,0
paraphrase,201234,8192,8192,0.9,193786,20,9,7302,7308,7285,7315,1,0.00748443603515625,0.00299072265625,10,0.01621333137154579,0.008609771728515625,8190,0,0
paraphrase,201234,8192,8192,0.9,193786,21,3,7302,7308,7285,7315,1,0.001314997673034668,0.000370025634765625,67,0.006944745779037476,0.008182525634765625,0,0,0
paraphrase,201234,8192,8192,0.9,193786,21,1,7302,7308,7285,7315,1,0.0003027915954589844,0.0001811981201171875,92,0.02861618995666504,0.010608673095703125,0,0,0
paraphrase,201234,8192,8192,0.9,193786,21,4,7302,7308,7285,7315,1,0.0263671875,0.0067138671875,19,0.18527758121490479,0.0103302001953125,8180,0,0
paraphrase,201234,8192,8192,0.9,193786,21,5,7302,7308,7285,7315,1,0.0270843505859375,0.00689697265625,20,0.08349227905273438,0.003958702087402344,0,0,0
paraphrase,201234,8192,8192,0.9,193786,17,3,7302,7308,7285,7315,1,0.0011444091796875,0.0003509521484375,59,0.0103834867477417,0.016307830810546875,8191,0,0
paraphrase,201234,8192,8192,0.9,193786,22,10,7302,7308,7285,7315,1,0.101776123046875,0.029052734375,7,0.5531585216522217,0.006030082702636719,7308,0,1
paraphrase,201234,8192,8192,0.9,193786,23,4,7302,7308,7285,7315,1,0.021621227264404297,0.01177978515625,16,0.1754605770111084,0.07088851928710938,0,0,0
paraphrase,201234,8192,8192,0.9,193786,20,3,7302,7308,7285,7315,1,0.0015223026275634766,0.000614166259765625,19,0.006255939602851868,0.0007586479187011719,8177,0,0
paraphrase,201235,8192,8192,0.9,207278,20,7,7318,7324,7301,7331,1,0.0013921260833740234,0.000652313232421875,35,0.008533596992492676,0.00894927978515625,8191,0,0
paraphrase,201235,8192,8192,0.9,207278,21,11,7318,7324,7301,7331,1,0.559814453125,0.306640625,1,0.7193747758865356,0.0901031494140625,7323,1,1
paraphrase,201235,8192,8192,0.9,207278,22,7,7318,7324,7301,7331,1,0.4095649719238281,0.3671875,1,0.6962729692459106,0.011654436588287354,7318,1,1
paraphrase,201235,8192,8192,0.9,207278,18,3,7318,7324,7301,7331,1,0.01218414306640625,0.006134033203125,24,0.20166760683059692,0.007236480712890625,8184,0,0
paraphrase,201235,8192,8192,0.9,207278,17,10,7318,7324,7301,7331,1,0.0019378662109375,0.000484466552734375,88,0.12487030029296875,0.00579071044921875,0,0,0
paraphrase,201235,8192,8192,0.9,207278,20,8,7318,7324,7301,7331,1,0.00022482872009277344,0.000156402587890625,35,0.0018154027638956904,0.0012154579162597656,8180,0,0
paraphrase,201235,8192,8192,0.9,207278,22,0,7318,7324,7301,7331,1,5.1829032599925995e-05,4.5299530029296875e-05,74,0.00019044801592826843,0.00020398199558258057,8191,0,0
paraphrase,201235,8192,8192,0.9,207278,22,4,7318,7324,7301,7331,1,0.022207260131835938,0.0167236328125,7,0.06711626052856445,0.0252838134765625,0,0,0
paraphrase,201235,8192,8192,0.9,207278,21,0,7318,7324,7301,7331,1,0.04486083984375,0.018310546875,3,0.13027620315551758,0.0019192695617675781,0,0,0
paraphrase,201235,8192,8192,0.9,207278,20,6,7318,7324,7301,7331,1,0.0008940696716308594,0.000194549560546875,69,0.0222628116607666,0.0015325546264648438,8190,0,0
paraphrase,201235,8192,8192,0.9,207278,20,9,7318,7324,7301,7331,1,0.00577545166015625,0.00154876708984375,12,0.01190715841948986,0.002155780792236328,8190,0,0
paraphrase,201235,8192,8192,0.9,207278,21,3,7318,7324,7301,7331,1,0.0011050701141357422,0.0003604888916015625,70,0.011204004287719727,0.00823211669921875,0,0,0
paraphrase,201235,8192,8192,0.9,207278,21,1,7318,7324,7301,7331,1,0.0003631114959716797,0.0002651214599609375,82,0.023667573928833008,0.006931304931640625,0,0,0
paraphrase,201235,8192,8192,0.9,207278,21,4,7318,7324,7301,7331,1,0.023067474365234375,0.0084228515625,18,0.16983193159103394,0.01446533203125,8190,0,0
paraphrase,201235,8192,8192,0.9,207278,21,5,7318,7324,7301,7331,1,0.0163116455078125,0.0048828125,26,0.07920646667480469,0.0029039382934570312,0,0,0
paraphrase,201235,8192,8192,0.9,207278,17,3,7318,7324,7301,7331,1,0.0010881423950195312,0.0004863739013671875,48,0.010180950164794922,0.01036834716796875,8191,0,0
paraphrase,201235,8192,8192,0.9,207278,22,10,7318,7324,7301,7331,1,0.1187744140625,0.029052734375,9,0.5199854373931885,0.004929542541503906,0,0,0
paraphrase,201235,8192,8192,0.9,207278,23,4,7318,7324,7301,7331,1,0.04191780090332031,0.01953125,11,0.23641252517700195,0.07914352416992188,0,0,0
paraphrase,201235,8192,8192,0.9,207278,20,3,7318,7324,7301,7331,1,0.0014243125915527344,0.000598907470703125,16,0.006185346283018589,0.0005555152893066406,8177,0,0
paraphrase,201236,8192,8192,0.9,331504,20,7,7311,7317,7294,7324,1,0.0039000511169433594,0.00153350830078125,20,0.011746048927307129,0.00695037841796875,8191,0,0
paraphrase,201236,8192,8192,0.9,331504,21,11,7311,7317,7294,7324,1,0.6201171875,0.20703125,1,0.7732143402099609,0.069061279296875,7316,1,1
paraphrase,201236,8192,8192,0.9,331504,22,7,7311,7317,7294,7324,1,0.6739368438720703,0.6484375,1,0.8720601797103882,0.004424422979354858,7311,1,1
paraphrase,201236,8192,8192,0.9,331504,18,3,7311,7317,7294,7324,1,0.013965606689453125,0.006561279296875,23,0.21435922384262085,0.006084442138671875,8184,0,0
paraphrase,201236,8192,8192,0.9,331504,17,10,7311,7317,7294,7324,1,0.0022411346435546875,0.000640869140625,84,0.1438617706298828,0.00571441650390625,0,0,0
paraphrase,201236,8192,8192,0.9,331504,20,8,7311,7317,7294,7324,1,0.00022041797637939453,0.00010013580322265625,38,0.0020360182970762253,0.001712799072265625,8180,0,0
paraphrase,201236,8192,8192,0.9,331504,22,0,7311,7317,7294,7324,1,6.827991455793381e-06,3.3676624298095703e-06,895,0.0006464554462581873,0.00030253827571868896,8191,0,0
paraphrase,201236,8192,8192,0.9,331504,22,4,7311,7317,7294,7324,1,0.009319305419921875,0.00628662109375,13,0.054969072341918945,0.017120361328125,0,0,0
paraphrase,201236,8192,8192,0.9,331504,21,0,7311,7317,7294,7324,1,0.0552520751953125,0.0260009765625,2,0.14529013633728027,0.002727031707763672,0,0,0
paraphrase,201236,8192,8192,0.9,331504,20,6,7311,7317,7294,7324,1,0.0012073516845703125,0.0002384185791015625,68,0.02897202968597412,0.0014023780822753906,8190,0,0
paraphrase,201236,8192,8192,0.9,331504,20,9,7311,7317,7294,7324,1,0.012325286865234375,0.00396728515625,10,0.018526166677474976,0.003450632095336914,8190,0,0
paraphrase,201236,8192,8192,0.9,331504,21,3,7311,7317,7294,7324,1,0.002185821533203125,0.000720977783203125,46,0.00959920883178711,0.009897232055664062,0,0,0
paraphrase,201236,8192,8192,0.9,331504,21,1,7311,7317,7294,7324,1,0.0005022287368774414,0.00022029876708984375,87,0.030188918113708496,0.0074787139892578125,0,0,0
paraphrase,201236,8192,8192,0.9,331504,21,4,7311,7317,7294,7324,1,0.03533935546875,0.0089111328125,17,0.19787734746932983,0.010961532592773438,8190,0,0
paraphrase,201236,8192,8192,0.9,331504,21,5,7311,7317,7294,7324,1,0.0224151611328125,0.00592041015625,23,0.0912332534790039,0.0031576156616210938,0,0,0
paraphrase,201236,8192,8192,0.9,331504,17,3,7311,7317,7294,7324,1,0.0010886192321777344,0.000457763671875,49,0.01149594783782959,0.0074062347412109375,8191,0,0
paraphrase,201236,8192,8192,0.9,331504,22,10,7311,7317,7294,7324,1,0.1324462890625,0.0341796875,6,0.5698542594909668,0.0038666725158691406,0,0,0
paraphrase,201236,8192,8192,0.9,331504,23,4,7311,7317,7294,7324,1,0.025747299194335938,0.0159912109375,14,0.21190810203552246,0.04656982421875,0,0,0
paraphrase,201236,8192,8192,0.9,331504,20,3,7311,7317,7294,7324,1,0.0011091232299804688,0.000568389892578125,18,0.0068665072321891785,0.0004252195358276367,8177,0,0
paraphrase,201237,8192,8192,0.9,888821,20,7,7325,7331,7308,7338,1,0.0014643669128417969,0.0004825592041015625,42,0.009156346321105957,0.0078887939453125,8191,0,0
paraphrase,201237,8192,8192,0.9,888821,21,11,7325,7331,7308,7338,1,0.567138671875,0.140625,1,0.7178272008895874,0.056793212890625,7328,1,1
paraphrase,201237,8192,8192,0.9,888821,22,7,7325,7331,7308,7338,1,0.44184303283691406,0.4296875,1,0.745231568813324,0.0070037841796875,7325,1,1
paraphrase,201237,8192,8192,0.9,888821,18,3,7325,7331,7308,7338,1,0.011735916137695312,0.006866455078125,22,0.19976729154586792,0.005657196044921875,8184,0,0
paraphrase,201237,8192,8192,0.9,888821,17,10,7325,7331,7308,7338,1,0.00171661376953125,0.0004024505615234375,91,0.12543010711669922,0.008052825927734375,0,0,0
paraphrase,201237,8192,8192,0.9,888821,20,8,7325,7331,7308,7338,1,0.00010197609663009644,4.982948303222656e-05,48,0.0023515773937106133,0.0027065277099609375,8180,0,0
paraphrase,201237,8192,8192,0.9,888821,22,0,7325,7331,7308,7338,1,1.852959394454956e-05,9.715557098388672e-06,352,0.00034572649747133255,0.00010450929403305054,8191,0,0
paraphrase,201237,8192,8192,0.9,888821,22,4,7325,7331,7308,7338,1,0.005335807800292969,0.0023956298828125,23,0.04370158910751343,0.010955810546875,8191,0,0
paraphrase,201237,8192,8192,0.9,888821,21,0,7325,7331,7308,7338,1,0.0361328125,0.0108642578125,7,0.13101327419281006,0.0026807785034179688,0,0,0
paraphrase,201237,8192,8192,0.9,888821,20,6,7325,7331,7308,7338,1,0.00043487548828125,0.00013256072998046875,81,0.02690720558166504,0.0028820037841796875,8190,0,0
paraphrase,201237,8192,8192,0.9,888821,20,9,7325,7331,7308,7338,1,0.0104522705078125,0.003936767578125,10,0.016523253172636032,0.004535675048828125,8190,0,0
paraphrase,201237,8192,8192,0.9,888821,21,3,7325,7331,7308,7338,1,0.0006921291351318359,0.00020313262939453125,80,0.011669754981994629,0.0068569183349609375,0,0,0
paraphrase,201237,8192,8192,0.9,888821,21,1,7325,7331,7308,7338,1,0.0004277229309082031,0.000213623046875,94,0.02686285972595215,0.004558563232421875,0,0,0
paraphrase,201237,8192,8192,0.9,888821,21,4,7325,7331,7308,7338,1,0.016876220703125,0.005706787109375,20,0.12192848324775696,0.013919830322265625,8190,0,0
paraphrase,201237,8192,8192,0.9,888821,21,5,7325,7331,7308,7338,1,0.023468017578125,0.0087890625,18,0.0786752700805664,0.0028629302978515625,0,0,0
paraphrase,201237,8192,8192,0.9,888821,17,3,7325,7331,7308,7338,1,0.0010987520217895508,0.000583648681640625,45,0.009583711624145508,0.00890350341796875,8191,0,0
paraphrase,201237,8192,8192,0.9,888821,22,10,7325,7331,7308,7338,1,0.0899505615234375,0.03515625,8,0.5331106185913086,0.003741741180419922,0,0,0
paraphrase,201237,8192,8192,0.9,888821,23,4,7325,7331,7308,7338,1,0.036834716796875,0.026123046875,7,0.21314573287963867,0.05755043029785156,0,0,0
paraphrase,201237,8192,8192,0.9,888821,20,3,7325,7331,7308,7338,1,0.0019553303718566895,0.0008392333984375,16,0.006670208647847176,0.0009216070175170898,8177,0,0
paraphrase,201238,8192,8192,0.9,987809,20,7,7299,7305,7282,7312,1,0.0025587081909179688,0.000736236572265625,40,0.015728116035461426,0.007213592529296875,8191,0,0
paraphrase,201238,8192,8192,0.9,987809,21,11,7299,7305,7282,7312,1,0.7412109375,0.244140625,1,0.8431181311607361,0.026828765869140625,7304,1,1
paraphrase,201238,8192,8192,0.9,987809,22,7,7299,7305,7282,7312,1,0.57684326171875,0.474609375,1,0.7767626047134399,0.0037318766117095947,7299,1,1
paraphrase,201238,8192,8192,0.9,987809,18,3,7299,7305,7282,7312,1,0.010528564453125,0.006378173828125,23,0.2086484432220459,0.0056438446044921875,8184,0,0
paraphrase,201238,8192,8192,0.9,987809,17,10,7299,7305,7282,7312,1,0.0017576217651367188,0.000469207763671875,91,0.13360595703125,0.00516510009765625,0,0,0
paraphrase,201238,8192,8192,0.9,987809,20,8,7299,7305,7282,7312,1,0.00011593848466873169,3.814697265625e-05,48,0.0019061180064454675,0.0020389556884765625,8180,0,0
paraphrase,201238,8192,8192,0.9,987809,22,0,7299,7305,7282,7312,1,6.634742021560669e-06,4.470348358154297e-06,712,0.00012278021313250065,0.00013616681098937988,8191,0,0
paraphrase,201238,8192,8192,0.9,987809,22,4,7299,7305,7282,7312,1,0.007837772369384766,0.0042724609375,18,0.028678297996520996,0.01718902587890625,0,0,0
paraphrase,201238,8192,8192,0.9,987809,21,0,7299,7305,7282,7312,1,0.068878173828125,0.0181884765625,3,0.1574684977531433,0.0010216236114501953,0,0,0
paraphrase,201238,8192,8192,0.9,987809,20,6,7299,7305,7282,7312,1,0.00212860107421875,0.00067138671875,53,0.029133081436157227,0.0022802352905273438,8190,0,0
paraphrase,201238,8192,8192,0.9,987809,20,9,7299,7305,7282,7312,1,0.03643035888671875,0.01708984375,5,0.046633362770080566,0.003260374069213867,8190,0,0
paraphrase,201238,8192,8192,0.9,987809,21,3,7299,7305,7282,7312,1,0.0010585784912109375,0.0002918243408203125,78,0.008141279220581055,0.0050373077392578125,0,0,0
paraphrase,201238,8192,8192,0.9,987809,21,1,7299,7305,7282,7312,1,0.0006973743438720703,0.00032806396484375,85,0.022424697875976562,0.0049896240234375,0,0,0
paraphrase,201238,8192,8192,0.9,987809,21,4,7299,7305,7282,7312,1,0.0518646240234375,0.0123291015625,16,0.18826794624328613,0.006968021392822266,8190,0,0
paraphrase,201238,8192,8192,0.9,987809,21,5,7299,7305,7282,7312,1,0.0356292724609375,0.01092529296875,13,0.08909368515014648,0.0017027854919433594,0,0,0
paraphrase,201238,8192,8192,0.9,987809,17,3,7299,7305,7282,7312,1,0.00141143798828125,0.000762939453125,39,0.010360360145568848,0.006439208984375,8191,0,0
paraphrase,201238,8192,8192,0.9,987809,22,10,7299,7305,7282,7312,1,0.10693359375,0.03662109375,6,0.5083421468734741,0.00223541259765625,0,0,0
paraphrase,201238,8192,8192,0.9,987809,23,4,7299,7305,7282,7312,1,0.0422210693359375,0.0242919921875,6,0.20239567756652832,0.023451805114746094,0,0,0
paraphrase,201238,8192,8192,0.9,987809,20,3,7299,7305,7282,7312,1,0.0026683807373046875,0.00182342529296875,12,0.007991326972842216,0.0009286403656005859,8177,0,0
paraphrase,201239,8192,8193,0.9,845811,20,7,7325,7331,7308,7338,1,0.00147247314453125,0.00042724609375,42,0.009349465370178223,0.008983612060546875,8192,0,0
paraphrase,201239,8192,8193,0.9,845811,21,11,7325,7331,7308,7338,1,0.537109375,0.1396484375,1,0.7040785551071167,0.0883331298828125,7330,1,1
paraphrase,201239,8192,8193,0.9,845811,22,7,7325,7331,7308,7338,1,0.4344978332519531,0.419921875,1,0.7021734714508057,0.022075116634368896,7325,1,1
paraphrase,201239,8192,8193,0.9,845811,18,3,7325,7331,7308,7338,1,0.011444091796875,0.0069580078125,22,0.1898113489151001,0.006069183349609375,8185,0,0
paraphrase,201239,8192,8193,0.9,845811,17,10,7325,7331,7308,7338,1,0.0015869140625,0.0004367828369140625,89,0.12153148651123047,0.005588531494140625,0,0,0
paraphrase,201239,8192,8193,0.9,845811,20,8,7325,7331,7308,7338,1,0.00018033385276794434,6.961822509765625e-05,44,0.0022607252467423677,0.001903533935546875,8181,0,0
paraphrase,201239,8192,8193,0.9,845811,22,0,7325,7331,7308,7338,1,1.1945143342018127e-05,7.152557373046875e-06,438,0.00021150382235646248,9.078532457351685e-05,8192,0,0
paraphrase,201239,8192,8193,0.9,845811,22,4,7325,7331,7308,7338,1,0.0051364898681640625,0.00250244140625,25,0.03874385356903076,0.012258529663085938,0,0,0
paraphrase,201239,8192,8193,0.9,845811,21,0,7325,7331,7308,7338,1,0.04205322265625,0.01312255859375,8,0.1254444122314453,0.002315521240234375,0,0,0
paraphrase,201239,8192,8193,0.9,845811,20,6,7325,7331,7308,7338,1,0.0009102821350097656,0.00028228759765625,65,0.033420026302337646,0.0023145675659179688,8191,0,0
paraphrase,201239,8192,8193,0.9,845811,20,9,7325,7331,7308,7338,1,0.01279449462890625,0.003265380859375,11,0.02112998440861702,0.005275726318359375,8191,0,0
paraphrase,201239,8192,8193,0.9,845811,21,3,7325,7331,7308,7338,1,0.0005366802215576172,0.0002040863037109375,89,0.01172637939453125,0.008485794067382812,0,0,0
paraphrase,201239,8192,8193,0.9,845811,21,1,7325,7331,7308,7338,1,0.0004679560661315918,0.0003070831298828125,79,0.026173770427703857,0.0051288604736328125,0,0,0
paraphrase,201239,8192,8193,0.9,845811,21,4,7325,7331,7308,7338,1,0.02105712890625,0.006805419921875,19,0.14548802375793457,0.013645172119140625,8191,0,0
paraphrase,201239,8192,8193,0.9,845811,21,5,7325,7331,7308,7338,1,0.0164794921875,0.0042724609375,36,0.07362842559814453,0.0026311874389648438,0,0,0
paraphrase,201239,8192,8193,0.9,845811,17,3,7325,7331,7308,7338,1,0.0014579296112060547,0.000736236572265625,41,0.009705424308776855,0.008281707763671875,8192,0,0
paraphrase,201239,8192,8193,0.9,845811,22,10,7325,7331,7308,7338,1,0.083953857421875,0.02392578125,10,0.5596766471862793,0.006526947021484375,0,0,0
paraphrase,201239,8192,8193,0.9,845811,23,4,7325,7331,7308,7338,1,0.037140846252441406,0.0260009765625,8,0.21297144889831543,0.05982017517089844,0,0,0
paraphrase,201239,8192,8193,0.9,845811,20,3,7325,7331,7308,7338,1,0.0018529891967773438,0.00103759765625,16,0.006386717781424522,0.0007901191711425781,8178,0,0
paraphrase,201240,8192,8193,0.9,825220,20,7,7314,7320,7297,7327,1,0.0027811527252197266,0.001800537109375,19,0.0107344388961792,0.0081787109375,8192,0,0
paraphrase,201240,8192,8193,0.9,825220,21,11,7314,7320,7297,7327,1,0.51708984375,0.12109375,1,0.6955711841583252,0.08343505859375,7317,1,1
paraphrase,201240,8192,8193,0.9,825220,22,7,7314,7320,7297,7327,1,0.3209857940673828,0.310546875,1,0.5859882831573486,0.010850399732589722,7314,1,1
paraphrase,201240,8192,8193,0.9,825220,18,3,7314,7320,7297,7327,1,0.014438629150390625,0.007781982421875,23,0.19590920209884644,0.007961273193359375,8185,0,0
paraphrase,201240,8192,8193,0.9,825220,17,10,7314,7320,7297,7327,1,0.0020227432250976562,0.000431060791015625,91,0.13359451293945312,0.0046234130859375,0,0,0
paraphrase,201240,8192,8193,0.9,825220,20,8,7314,7320,7297,7327,1,9.062886238098145e-05,2.562999725341797e-05,51,0.0013058555778115988,0.0017004013061523438,8181,0,0
paraphrase,201240,8192,8193,0.9,825220,22,0,7314,7320,7297,7327,1,7.274094969034195e-06,3.471970558166504e-06,752,0.0002354830503463745,0.00020384788513183594,8192,0,0
paraphrase,201240,8192,8193,0.9,825220,22,4,7314,7320,7297,7327,1,0.005648612976074219,0.0028839111328125,24,0.036437034606933594,0.0144195556640625,0,0,0
paraphrase,201240,8192,8193,0.9,825220,21,0,7314,7320,7297,7327,1,0.0431365966796875,0.01556396484375,6,0.1335158348083496,0.0026063919067382812,0,0,0
paraphrase,201240,8192,8193,0.9,825220,20,6,7314,7320,7297,7327,1,0.0010762214660644531,0.00030517578125,63,0.022728681564331055,0.0016434192657470703,8191,0,0
paraphrase,201240,8192,8193,0.9,825220,20,9,7314,7320,7297,7327,1,0.00783538818359375,0.002471923828125,11,0.014359905384480953,0.0022563934326171875,8191,0,0
paraphrase,201240,8192,8193,0.9,825220,21,3,7314,7320,7297,7327,1,0.0013189315795898438,0.0003528594970703125,65,0.008103609085083008,0.00862884521484375,0,0,0
paraphrase,201240,8192,8193,0.9,825220,21,1,7314,7320,7297,7327,1,0.0002847909927368164,0.000110626220703125,117,0.028083086013793945,0.007144927978515625,0,0,0
paraphrase,201240,8192,8193,0.9,825220,21,4,7314,7320,7297,7327,1,0.02506256103515625,0.00872802734375,17,0.16219580173492432,0.014820098876953125,8191,0,0
paraphrase,201240,8192,8193,0.9,825220,21,5,7314,7320,7297,7327,1,0.015491485595703125,0.004547119140625,27,0.0682382583618164,0.00389862060546875,0,0,0
paraphrase,201240,8192,8193,0.9,825220,17,3,7314,7320,7297,7327,1,0.0009768009185791016,0.0003604888916015625,55,0.010495781898498535,0.00836944580078125,8192,0,0
paraphrase,201240,8192,8193,0.9,825220,22,10,7314,7320,7297,7327,1,0.1429443359375,0.060791015625,5,0.6076548099517822,0.0076141357421875,7313,0,1
paraphrase,201240,8192,8193,0.9,825220,23,4,7314,7320,7297,7327,1,0.04503059387207031,0.0299072265625,7,0.21728062629699707,0.06272268295288086,0,0,0
paraphrase,201240,8192,8193,0.9,825220,20,3,7314,7320,7297,7327,1,0.0009114742279052734,0.000423431396484375,21,0.004790781065821648,0.0006139278411865234,8178,0,0
paraphrase,201241,8192,8192,0.9,844590,20,7,7326,7332,7309,7339,1,0.0016393661499023438,0.000606536865234375,38,0.008069515228271484,0.01136016845703125,8191,0,0
paraphrase,201241,8192,8192,0.9,844590,21,11,7326,7332,7309,7339,1,0.5146484375,0.150390625,1,0.6516075134277344,0.1324920654296875,7331,1,1
paraphrase,201241,8192,8192,0.9,844590,22,7,7326,7332,7309,7339,1,0.304656982421875,0.294921875,1,0.6466891765594482,0.016103804111480713,7326,1,1
paraphrase,201241,8192,8192,0.9,844590,18,3,7326,7332,7309,7339,1,0.01187896728515625,0.006622314453125,22,0.1924852728843689,0.006221771240234375,8184,0,0
paraphrase,201241,8192,8192,0.9,844590,17,10,7326,7332,7309,7339,1,0.0013399124145507812,0.0003509521484375,91,0.12023067474365234,0.005489349365234375,0,0,0
paraphrase,201241,8192,8192,0.9,844590,20,8,7326,7332,7309,7339,1,0.00015157461166381836,5.5789947509765625e-05,46,0.001944979652762413,0.0018129348754882812,8180,0,0
paraphrase,201241,8192,8192,0.9,844590,22,0,7326,7332,7309,7339,1,1.2625008821487427e-05,7.927417755126953e-06,438,0.0004801880568265915,0.00015281140804290771,0,0,0
paraphrase,201241,8192,8192,0.9,844590,22,4,7326,7332,7309,7339,1,0.005129814147949219,0.0035400390625,22,0.03821563720703125,0.017299652099609375,0,0,0
paraphrase,201241,8192,8192,0.9,844590,21,0,7326,7332,7309,7339,1,0.04595947265625,0.01348876953125,4,0.12074673175811768,0.0028333663940429688,0,0,0
paraphrase,201241,8192,8192,0.9,844590,20,6,7326,7332,7309,7339,1,0.0007264614105224609,0.0002288818359375,70,0.024557411670684814,0.0016741752624511719,8190,0,0
paraphrase,201241,8192,8192,0.9,844590,20,9,7326,7332,7309,7339,1,0.00921630859375,0.002655029296875,11,0.014262826181948185,0.004998207092285156,8190,0,0
paraphrase,201241,8192,8192,0.9,844590,21,3,7326,7332,7309,7339,1,0.0007094144821166992,0.00015926361083984375,93,0.0104103684425354,0.0069179534912109375,0,0,0
paraphrase,201241,8192,8192,0.9,844590,21,1,7326,7332,7309,7339,1,0.0006061196327209473,0.00038909912109375,80,0.025471985340118408,0.00650787353515625,0,0,0
paraphrase,201241,8192,8192,0.9,844590,21,4,7326,7332,7309,7339,1,0.0316619873046875,0.01153564453125,15,0.13837027549743652,0.014369964599609375,8190,0,0
paraphrase,201241,8192,8192,0.9,844590,21,5,7326,7332,7309,7339,1,0.0210723876953125,0.004730224609375,24,0.07223987579345703,0.0045623779296875,0,0,0
paraphrase,201241,8192,8192,0.9,844590,17,3,7326,7332,7309,7339,1,0.001384139060974121,0.00054931640625,46,0.010614335536956787,0.01158905029296875,8191,0,0
paraphrase,201241,8192,8192,0.9,844590,22,10,7326,7332,7309,7339,1,0.06463623046875,0.023681640625,10,0.48419737815856934,0.011363029479980469,0,0,0
paraphrase,201241,8192,8192,0.9,844590,23,4,7326,7332,7309,7339,1,0.023729324340820312,0.0194091796875,12,0.19335651397705078,0.04545879364013672,0,0,0
paraphrase,201241,8192,8192,0.9,844590,20,3,7326,7332,7309,7339,1,0.0013492107391357422,0.00074005126953125,15,0.004472803324460983,0.0007653236389160156,8177,0,0
relational,301234,8192,8192,0.9,994066,20,7,7306,7312,7286,7319,1,0.0006389617919921875,0.0003643035888671875,51,0.012488186359405518,0.003116130828857422,8191,0,0
relational,301234,8192,8192,0.9,994066,21,11,7306,7312,7286,7319,1,0.7630615234375,0.26171875,1,0.8572725057601929,0.0508880615234375,7307,1,1
relational,301234,8192,8192,0.9,994066,22,7,7306,7312,7286,7319,1,0.8496463298797607,0.84375,1,0.9605730772018433,0.0034543564543128014,7306,1,1
relational,301234,8192,8192,0.9,994066,18,3,7306,7312,7286,7319,1,0.0007726550102233887,0.000484466552734375,82,0.1840122938156128,0.0035976171493530273,8184,0,0
relational,301234,8192,8192,0.9,994066,17,10,7306,7312,7286,7319,1,0.0007233619689941406,0.0001621246337890625,106,0.10722589492797852,0.0033092498779296875,0,0,0
relational,301234,8192,8192,0.9,994066,20,8,7306,7312,7286,7319,1,1.0667368769645691e-05,3.203749656677246e-06,81,0.00019036687444895506,0.0014330148696899414,8190,0,0
relational,301234,8192,8192,0.9,994066,22,0,7306,7312,7286,7319,1,3.5371631383895874e-06,1.0654330253601074e-06,1501,0.0002819439396262169,8.282065391540527e-05,8191,0,0
relational,301234,8192,8192,0.9,994066,22,4,7306,7312,7286,7319,1,0.011959075927734375,0.004547119140625,22,0.06466543674468994,0.01177215576171875,0,0,0
relational,301234,8192,8192,0.9,994066,21,0,7306,7312,7286,7319,1,0.01697540283203125,0.005218505859375,9,0.06669902801513672,0.0015773773193359375,0,0,0
relational,301234,8192,8192,0.9,994066,20,6,7306,7312,7286,7319,1,0.00013756752014160156,4.410743713378906e-05,88,0.020406097173690796,6.072968244552612e-05,8190,0,0
relational,301234,8192,8192,0.9,994066,20,9,7306,7312,7286,7319,1,0.0010437965393066406,0.0006256103515625,16,0.0041563925333321095,0.0008268356323242188,8190,0,0
relational,301234,8192,8192,0.9,994066,21,3,7306,7312,7286,7319,1,0.0007497072219848633,0.0002727508544921875,70,0.007434755563735962,0.0018553733825683594,0,0,0
relational,301234,8192,8192,0.9,994066,21,1,7306,7312,7286,7319,1,0.00016313791275024414,5.1975250244140625e-05,107,0.025438010692596436,0.0008559226989746094,0,0,0
relational,301234,8192,8192,0.9,994066,21,4,7306,7312,7286,7319,1,0.01969146728515625,0.005096435546875,22,0.061035990715026855,0.0037870407104492188,0,0,0
relational,301234,8192,8192,0.9,994066,21,5,7306,7312,7286,7319,1,0.0200958251953125,0.00836181640625,18,0.17815113067626953,0.00215911865234375,0,0,0
relational,301234,8192,8192,0.9,994066,17,3,7306,7312,7286,7319,1,0.0001989603042602539,7.2479248046875e-05,90,0.007980525493621826,0.004593849182128906,8191,0,0
relational,301234,8192,8192,0.9,994066,22,10,7306,7312,7286,7319,1,0.25628662109375,0.10693359375,2,0.5297877788543701,0.010148048400878906,0,0,0
relational,301234,8192,8192,0.9,994066,23,4,7306,7312,7286,7319,1,0.028224945068359375,0.0220947265625,6,0.1424121856689453,0.009751319885253906,0,0,0
relational,301234,8192,8192,0.9,994066,20,3,7306,7312,7286,7319,1,1.9867438822984695e-05,1.2159347534179688e-05,84,0.003480213228613138,0.0003384798765182495,8171,0,0
relational,301235,8192,8192,0.9,726316,20,7,7323,7329,7305,7336,1,0.0009274482727050781,0.0002460479736328125,59,0.008103817701339722,0.0035562515258789062,8191,0,0
relational,301235,8192,8192,0.9,726316,21,11,7323,7329,7305,7336,1,0.72607421875,0.1865234375,1,0.8064587116241455,0.091461181640625,7325,1,1
relational,301235,8192,8192,0.9,726316,22,7,7323,7329,7305,7336,1,0.6851329803466797,0.68359375,1,0.9002895355224609,0.0017933249473571777,7323,1,1
relational,301235,8192,8192,0.9,726316,18,3,7323,7329,7305,7336,1,0.0020432472229003906,0.0014495849609375,64,0.15946543216705322,0.006260871887207031,8184,0,0
relational,301235,8192,8192,0.9,726316,17,10,7323,7329,7305,7336,1,0.0006122589111328125,0.00022792816162109375,101,0.10554885864257812,0.004322052001953125,0,0,0
relational,301235,8192,8192,0.9,726316,20,8,7323,7329,7305,7336,1,3.898143768310547e-05,1.2814998626708984e-05,67,0.00037461778265424073,0.004088640213012695,8190,0,0
relational,301235,8192,8192,0.9,726316,22,0,7323,7329,7305,7336,1,1.048622652888298e-05,7.033348083496094e-06,464,0.00037332018837332726,7.37905502319336e-05,0,0,0
relational,301235,8192,8192,0.9,726316,22,4,7323,7329,7305,7336,1,0.0038232803344726562,0.0021514892578125,33,0.045684814453125,0.01241302490234375,0,0,0
relational,301235,8192,8192,0.9,726316,21,0,7323,7329,7305,7336,1,0.017822265625,0.00823974609375,7,0.08241844177246094,0.0026731491088867188,0,0,0
relational,301235,8192,8192,0.9,726316,20,6,7323,7329,7305,7336,1,0.00016683340072631836,8.487701416015625e-05,74,0.01624993234872818,0.0002035200595855713,10,0,0
relational,301235,8192,8192,0.9,726316,20,9,7323,7329,7305,7336,1,0.0006852149963378906,0.00020313262939453125,24,0.0027395570650696754,0.006313800811767578,8190,0,0
relational,301235,8192,8192,0.9,726316,21,3,7323,7329,7305,7336,1,0.0005471706390380859,0.0002460479736328125,75,0.013286292552947998,0.0030832290649414062,0,0,0
relational,301235,8192,8192,0.9,726316,21,1,7323,7329,7305,7336,1,0.0003370046615600586,0.00012159347534179688,95,0.030628561973571777,0.0024862289428710938,0,0,0
relational,301235,8192,8192,0.9,726316,21,4,7323,7329,7305,7336,1,0.0237274169921875,0.006256103515625,22,0.10313522815704346,0.009784698486328125,0,0,0
relational,301235,8192,8192,0.9,726316,21,5,7323,7329,7305,7336,1,0.011692047119140625,0.0042724609375,32,0.19637441635131836,0.004433155059814453,0,0,0
relational,301235,8192,8192,0.9,726316,17,3,7323,7329,7305,7336,1,0.0003593564033508301,0.00017642974853515625,77,0.00989311933517456,0.005382537841796875,8191,0,0
relational,301235,8192,8192,0.9,726316,22,10,7323,7329,7305,7336,1,0.1220703125,0.055908203125,6,0.4695620536804199,0.007485866546630859,0,0,0
relational,301235,8192,8192,0.9,726316,23,4,7323,7329,7305,7336,1,0.018889427185058594,0.015869140625,10,0.1314396858215332,0.009536266326904297,0,0,0
relational,301235,8192,8192,0.9,726316,20,3,7323,7329,7305,7336,1,6.0696154832839966e-05,3.933906555175781e-05,60,0.005228538066148758,0.000727236270904541,8175,0,0
relational,301236,8192,8192,0.9,708819,20,7,7323,7329,7305,7336,1,0.0009388923645019531,0.0002803802490234375,59,0.009103208780288696,0.002932310104370117,8191,0,0
relational,301236,8192,8192,0.9,708819,21,11,7323,7329,7305,7336,1,0.7470703125,0.1962890625,1,0.8236318826675415,0.063995361328125,7325,1,1
relational,301236,8192,8192,0.9,708819,22,7,7323,7329,7305,7336,1,0.7949154376983643,0.79296875,1,0.9435083866119385,0.0017034951597452164,7323,1,1
relational,301236,8192,8192,0.9,708819,18,3,7323,7329,7305,7336,1,0.0014920234680175781,0.00110626220703125,65,0.14048385620117188,0.004979610443115234,8184,0,0
relational,301236,8192,8192,0.9,708819,17,10,7323,7329,7305,7336,1,0.0007181167602539062,0.000244140625,101,0.11607933044433594,0.0034694671630859375,0,0,0
relational,301236,8192,8192,0.9,708819,20,8,7323,7329,7305,7336,1,3.1754374504089355e-05,9.834766387939453e-06,70,0.0002932271745521575,0.0026841163635253906,8175,0,0
relational,301236,8192,8192,0.9,708819,22,0,7323,7329,7305,7336,1,1.246575266122818e-05,8.344650268554688e-06,381,0.000372094102203846,6.146728992462158e-05,0,0,0
relational,301236,8192,8192,0.9,708819,22,4,7323,7329,7305,7336,1,0.0075817108154296875,0.0033111572265625,25,0.047498226165771484,0.010196685791015625,0,0,0
relational,301236,8192,8192,0.9,708819,21,0,7323,7329,7305,7336,1,0.016635894775390625,0.00628662109375,8,0.0767974853515625,0.0019297599792480469,0,0,0
relational,301236,8192,8192,0.9,708819,20,6,7323,7329,7305,7336,1,0.00017768144607543945,9.059906005859375e-05,75,0.0170302614569664,8.453428745269775e-05,10,0,0
relational,301236,8192,8192,0.9,708819,20,9,7323,7329,7305,7336,1,0.0005354881286621094,0.0001850128173828125,22,0.003053163643926382,0.0024701356887817383,8190,0,0
relational,301236,8192,8192,0.9,708819,21,3,7323,7329,7305,7336,1,0.0006420612335205078,0.000301361083984375,71,0.013089954853057861,0.002964019775390625,0,0,0
relational,301236,8192,8192,0.9,708819,21,1,7323,7329,7305,7336,1,0.00041985511779785156,0.00015163421630859375,95,0.03319859504699707,0.0016450881958007812,0,0,0
relational,301236,8192,8192,0.9,708819,21,4,7323,7329,7305,7336,1,0.0359344482421875,0.01080322265625,11,0.10267135500907898,0.0072040557861328125,0,0,0
relational,301236,8192,8192,0.9,708819,21,5,7323,7329,7305,7336,1,0.017688751220703125,0.005218505859375,26,0.19736886024475098,0.0017997026443481445,0,0,0
relational,301236,8192,8192,0.9,708819,17,3,7323,7329,7305,7336,1,0.00031185150146484375,0.00013446807861328125,81,0.010640084743499756,0.005153656005859375,8191,0,0
relational,301236,8192,8192,0.9,708819,22,10,7323,7329,7305,7336,1,0.21270751953125,0.099609375,3,0.4976879358291626,0.0075531005859375,0,0,0
relational,301236,8192,8192,0.9,708819,23,4,7323,7329,7305,7336,1,0.02173900604248047,0.0174560546875,8,0.13888764381408691,0.00717473030090332,0,0,0
relational,301236,8192,8192,0.9,708819,20,3,7323,7329,7305,7336,1,3.803148865699768e-05,2.4318695068359375e-05,58,0.0024039731360971928,0.00039628148078918457,8175,0,0
relational,301237,8192,8192,0.9,227126,20,7,7339,7345,7319,7352,1,0.0014486312866210938,0.000438690185546875,49,0.010717034339904785,0.0031278133392333984,8191,0,0
relational,301237,8192,8192,0.9,227126,21,11,7339,7345,7319,7352,1,0.682861328125,0.181640625,1,0.7816187143325806,0.0826568603515625,7341,1,1
relational,301237,8192,8192,0.9,227126,22,7,7339,7345,7319,7352,1,0.7489104270935059,0.7421875,1,0.9338192939758301,0.0014738664031028748,7339,1,1
relational,301237,8192,8192,0.9,227126,18,3,7339,7345,7319,7352,1,0.0010263919830322266,0.000537872314453125,78,0.1219666600227356,0.0072536468505859375,8184,0,0
relational,301237,8192,8192,0.9,227126,17,10,7339,7345,7319,7352,1,0.00043201446533203125,0.00012683868408203125,107,0.09119462966918945,0.0038318634033203125,0,0,0
relational,301237,8192,8192,0.9,227126,20,8,7339,7345,7319,7352,1,2.555549144744873e-05,9.179115295410156e-06,74,0.00030994712142273784,0.0020322799682617188,8175,0,0
relational,301237,8192,8192,0.9,227126,22,0,7339,7345,7319,7352,1,2.3255939595401287e-05,1.7881393432617188e-05,231,0.00035371899139136076,8.705258369445801e-05,0,0,0
relational,301237,8192,8192,0.9,227126,22,4,7339,7345,7319,7352,1,0.0048580169677734375,0.00191497802734375,36,0.06846857070922852,0.014354705810546875,0,0,0
relational,301237,8192,8192,0.9,227126,21,0,7339,7345,7319,7352,1,0.014312744140625,0.00347900390625,17,0.08363676071166992,0.0017733573913574219,0,0,0
relational,301237,8192,8192,0.9,227126,20,6,7339,7345,7319,7352,1,0.00014126300811767578,6.914138793945312e-05,79,0.016911841928958893,0.00017690658569335938,10,0,0
relational,301237,8192,8192,0.9,227126,20,9,7339,7345,7319,7352,1,0.0006759166717529297,0.000171661376953125,22,0.0044770436361432076,0.002285480499267578,8190,0,0
relational,301237,8192,8192,0.9,227126,21,3,7339,7345,7319,7352,1,0.0005254745483398438,0.00017642974853515625,80,0.008266657590866089,0.0032672882080078125,0,0,0
relational,301237,8192,8192,0.9,227126,21,1,7339,7345,7319,7352,1,0.0003434419631958008,0.000133514404296875,101,0.043717920780181885,0.0022630691528320312,0,0,0
relational,301237,8192,8192,0.9,227126,21,4,7339,7345,7319,7352,1,0.0229949951171875,0.006805419921875,17,0.08540418744087219,0.008007049560546875,0,0,0
relational,301237,8192,8192,0.9,227126,21,5,7339,7345,7319,7352,1,0.01665496826171875,0.004302978515625,36,0.23349976539611816,0.0024013519287109375,0,0,0
relational,301237,8192,8192,0.9,227126,17,3,7339,7345,7319,7352,1,0.00015354156494140625,3.6716461181640625e-05,101,0.009703755378723145,0.005359649658203125,8191,0,0
relational,301237,8192,8192,0.9,227126,22,10,7339,7345,7319,7352,1,0.19773101806640625,0.091796875,3,0.49428462982177734,0.012172698974609375,0,0,0
relational,301237,8192,8192,0.9,227126,23,4,7339,7345,7319,7352,1,0.01997661590576172,0.0145263671875,11,0.12749052047729492,0.017582416534423828,0,0,0
relational,301237,8192,8192,0.9,227126,20,3,7339,7345,7319,7352,1,3.217160701751709e-05,1.8358230590820312e-05,68,0.002347240224480629,0.0002536177635192871,8175,0,0
relational,301238,8192,8192,0.9,112467,20,7,7305,7311,7287,7318,1,0.0003998875617980957,0.000141143798828125,66,0.009596467018127441,0.0023317337036132812,8191,0,0
relational,301238,8192,8192,0.9,112467,21,11,7305,7311,7287,7318,1,0.69873046875,0.2099609375,1,0.7997176647186279,0.062896728515625,7307,1,1
relational,301238,8192,8192,0.9,112467,22,7,7305,7311,7287,7318,1,0.8772691488265991,0.78515625,1,0.9669659733772278,0.0019432418048381805,7305,1,1
relational,301238,8192,8192,0.9,112467,18,3,7305,7311,7287,7318,1,0.0014982223510742188,0.000583648681640625,77,0.14654302597045898,0.011427879333496094,8184,0,0
relational,301238,8192,8192,0.9,112467,17,10,7305,7311,7287,7318,1,0.0006814002990722656,0.0001659393310546875,102,0.10803937911987305,0.004352569580078125,0,0,0
relational,301238,8192,8192,0.9,112467,20,8,7305,7311,7287,7318,1,1.5139579772949219e-05,3.9637088775634766e-06,81,0.00017896265489980578,0.0017518997192382812,8190,0,0
relational,301238,8192,8192,0.9,112467,22,0,7305,7311,7287,7318,1,4.084780812263489e-06,1.2442469596862793e-06,1510,0.0003104778006672859,6.949901580810547e-05,0,0,0
relational,301238,8192,8192,0.9,112467,22,4,7305,7311,7287,7318,1,0.008495330810546875,0.0029296875,29,0.043067216873168945,0.01299285888671875,8191,0,0
relational,301238,8192,8192,0.9,112467,21,0,7305,7311,7287,7318,1,0.01084136962890625,0.0025634765625,16,0.06654119491577148,0.0032367706298828125,0,0,0
relational,301238,8192,8192,0.9,112467,20,6,7305,7311,7287,7318,1,0.00011116266250610352,3.0279159545898438e-05,89,0.020522214472293854,0.00011134147644042969,8190,0,0
relational,301238,8192,8192,0.9,112467,20,9,7305,7311,7287,7318,1,0.0004916191101074219,0.00013446807861328125,28,0.0023639015853405,0.0016217231750488281,8190,0,0
relational,301238,8192,8192,0.9,112467,21,3,7305,7311,7287,7318,1,0.0007786750793457031,0.00022125244140625,74,0.006986796855926514,0.0026874542236328125,0,0,0
relational,301238,8192,8192,0.9,112467,21,1,7305,7311,7287,7318,1,0.00027358531951904297,0.00010442733764648438,95,0.030519306659698486,0.0018434524536132812,0,0,0
relational,301238,8192,8192,0.9,112467,21,4,7305,7311,7287,7318,1,0.0138092041015625,0.004486083984375,23,0.0680382251739502,0.006671905517578125,0,0,0
relational,301238,8192,8192,0.9,112467,21,5,7305,7311,7287,7318,1,0.01071929931640625,0.0034332275390625,33,0.18516206741333008,0.002323627471923828,0,0,0
relational,301238,8192,8192,0.9,112467,17,3,7305,7311,7287,7318,1,0.0002548694610595703,7.581710815429688e-05,92,0.010350167751312256,0.005954742431640625,8191,0,0
relational,301238,8192,8192,0.9,112467,22,10,7305,7311,7287,7318,1,0.39947509765625,0.1708984375,1,0.6735488176345825,0.008092403411865234,7306,1,1
relational,301238,8192,8192,0.9,112467,23,4,7305,7311,7287,7318,1,0.01641845703125,0.0087890625,14,0.11585235595703125,0.017771244049072266,0,0,0
relational,301238,8192,8192,0.9,112467,20,3,7305,7311,7287,7318,1,3.1733885407447815e-05,1.233816146850586e-05,86,0.0034347372129559517,0.00042006373405456543,8171,0,0
relational,301239,8192,8192,0.9,367666,20,7,7304,7310,7286,7317,1,0.0007306337356567383,0.0003643035888671875,49,0.009630560874938965,0.0027332305908203125,8191,0,0
relational,301239,8192,8192,0.9,367666,21,11,7304,7310,7286,7317,1,0.73046875,0.2109375,1,0.8155040740966797,0.0797119140625,7306,1,1
relational,301239,8192,8192,0.9,367666,22,7,7304,7310,7286,7317,1,0.8202595710754395,0.81640625,1,0.9459865093231201,0.0016875285655260086,7304,1,1
relational,301239,8192,8192,0.9,367666,18,3,7304,7310,7286,7317,1,0.0017081499099731445,0.00109100341796875,64,0.12554585933685303,0.006389617919921875,8184,0,0
relational,301239,8192,8192,0.9,367666,17,10,7304,7310,7286,7317,1,0.0005660057067871094,0.00014209747314453125,101,0.10516881942749023,0.004383087158203125,0,0,0
relational,301239,8192,8192,0.9,367666,20,8,7304,7310,7286,7317,1,1.1529773473739624e-05,3.606081008911133e-06,74,0.0001341966853942722,0.0031287670135498047,8175,0,0
relational,301239,8192,8192,0.9,367666,22,0,7304,7310,7286,7317,1,2.5741755962371826e-06,8.046627044677734e-07,2051,0.0002004466950893402,6.251037120819092e-05,0,0,0
relational,301239,8192,8192,0.9,367666,22,4,7304,7310,7286,7317,1,0.00563812255859375,0.00147247314453125,37,0.03771066665649414,0.012905120849609375,0,0,0
relational,301239,8192,8192,0.9,367666,21,0,7304,7310,7286,7317,1,0.01352691650390625,0.0042724609375,13,0.07988858222961426,0.0018014907836914062,0,0,0
relational,301239,8192,8192,0.9,367666,20,6,7304,7310,7286,7317,1,0.0001347064971923828,5.2928924560546875e-05,84,0.01746494323015213,0.00016200542449951172,10,0,0
relational,301239,8192,8192,0.9,367666,20,9,7304,7310,7286,7317,1,0.0005025863647460938,0.00012874603271484375,27,0.002673810813575983,0.001984119415283203,8190,0,0
relational,301239,8192,8192,0.9,367666,21,3,7304,7310,7286,7317,1,0.0005245208740234375,0.00021457672119140625,72,0.00615634024143219,0.0027675628662109375,0,0,0
relational,301239,8192,8192,0.9,367666,21,1,7304,7310,7286,7317,1,0.0002881288528442383,8.487701416015625e-05,108,0.02880936861038208,0.001636505126953125,0,0,0
relational,301239,8192,8192,0.9,367666,21,4,7304,7310,7286,7317,1,0.01764678955078125,0.004974365234375,21,0.06629164516925812,0.0049953460693359375,0,0,0
relational,301239,8192,8192,0.9,367666,21,5,7304,7310,7286,7317,1,0.01541900634765625,0.003662109375,27,0.2279801368713379,0.002556324005126953,0,0,0
relational,301239,8192,8192,0.9,367666,17,3,7304,7310,7286,7317,1,0.00028312206268310547,9.393692016601562e-05,90,0.01018071174621582,0.005756378173828125,8191,0,0
relational,301239,8192,8192,0.9,367666,22,10,7304,7310,7286,7317,1,0.2698974609375,0.1318359375,2,0.6016325950622559,0.010632157325744629,0,0,0
relational,301239,8192,8192,0.9,367666,23,4,7304,7310,7286,7317,1,0.02151966094970703,0.019287109375,7,0.12945294380187988,0.013487815856933594,0,0,0
relational,301239,8192,8192,0.9,367666,20,3,7304,7310,7286,7317,1,2.0420178771018982e-05,1.1324882507324219e-05,75,0.0021634383592754602,0.0005138367414474487,8175,0,0
relational,301240,8192,8192,0.9,321185,20,7,7327,7333,7307,7340,1,0.00090789794921875,0.00032806396484375,51,0.014409422874450684,0.0027735233306884766,8191,0,0
relational,301240,8192,8192,0.9,321185,21,11,7327,7333,7307,7340,1,0.68017578125,0.1826171875,1,0.7804598808288574,0.0587158203125,7329,1,1
relational,301240,8192,8192,0.9,321185,22,7,7327,7333,7307,7340,1,0.8136811256408691,0.80859375,1,0.9570631980895996,0.000998096540570259,7327,1,1
relational,301240,8192,8192,0.9,321185,18,3,7327,7333,7307,7340,1,0.0018506050109863281,0.0011138916015625,66,0.14387106895446777,0.007039070129394531,8184,0,0
relational,301240,8192,8192,0.9,321185,17,10,7327,7333,7307,7340,1,0.00047469139099121094,0.00015735626220703125,103,0.0925910472869873,0.00409698486328125,0,0,0
relational,301240,8192,8192,0.9,321185,20,8,7327,7333,7307,7340,1,4.956871271133423e-05,1.728534698486328e-05,71,0.00046483101323246956,0.0031452178955078125,8190,0,0
relational,301240,8192,8192,0.9,321185,22,0,7327,7333,7307,7340,1,2.9853545129299164e-06,1.9222497940063477e-06,940,0.0003525703214108944,6.438791751861572e-05,8191,0,0
relational,301240,8192,8192,0.9,321185,22,4,7327,7333,7307,7340,1,0.0032749176025390625,0.000946044921875,50,0.04951667785644531,0.00783538818359375,0,0,0
relational,301240,8192,8192,0.9,321185,21,0,7327,7333,7307,7340,1,0.011888504028320312,0.00390625,13,0.0694800615310669,0.0017371177673339844,0,0,0
relational,301240,8192,8192,0.9,321185,20,6,7327,7333,7307,7340,1,0.00012983381748199463,4.696846008300781e-05,81,0.018767252564430237,0.0001227259635925293,10,0,0
relational,301240,8192,8192,0.9,321185,20,9,7327,7333,7307,7340,1,0.0008257627487182617,0.0003719329833984375,21,0.002618708647787571,0.0025539398193359375,8190,0,0
relational,301240,8192,8192,0.9,321185,21,3,7327,7333,7307,7340,1,0.00017651915550231934,7.009506225585938e-05,104,0.007671922445297241,0.0017685890197753906,0,0,0
relational,301240,8192,8192,0.9,321185,21,1,7327,7333,7307,7340,1,0.00021153688430786133,6.008148193359375e-05,112,0.03191205859184265,0.0019078254699707031,0,0,0
relational,301240,8192,8192,0.9,321185,21,4,7327,7333,7307,7340,1,0.011175155639648438,0.0038909912109375,29,0.0716782808303833,0.005047798156738281,0,0,0
relational,301240,8192,8192,0.9,321185,21,5,7327,7333,7307,7340,1,0.006805419921875,0.00173187255859375,59,0.13630437850952148,0.0015077590942382812,0,0,0
relational,301240,8192,8192,0.9,321185,17,3,7327,7333,7307,7340,1,0.0003050565719604492,0.00011587142944335938,89,0.011034369468688965,0.0054912567138671875,8191,0,0
relational,301240,8192,8192,0.9,321185,22,10,7327,7333,7307,7340,1,0.30694580078125,0.1572265625,1,0.6268105506896973,0.006592988967895508,0,0,0
relational,301240,8192,8192,0.9,321185,23,4,7327,7333,7307,7340,1,0.032627105712890625,0.0250244140625,4,0.14179086685180664,0.019776344299316406,0,0,0
relational,301240,8192,8192,0.9,321185,20,3,7327,7333,7307,7340,1,4.2770057916641235e-05,2.6106834411621094e-05,72,0.006448881700634956,0.00043326616287231445,8171,0,0
relational,301241,8192,8192,0.9,795577,20,7,7311,7317,7291,7324,1,0.0015094280242919922,0.000598907470703125,43,0.01569235324859619,0.007828712463378906,8191,0,0
relational,301241,8192,8192,0.9,795577,21,11,7311,7317,7291,7324,1,0.676025390625,0.18359375,1,0.7727510929107666,0.113189697265625,7312,1,1
relational,301241,8192,8192,0.9,795577,22,7,7311,7317,7291,7324,1,0.7017862796783447,0.69921875,1,0.8952515125274658,0.06424491107463837,7311,1,1
relational,301241,8192,8192,0.9,795577,18,3,7311,7317,7291,7324,1,0.0014284849166870117,0.000946044921875,71,0.14598983526229858,0.00832509994506836,8184,0,0
relational,301241,8192,8192,0.9,795577,17,10,7311,7317,7291,7324,1,0.0004563331604003906,0.00013828277587890625,104,0.1091771125793457,0.00391387939453125,0,0,0
relational,301241,8192,8192,0.9,795577,20,8,7311,7317,7291,7324,1,1.1056661605834961e-05,3.1441450119018555e-06,78,0.0001961617381311953,0.00177001953125,8190,0,0
relational,301241,8192,8192,0.9,795577,22,0,7311,7317,7291,7324,1,9.231269359588623e-06,4.589557647705078e-06,602,0.0007221139967441559,6.596744060516357e-05,0,0,0
relational,301241,8192,8192,0.9,795577,22,4,7311,7317,7291,7324,1,0.006214141845703125,0.00185394287109375,33,0.04256725311279297,0.01471710205078125,0,0,0
relational,301241,8192,8192,0.9,795577,21,0,7311,7317,7291,7324,1,0.020263671875,0.0081787109375,7,0.11868762969970703,0.005267143249511719,0,0,0
relational,301241,8192,8192,0.9,795577,20,6,7311,7317,7291,7324,1,8.219480514526367e-05,3.933906555175781e-05,87,0.01875605434179306,9.241700172424316e-05,10,0,0
relational,301241,8192,8192,0.9,795577,20,9,7311,7317,7291,7324,1,0.0006761550903320312,0.0002460479736328125,19,0.0025706645101308823,0.002886533737182617,8190,0,0
relational,301241,8192,8192,0.9,795577,21,3,7311,7317,7291,7324,1,0.0009635686874389648,0.00045013427734375,58,0.009090811014175415,0.004242897033691406,0,0,0
relational,301241,8192,8192,0.9,795577,21,1,7311,7317,7291,7324,1,0.0002942681312561035,0.000125885009765625,96,0.03475874662399292,0.0024213790893554688,0,0,0
relational,301241,8192,8192,0.9,795577,21,4,7311,7317,7291,7324,1,0.01744842529296875,0.004669189453125,26,0.08669281005859375,0.0062999725341796875,0,0,0
relational,301241,8192,8192,0.9,795577,21,5,7311,7317,7291,7324,1,0.012950897216796875,0.0037078857421875,41,0.17333984375,0.0044481754302978516,0,0,0
relational,301241,8192,8192,0.9,795577,17,3,7311,7317,7291,7324,1,0.00026476383209228516,0.00010728836059570312,90,0.010978937149047852,0.009174346923828125,8191,0,0
relational,301241,8192,8192,0.9,795577,22,10,7311,7317,7291,7324,1,0.1940460205078125,0.08837890625,3,0.4810450077056885,0.01881575584411621,0,0,0
relational,301241,8192,8192,0.9,795577,23,4,7311,7317,7291,7324,1,0.011999130249023438,0.01068115234375,12,0.12215805053710938,0.007719993591308594,0,0,0
relational,301241,8192,8192,0.9,795577,20,3,7311,7317,7291,7324,1,8.199363946914673e-06,5.21540641784668e-06,94,0.002044559456408024,0.0005650222301483154,8171,0,0
distractor_heavy,401234,8192,8192,0.9,210681,20,7,7333,7339,7308,7346,2,0.0004291534423828125,0.00011682510375976562,69,0.01005566120147705,0.007510364055633545,8191,0,0
distractor_heavy,401234,8192,8192,0.9,210681,21,11,7333,7339,7308,7346,2,0.62060546875,0.158203125,1,0.8430571556091309,0.12158203125,7335,1,1
distractor_heavy,401234,8192,8192,0.9,210681,22,7,7333,7339,7308,7346,2,0.7122306823730469,0.703125,1,0.975795328617096,0.005834854207932949,7333,1,1
distractor_heavy,401234,8192,8192,0.9,210681,18,3,7333,7339,7308,7346,2,0.003299236297607422,0.001220703125,58,0.15018624067306519,0.018469810485839844,8184,0,0
distractor_heavy,401234,8192,8192,0.9,210681,17,10,7333,7339,7308,7346,2,0.00021576881408691406,5.7697296142578125e-05,116,0.0779259204864502,0.005313873291015625,0,0,0
distractor_heavy,401234,8192,8192,0.9,210681,20,8,7333,7339,7308,7346,2,4.289299249649048e-05,1.990795135498047e-05,60,0.0008041601395234466,0.0003427565097808838,8190,0,0
distractor_heavy,401234,8192,8192,0.9,210681,22,0,7333,7339,7308,7346,2,1.1647120118141174e-05,5.5730342864990234e-06,524,0.0001367274671792984,7.802620530128479e-05,8191,0,0
distractor_heavy,401234,8192,8192,0.9,210681,22,4,7333,7339,7308,7346,2,0.004642486572265625,0.00104522705078125,39,0.029191911220550537,0.008541107177734375,0,0,0
distractor_heavy,401234,8192,8192,0.9,210681,21,0,7333,7339,7308,7346,2,0.076904296875,0.0225830078125,3,0.16448974609375,0.023710250854492188,0,0,0
distractor_heavy,401234,8192,8192,0.9,210681,20,6,7333,7339,7308,7346,2,9.810924530029297e-05,2.8014183044433594e-05,86,0.036871861666440964,0.00013304967433214188,8191,0,0
distractor_heavy,401234,8192,8192,0.9,210681,20,9,7333,7339,7308,7346,2,0.0032405853271484375,0.0010223388671875,11,0.0063213929533958435,0.0002733096480369568,8190,0,0
distractor_heavy,401234,8192,8192,0.9,210681,21,3,7333,7339,7308,7346,2,0.00011764466762542725,4.935264587402344e-05,99,0.007696308195590973,0.0029990673065185547,0,0,0
distractor_heavy,401234,8192,8192,0.9,210681,21,1,7333,7339,7308,7346,2,5.9291720390319824e-05,1.895427703857422e-05,165,0.04259352385997772,0.0026128292083740234,0,0,0
distractor_heavy,401234,8192,8192,0.9,210681,21,4,7333,7339,7308,7346,2,0.011890411376953125,0.0045166015625,20,0.04302094876766205,0.010699272155761719,8190,0,0
distractor_heavy,401234,8192,8192,0.9,210681,21,5,7333,7339,7308,7346,2,0.00821685791015625,0.0025634765625,41,0.08611583709716797,0.010718345642089844,0,0,0
distractor_heavy,401234,8192,8192,0.9,210681,17,3,7333,7339,7308,7346,2,0.00018286705017089844,5.1021575927734375e-05,93,0.009360790252685547,0.0038830041885375977,8191,0,0
distractor_heavy,401234,8192,8192,0.9,210681,22,10,7333,7339,7308,7346,2,0.1685943603515625,0.060546875,4,0.6784441471099854,0.037626028060913086,7332,0,1
distractor_heavy,401234,8192,8192,0.9,210681,23,4,7333,7339,7308,7346,2,0.0090179443359375,0.005859375,21,0.21028470993041992,0.014642119407653809,0,0,0
distractor_heavy,401234,8192,8192,0.9,210681,20,3,7333,7339,7308,7346,2,0.0003735870122909546,0.00019550323486328125,46,0.010475318878889084,0.0007966309785842896,8175,0,0
distractor_heavy,401235,8192,8191,0.9,639039,20,7,7331,7337,7307,7344,2,0.000705718994140625,0.0001678466796875,65,0.013641774654388428,0.007974386215209961,8190,0,0
distractor_heavy,401235,8192,8191,0.9,639039,21,11,7331,7337,7307,7344,2,0.699951171875,0.1416015625,1,0.8910784721374512,0.091827392578125,7332,1,1
distractor_heavy,401235,8192,8191,0.9,639039,22,7,7331,7337,7307,7344,2,0.7230148315429688,0.71484375,1,0.9836230874061584,0.01835821010172367,7331,1,1
distractor_heavy,401235,8192,8191,0.9,639039,18,3,7331,7337,7307,7344,2,0.004650115966796875,0.00115203857421875,65,0.15633857250213623,0.01907062530517578,8183,0,0
distractor_heavy,401235,8192,8191,0.9,639039,17,10,7331,7337,7307,7344,2,0.00021445751190185547,5.078315734863281e-05,114,0.07579600811004639,0.005232810974121094,0,0,0
distractor_heavy,401235,8192,8191,0.9,639039,20,8,7331,7337,7307,7344,2,0.00010401010513305664,3.504753112792969e-05,60,0.0014320581685751677,0.001040622591972351,8189,0,0
distractor_heavy,401235,8192,8191,0.9,639039,22,0,7331,7337,7307,7344,2,1.0873191058635712e-05,8.821487426757812e-06,452,0.00023432448506355286,0.0001001143828034401,8190,0,0
distractor_heavy,401235,8192,8191,0.9,639039,22,4,7331,7337,7307,7344,2,0.0042514801025390625,0.00189971923828125,25,0.01775825023651123,0.009520530700683594,8190,0,0
distractor_heavy,401235,8192,8191,0.9,639039,21,0,7331,7337,7307,7344,2,0.07232666015625,0.018310546875,4,0.15539216995239258,0.024206161499023438,0,0,0
distractor_heavy,401235,8192,8191,0.9,639039,20,6,7331,7337,7307,7344,2,7.191300392150879e-05,1.7881393432617188e-05,100,0.05481334775686264,0.0002239532768726349,8190,0,0
distractor_heavy,401235,8192,8191,0.9,639039,20,9,7331,7337,7307,7344,2,0.006077766418457031,0.001983642578125,10,0.011013999581336975,0.0010663270950317383,8189,0,0
distractor_heavy,401235,8192,8191,0.9,639039,21,3,7331,7337,7307,7344,2,0.00011868774890899658,3.695487976074219e-05,108,0.0077394749969244,0.003200322389602661,0,0,0
distractor_heavy,401235,8192,8191,0.9,639039,21,1,7331,7337,7307,7344,2,0.00014474987983703613,6.29425048828125e-05,112,0.0481816828250885,0.002818584442138672,0,0,0
distractor_heavy,401235,8192,8191,0.9,639039,21,4,7331,7337,7307,7344,2,0.01715087890625,0.005126953125,17,0.046608105301856995,0.010197639465332031,8189,0,0
distractor_heavy,401235,8192,8191,0.9,639039,21,5,7331,7337,7307,7344,2,0.008358001708984375,0.0025634765625,42,0.08604717254638672,0.0089569091796875,0,0,0
distractor_heavy,401235,8192,8191,0.9,639039,17,3,7331,7337,7307,7344,2,0.00030750036239624023,9.107589721679688e-05,84,0.009892642498016357,0.004070401191711426,8190,0,0
distractor_heavy,401235,8192,8191,0.9,639039,22,10,7331,7337,7307,7344,2,0.1541748046875,0.0546875,4,0.6810570955276489,0.04699164628982544,7330,0,1
distractor_heavy,401235,8192,8191,0.9,639039,23,4,7331,7337,7307,7344,2,0.012304306030273438,0.00885009765625,17,0.27185773849487305,0.015721917152404785,0,0,0
distractor_heavy,401235,8192,8191,0.9,639039,20,3,7331,7337,7307,7344,2,0.00034499168395996094,0.00016689300537109375,58,0.01806044578552246,0.00223386287689209,8175,0,0
distractor_heavy,401236,8192,8193,0.9,705589,20,7,7336,7342,7312,7349,2,0.0009298324584960938,0.000293731689453125,54,0.012372374534606934,0.00867307186126709,8192,0,0
distractor_heavy,401236,8192,8193,0.9,705589,21,11,7336,7342,7312,7349,2,0.7197265625,0.1826171875,1,0.8918732404708862,0.08200454711914062,7338,1,1
distractor_heavy,401236,8192,8193,0.9,705589,22,7,7336,7342,7312,7349,2,0.7956357002258301,0.79296875,1,0.9859783053398132,0.011404976714402437,7336,1,1
distractor_heavy,401236,8192,8193,0.9,705589,18,3,7336,7342,7312,7349,2,0.0062255859375,0.0029144287109375,35,0.13379085063934326,0.01914501190185547,8185,0,0
distractor_heavy,401236,8192,8193,0.9,705589,17,10,7336,7342,7312,7349,2,0.00021147727966308594,5.054473876953125e-05,116,0.08352303504943848,0.005631446838378906,0,0,0
distractor_heavy,401236,8192,8193,0.9,705589,20,8,7336,7342,7312,7349,2,6.764382123947144e-05,3.218650817871094e-05,65,0.0013380928430706263,0.0007342025637626648,8191,0,0
distractor_heavy,401236,8192,8193,0.9,705589,22,0,7336,7342,7312,7349,2,1.6402453184127808e-05,4.976987838745117e-06,778,0.00022288504987955093,8.728541433811188e-05,8192,0,0
distractor_heavy,401236,8192,8193,0.9,705589,22,4,7336,7342,7312,7349,2,0.0041217803955078125,0.0011444091796875,35,0.029095947742462158,0.015035629272460938,0,0,0
distractor_heavy,401236,8192,8193,0.9,705589,21,0,7336,7342,7312,7349,2,0.0701904296875,0.0269775390625,2,0.14022207260131836,0.01907825469970703,0,0,0
distractor_heavy,401236,8192,8193,0.9,705589,20,6,7336,7342,7312,7349,2,7.790327072143555e-05,2.956390380859375e-05,87,0.051752712577581406,0.00018766149878501892,8192,0,0
distractor_heavy,401236,8192,8193,0.9,705589,20,9,7336,7342,7312,7349,2,0.0076904296875,0.0022430419921875,11,0.013589251786470413,0.0008470416069030762,8191,0,0
distractor_heavy,401236,8192,8193,0.9,705589,21,3,7336,7342,7312,7349,2,0.00013816356658935547,5.269050598144531e-05,95,0.011294510215520859,0.0025900602340698242,0,0,0
distractor_heavy,401236,8192,8193,0.9,705589,21,1,7336,7342,7312,7349,2,0.00018107891082763672,9.918212890625e-05,103,0.04109179973602295,0.002859830856323242,0,0,0
distractor_heavy,401236,8192,8193,0.9,705589,21,4,7336,7342,7312,7349,2,0.020374298095703125,0.0098876953125,14,0.05470377951860428,0.011296510696411133,8191,0,0
distractor_heavy,401236,8192,8193,0.9,705589,21,5,7336,7342,7312,7349,2,0.00945281982421875,0.003204345703125,35,0.08630800247192383,0.008283138275146484,0,0,0
distractor_heavy,401236,8192,8193,0.9,705589,17,3,7336,7342,7312,7349,2,0.0003083944320678711,0.00011205673217773438,80,0.009179234504699707,0.003297090530395508,8192,0,0
distractor_heavy,401236,8192,8193,0.9,705589,22,10,7336,7342,7312,7349,2,0.11346435546875,0.0400390625,6,0.6595073938369751,0.05429428815841675,7335,0,1
distractor_heavy,401236,8192,8193,0.9,705589,23,4,7336,7342,7312,7349,2,0.009991168975830078,0.00677490234375,17,0.2752779722213745,0.006414234638214111,0,0,0
distractor_heavy,401236,8192,8193,0.9,705589,20,3,7336,7342,7312,7349,2,0.0003541111946105957,0.00022411346435546875,49,0.01341770589351654,0.0012989640235900879,8177,0,0
distractor_heavy,401237,8192,8192,0.9,577255,20,7,7322,7328,7298,7335,2,0.0006657838821411133,0.000278472900390625,56,0.008318066596984863,0.011500358581542969,8191,0,0
distractor_heavy,401237,8192,8192,0.9,577255,21,11,7322,7328,7298,7335,2,0.69482421875,0.1728515625,1,0.8906873464584351,0.11215972900390625,7327,1,1
distractor_heavy,401237,8192,8192,0.9,577255,22,7,7322,7328,7298,7335,2,0.8010663986206055,0.79296875,1,0.9864127039909363,0.025516429916024208,7322,1,1
distractor_heavy,401237,8192,8192,0.9,577255,18,3,7322,7328,7298,7335,2,0.004321098327636719,0.0017852783203125,46,0.1513429880142212,0.02252674102783203,8184,0,0
distractor_heavy,401237,8192,8192,0.9,577255,17,10,7322,7328,7298,7335,2,0.00033295154571533203,8.249282836914062e-05,109,0.08620798587799072,0.004809856414794922,0,0,0
distractor_heavy,401237,8192,8192,0.9,577255,20,8,7322,7328,7298,7335,2,6.975233554840088e-05,3.8623809814453125e-05,59,0.0008840549271553755,0.0008174851536750793,8190,0,0
distractor_heavy,401237,8192,8192,0.9,577255,22,0,7322,7328,7298,7335,2,4.473142325878143e-06,2.518296241760254e-06,1054,0.00016023404896259308,0.00012772344052791595,8191,0,0
distractor_heavy,401237,8192,8192,0.9,577255,22,4,7322,7328,7298,7335,2,0.010129928588867188,0.0072021484375,13,0.029397577047348022,0.013884544372558594,0,0,0
distractor_heavy,401237,8192,8192,0.9,577255,21,0,7322,7328,7298,7335,2,0.093658447265625,0.033203125,2,0.17223834991455078,0.02741241455078125,0,0,0
distractor_heavy,401237,8192,8192,0.9,577255,20,6,7322,7328,7298,7335,2,8.38935375213623e-05,2.849102020263672e-05,96,0.04780757799744606,0.00028137117624282837,8191,0,0
distractor_heavy,401237,8192,8192,0.9,577255,20,9,7322,7328,7298,7335,2,0.006229400634765625,0.0019989013671875,8,0.010495126247406006,0.0012044757604599,8190,0,0
distractor_heavy,401237,8192,8192,0.9,577255,21,3,7322,7328,7298,7335,2,7.0229172706604e-05,3.2901763916015625e-05,111,0.007829150184988976,0.0031732916831970215,0,0,0
distractor_heavy,401237,8192,8192,0.9,577255,21,1,7322,7328,7298,7335,2,0.00016182661056518555,5.5789947509765625e-05,137,0.03610342741012573,0.0029039382934570312,0,0,0
distractor_heavy,401237,8192,8192,0.9,577255,21,4,7322,7328,7298,7335,2,0.00971221923828125,0.00531005859375,22,0.05097906291484833,0.01510763168334961,8190,0,0
distractor_heavy,401237,8192,8192,0.9,577255,21,5,7322,7328,7298,7335,2,0.00870513916015625,0.003204345703125,38,0.09177350997924805,0.011718273162841797,0,0,0
distractor_heavy,401237,8192,8192,0.9,577255,17,3,7322,7328,7298,7335,2,0.0003973841667175293,0.000156402587890625,78,0.010609805583953857,0.00509333610534668,8191,0,0
distractor_heavy,401237,8192,8192,0.9,577255,22,10,7322,7328,7298,7335,2,0.14630126953125,0.06640625,4,0.6917461156845093,0.09965848922729492,7321,0,1
distractor_heavy,401237,8192,8192,0.9,577255,23,4,7322,7328,7298,7335,2,0.008481979370117188,0.006927490234375,18,0.27352774143218994,0.017107486724853516,0,0,0
distractor_heavy,401237,8192,8192,0.9,577255,20,3,7322,7328,7298,7335,2,0.0001971125602722168,0.00014209747314453125,59,0.01223389059305191,0.001533307135105133,8176,0,0
distractor_heavy,401238,8192,8191,0.9,984712,20,7,7322,7328,7298,7335,2,0.0009870529174804688,0.0003299713134765625,55,0.008503973484039307,0.009531676769256592,8190,0,0
distractor_heavy,401238,8192,8191,0.9,984712,21,11,7322,7328,7298,7335,2,0.6904296875,0.1455078125,1,0.8836705684661865,0.08943557739257812,7323,1,1
distractor_heavy,401238,8192,8191,0.9,984712,22,7,7322,7328,7298,7335,2,0.7214622497558594,0.703125,1,0.9557779431343079,0.019594780169427395,7322,1,1
distractor_heavy,401238,8192,8191,0.9,984712,18,3,7322,7328,7298,7335,2,0.00567626953125,0.001800537109375,46,0.14267170429229736,0.018758773803710938,8183,0,0
distractor_heavy,401238,8192,8191,0.9,984712,17,10,7322,7328,7298,7335,2,0.0002791881561279297,7.963180541992188e-05,112,0.08713364601135254,0.0052242279052734375,0,0,0
distractor_heavy,401238,8192,8191,0.9,984712,20,8,7322,7328,7298,7335,2,7.31348991394043e-05,2.288818359375e-05,71,0.0011471991892904043,0.0005974471569061279,8189,0,0
distractor_heavy,401238,8192,8191,0.9,984712,22,0,7322,7328,7298,7335,2,3.528781235218048e-06,1.9669532775878906e-06,1267,0.00018097460269927979,7.138215005397797e-05,8190,0,0
distractor_heavy,401238,8192,8191,0.9,984712,22,4,7322,7328,7298,7335,2,0.0030660629272460938,0.00139617919921875,29,0.02022656798362732,0.006671905517578125,8190,0,0
distractor_heavy,401238,8192,8191,0.9,984712,21,0,7322,7328,7298,7335,2,0.09149169921875,0.0262451171875,2,0.17710614204406738,0.023934364318847656,0,0,0
distractor_heavy,401238,8192,8191,0.9,984712,20,6,7322,7328,7298,7335,2,0.00011944770812988281,3.170967102050781e-05,103,0.056609924882650375,0.0003161393105983734,8190,0,0
distractor_heavy,401238,8192,8191,0.9,984712,20,9,7322,7328,7298,7335,2,0.0068874359130859375,0.0018157958984375,10,0.012853272259235382,0.0007554665207862854,8189,0,0
distractor_heavy,401238,8192,8191,0.9,984712,21,3,7322,7328,7298,7335,2,7.382035255432129e-05,1.633167266845703e-05,146,0.008121971040964127,0.003014087677001953,0,0,0
distractor_heavy,401238,8192,8191,0.9,984712,21,1,7322,7328,7298,7335,2,0.00020599365234375,6.723403930664062e-05,125,0.037375688552856445,0.0026979446411132812,0,0,0
distractor_heavy,401238,8192,8191,0.9,984712,21,4,7322,7328,7298,7335,2,0.01009368896484375,0.00335693359375,23,0.050601810216903687,0.013131380081176758,8189,0,0
distractor_heavy,401238,8192,8191,0.9,984712,21,5,7322,7328,7298,7335,2,0.00772857666015625,0.00186920166015625,59,0.0948190689086914,0.010932683944702148,0,0,0
distractor_heavy,401238,8192,8191,0.9,984712,17,3,7322,7328,7298,7335,2,0.0003628730773925781,0.0001926422119140625,72,0.010622501373291016,0.003224492073059082,8190,0,0
distractor_heavy,401238,8192,8191,0.9,984712,22,10,7322,7328,7298,7335,2,0.16644287109375,0.045166015625,5,0.6615092754364014,0.04904031753540039,7321,0,1
distractor_heavy,401238,8192,8191,0.9,984712,23,4,7322,7328,7298,7335,2,0.012973785400390625,0.01031494140625,12,0.31228578090667725,0.011907577514648438,0,0,0
distractor_heavy,401238,8192,8191,0.9,984712,20,3,7322,7328,7298,7335,2,0.00022843480110168457,0.00014781951904296875,57,0.011511355638504028,0.0011179447174072266,8175,0,0
distractor_heavy,401239,8192,8192,0.9,836886,20,7,7331,7337,7307,7344,2,0.0007538795471191406,0.0002689361572265625,55,0.014873594045639038,0.007915854454040527,8191,0,0
distractor_heavy,401239,8192,8192,0.9,836886,21,11,7331,7337,7307,7344,2,0.718505859375,0.2138671875,1,0.8872170448303223,0.09677886962890625,7336,1,1
distractor_heavy,401239,8192,8192,0.9,836886,22,7,7331,7337,7307,7344,2,0.6486778259277344,0.63671875,1,0.9578306674957275,0.027290910482406616,7331,1,1
distractor_heavy,401239,8192,8192,0.9,836886,18,3,7331,7337,7307,7344,2,0.005311012268066406,0.001922607421875,46,0.1548171043395996,0.016139984130859375,8184,0,0
distractor_heavy,401239,8192,8192,0.9,836886,17,10,7331,7337,7307,7344,2,0.00026595592498779297,0.0001010894775390625,105,0.07430970668792725,0.005055427551269531,0,0,0
distractor_heavy,401239,8192,8192,0.9,836886,20,8,7331,7337,7307,7344,2,0.00010378658771514893,4.935264587402344e-05,60,0.0015378990210592747,0.0008319616317749023,8190,0,0
distractor_heavy,401239,8192,8192,0.9,836886,22,0,7331,7337,7307,7344,2,6.372109055519104e-06,3.933906555175781e-06,878,0.0002697408199310303,0.00010058470070362091,8191,0,0
distractor_heavy,401239,8192,8192,0.9,836886,22,4,7331,7337,7307,7344,2,0.005236625671386719,0.0022430419921875,24,0.018465429544448853,0.0082855224609375,8191,0,0
distractor_heavy,401239,8192,8192,0.9,836886,21,0,7331,7337,7307,7344,2,0.08819580078125,0.03662109375,2,0.1822648048400879,0.030401229858398438,0,0,0
distractor_heavy,401239,8192,8192,0.9,836886,20,6,7331,7337,7307,7344,2,0.00010371208190917969,3.147125244140625e-05,100,0.04963107407093048,0.0002350062131881714,8191,0,0
distractor_heavy,401239,8192,8192,0.9,836886,20,9,7331,7337,7307,7344,2,0.0077190399169921875,0.0029296875,8,0.012380637228488922,0.0008544772863388062,8190,0,0
distractor_heavy,401239,8192,8192,0.9,836886,21,3,7331,7337,7307,7344,2,0.00014078617095947266,5.7220458984375e-05,101,0.008269082754850388,0.00435405969619751,0,0,0
distractor_heavy,401239,8192,8192,0.9,836886,21,1,7331,7337,7307,7344,2,0.00018319487571716309,6.389617919921875e-05,130,0.05081495642662048,0.0033292770385742188,0,0,0
distractor_heavy,401239,8192,8192,0.9,836886,21,4,7331,7337,7307,7344,2,0.01938629150390625,0.0103759765625,11,0.05463290214538574,0.015200138092041016,8190,0,0
distractor_heavy,401239,8192,8192,0.9,836886,21,5,7331,7337,7307,7344,2,0.011508941650390625,0.0052490234375,23,0.08637046813964844,0.012686729431152344,0,0,0
distractor_heavy,401239,8192,8192,0.9,836886,17,3,7331,7337,7307,7344,2,0.00029540061950683594,0.00010347366333007812,83,0.009481191635131836,0.0033538341522216797,8191,0,0
distractor_heavy,401239,8192,8192,0.9,836886,22,10,7331,7337,7307,7344,2,0.1832275390625,0.06298828125,4,0.64676833152771,0.0603480339050293,7330,0,1
distractor_heavy,401239,8192,8192,0.9,836886,23,4,7331,7337,7307,7344,2,0.012943267822265625,0.00799560546875,16,0.2579336166381836,0.01422262191772461,0,0,0
distractor_heavy,401239,8192,8192,0.9,836886,20,3,7331,7337,7307,7344,2,0.0002747178077697754,0.00014495849609375,57,0.016645818948745728,0.001727670431137085,8176,0,0
distractor_heavy,401240,8192,8192,0.9,453754,20,7,7349,7355,7325,7362,2,0.0014865398406982422,0.000492095947265625,45,0.010439157485961914,0.008278965950012207,8191,0,0
distractor_heavy,401240,8192,8192,0.9,453754,21,11,7349,7355,7325,7362,2,0.74072265625,0.1962890625,1,0.8934309482574463,0.06607437133789062,7354,1,1
distractor_heavy,401240,8192,8192,0.9,453754,22,7,7349,7355,7325,7362,2,0.6981725692749023,0.6875,1,0.9831039309501648,0.00846382963936776,7349,1,1
distractor_heavy,401240,8192,8192,0.9,453754,18,3,7349,7355,7325,7362,2,0.006908416748046875,0.00193023681640625,44,0.1275072693824768,0.01654529571533203,8184,0,0
distractor_heavy,401240,8192,8192,0.9,453754,17,10,7349,7355,7325,7362,2,0.0003554821014404297,0.00012683868408203125,105,0.0829017162322998,0.0059070587158203125,0,0,0
distractor_heavy,401240,8192,8192,0.9,453754,20,8,7349,7355,7325,7362,2,0.00013224780559539795,7.772445678710938e-05,45,0.0010106406407430768,0.00047366321086883545,8190,0,0
distractor_heavy,401240,8192,8192,0.9,453754,22,0,7349,7355,7325,7362,2,2.6051420718431473e-06,1.6838312149047852e-06,1441,0.0007966258563101292,0.00012486055493354797,8191,0,0
distractor_heavy,401240,8192,8192,0.9,453754,22,4,7349,7355,7325,7362,2,0.007160663604736328,0.005035400390625,16,0.05318194627761841,0.0067501068115234375,8191,0,0
distractor_heavy,401240,8192,8192,0.9,453754,21,0,7349,7355,7325,7362,2,0.059600830078125,0.02001953125,3,0.12523436546325684,0.020816802978515625,0,0,0
distractor_heavy,401240,8192,8192,0.9,453754,20,6,7349,7355,7325,7362,2,0.00018274784088134766,6.246566772460938e-05,84,0.032110899686813354,0.00016930699348449707,8191,0,0
distractor_heavy,401240,8192,8192,0.9,453754,20,9,7349,7355,7325,7362,2,0.007518768310546875,0.002655029296875,8,0.013108879327774048,0.00036074966192245483,8190,0,0
distractor_heavy,401240,8192,8192,0.9,453754,21,3,7349,7355,7325,7362,2,0.00012928247451782227,7.772445678710938e-05,83,0.009195929393172264,0.002862870693206787,0,0,0
distractor_heavy,401240,8192,8192,0.9,453754,21,1,7349,7355,7325,7362,2,0.0002300739288330078,0.00010967254638671875,99,0.04699397087097168,0.003052234649658203,0,0,0
distractor_heavy,401240,8192,8192,0.9,453754,21,4,7349,7355,7325,7362,2,0.018665313720703125,0.01068115234375,14,0.06146758794784546,0.015308499336242676,8190,0,0
distractor_heavy,401240,8192,8192,0.9,453754,21,5,7349,7355,7325,7362,2,0.009510040283203125,0.0035552978515625,38,0.09859609603881836,0.012115955352783203,0,0,0
distractor_heavy,401240,8192,8192,0.9,453754,17,3,7349,7355,7325,7362,2,0.0003668069839477539,0.0001354217529296875,77,0.0100172758102417,0.0029153823852539062,8191,0,0
distractor_heavy,401240,8192,8192,0.9,453754,22,10,7349,7355,7325,7362,2,0.121337890625,0.04931640625,5,0.6790199279785156,0.02410164475440979,7348,0,1
distractor_heavy,401240,8192,8192,0.9,453754,23,4,7349,7355,7325,7362,2,0.006398200988769531,0.005340576171875,21,0.2373495101928711,0.008904218673706055,0,0,0
distractor_heavy,401240,8192,8192,0.9,453754,20,3,7349,7355,7325,7362,2,0.0002716183662414551,0.000152587890625,52,0.014326386153697968,0.0010879486799240112,8176,0,0
distractor_heavy,401241,8192,8192,0.9,395505,20,7,7333,7339,7309,7346,2,0.0007486343383789062,0.00018024444580078125,67,0.012083172798156738,0.009250998497009277,8191,0,0
distractor_heavy,401241,8192,8192,0.9,395505,21,11,7333,7339,7309,7346,2,0.733154296875,0.1640625,1,0.8934128284454346,0.06823348999023438,7337,1,1
distractor_heavy,401241,8192,8192,0.9,395505,22,7,7333,7339,7309,7346,2,0.7881158590316772,0.78515625,1,0.9875050187110901,0.008453217800706625,7333,1,1
distractor_heavy,401241,8192,8192,0.9,395505,18,3,7333,7339,7309,7346,2,0.004240989685058594,0.00164031982421875,56,0.11542350053787231,0.024343490600585938,8184,0,0
distractor_heavy,401241,8192,8192,0.9,395505,17,10,7333,7339,7309,7346,2,0.00021409988403320312,4.863739013671875e-05,116,0.07608938217163086,0.006134986877441406,0,0,0
distractor_heavy,401241,8192,8192,0.9,395505,20,8,7333,7339,7309,7346,2,9.840726852416992e-05,7.2479248046875e-05,50,0.0012860167771577835,0.0006377175450325012,8190,0,0
distractor_heavy,401241,8192,8192,0.9,395505,22,0,7333,7339,7309,7346,2,1.2857839465141296e-05,8.702278137207031e-06,480,0.00024395249783992767,0.0001607649028301239,8191,0,0
distractor_heavy,401241,8192,8192,0.9,395505,22,4,7333,7339,7309,7346,2,0.003345489501953125,0.00098419189453125,35,0.02340853214263916,0.014005899429321289,8191,0,0
distractor_heavy,401241,8192,8192,0.9,395505,21,0,7333,7339,7309,7346,2,0.037628173828125,0.0166015625,3,0.09435892105102539,0.01985931396484375,0,0,0
distractor_heavy,401241,8192,8192,0.9,395505,20,6,7333,7339,7309,7346,2,0.00013697147369384766,6.151199340820312e-05,77,0.05312842130661011,0.0001547355204820633,8191,0,0
distractor_heavy,401241,8192,8192,0.9,395505,20,9,7333,7339,7309,7346,2,0.013568878173828125,0.005462646484375,7,0.019798643887043,0.0006588250398635864,8190,0,0
distractor_heavy,401241,8192,8192,0.9,395505,21,3,7333,7339,7309,7346,2,0.00015531480312347412,6.008148193359375e-05,92,0.00892713014036417,0.003917872905731201,0,0,0
distractor_heavy,401241,8192,8192,0.9,395505,21,1,7333,7339,7309,7346,2,0.00017186999320983887,0.0001049041748046875,104,0.03977939486503601,0.003934383392333984,0,0,0
distractor_heavy,401241,8192,8192,0.9,395505,21,4,7333,7339,7309,7346,2,0.015397071838378906,0.00860595703125,16,0.05036069452762604,0.010518431663513184,8190,0,0
distractor_heavy,401241,8192,8192,0.9,395505,21,5,7333,7339,7309,7346,2,0.00830841064453125,0.004638671875,31,0.09239339828491211,0.009572505950927734,0,0,0
distractor_heavy,401241,8192,8192,0.9,395505,17,3,7333,7339,7309,7346,2,0.0002751350402832031,0.000125885009765625,79,0.009857416152954102,0.0062999725341796875,8191,0,0
distractor_heavy,401241,8192,8192,0.9,395505,22,10,7333,7339,7309,7346,2,0.1123046875,0.04931640625,4,0.727380633354187,0.03544025123119354,7332,0,1
distractor_heavy,401241,8192,8192,0.9,395505,23,4,7333,7339,7309,7346,2,0.0063190460205078125,0.0036773681640625,27,0.20322251319885254,0.011669635772705078,0,0,0
distractor_heavy,401241,8192,8192,0.9,395505,20,3,7333,7339,7309,7346,2,0.00048422813415527344,0.0001888275146484375,55,0.012843035161495209,0.002074703574180603,8176,0,0
