variant,seed,target_tokens,actual_tokens,needle_frac,gold,layer,head,gold_span_start,gold_span_end,needle_span_start,needle_span_end,n_distractor_spans,gold_mass,gold_max,gold_rank,needle_mass,distractor_mass,argmax_token_index,argmax_in_gold,argmax_in_needle
literal,1234,16384,16384,0.5,915965,20,7,8149,8155,8138,8162,1,0.0004246234893798828,0.00014495849609375,59,0.003895372152328491,0.008609771728515625,16383,0,0
literal,1234,16384,16384,0.5,915965,21,11,8149,8155,8138,8162,1,0.4638671875,0.11669921875,1,0.6167793273925781,0.066253662109375,8152,1,1
literal,1234,16384,16384,0.5,915965,22,7,8149,8155,8138,8162,1,0.3699455261230469,0.365234375,1,0.8020992279052734,0.018247783184051514,8149,1,1
literal,1234,16384,16384,0.5,915965,18,3,8149,8155,8138,8162,1,0.0054187774658203125,0.00182342529296875,50,0.12492549419403076,0.0355224609375,0,0,0
literal,1234,16384,16384,0.5,915965,17,10,8149,8155,8138,8162,1,0.0010485649108886719,0.0002899169921875,85,0.0968470573425293,0.0103759765625,0,0,0
literal,1234,16384,16384,0.5,915965,20,8,8149,8155,8138,8162,1,0.00016126036643981934,4.57763671875e-05,55,0.0013926960527896881,0.004108428955078125,16382,0,0
literal,1234,16384,16384,0.5,915965,22,0,8149,8155,8138,8162,1,6.2575563788414e-06,4.6193599700927734e-06,533,0.00017750170081853867,4.700571298599243e-05,16383,0,0
literal,1234,16384,16384,0.5,915965,22,4,8149,8155,8138,8162,1,0.0003612637519836426,0.00010585784912109375,47,0.01816210150718689,0.0015276670455932617,16376,0,0
literal,1234,16384,16384,0.5,915965,21,0,8149,8155,8138,8162,1,0.011501312255859375,0.0029754638671875,8,0.03509259223937988,0.0034656524658203125,0,0,0
literal,1234,16384,16384,0.5,915965,20,6,8149,8155,8138,8162,1,0.0004475116729736328,0.0001373291015625,71,0.13007497787475586,0.0008039474487304688,0,0,0
literal,1234,16384,16384,0.5,915965,20,9,8149,8155,8138,8162,1,0.008371353149414062,0.0023651123046875,13,0.012357084080576897,0.019901275634765625,16382,0,0
literal,1234,16384,16384,0.5,915965,21,3,8149,8155,8138,8162,1,8.541345596313477e-05,3.814697265625e-05,137,0.006185054779052734,0.0017294883728027344,0,0,0
literal,1234,16384,16384,0.5,915965,21,1,8149,8155,8138,8162,1,0.0004533529281616211,0.00017642974853515625,89,0.10234963893890381,0.0016355514526367188,0,0,0
literal,1234,16384,16384,0.5,915965,21,4,8149,8155,8138,8162,1,0.002727031707763672,0.0010223388671875,37,0.03083708882331848,0.0056591033935546875,16382,0,0
literal,1234,16384,16384,0.5,915965,21,5,8149,8155,8138,8162,1,0.0065479278564453125,0.00193023681640625,40,0.09476757049560547,0.0011849403381347656,0,0,0
literal,1234,16384,16384,0.5,915965,17,3,8149,8155,8138,8162,1,0.0006966590881347656,0.0001773834228515625,70,0.01821732521057129,0.009521484375,16383,0,0
literal,1234,16384,16384,0.5,915965,22,10,8149,8155,8138,8162,1,0.10760498046875,0.03759765625,10,0.5923644304275513,0.0032815933227539062,8156,0,1
literal,1234,16384,16384,0.5,915965,23,4,8149,8155,8138,8162,1,0.03466033935546875,0.0257568359375,11,0.27907586097717285,0.012478113174438477,0,0,0
literal,1234,16384,16384,0.5,915965,20,3,8149,8155,8138,8162,1,0.0006501674652099609,0.000301361083984375,52,0.03354281187057495,0.0013560652732849121,16371,0,0
literal,1235,16384,16384,0.5,822782,20,7,8233,8239,8222,8246,1,0.0006649494171142578,0.0002574920654296875,46,0.00434345006942749,0.0075225830078125,16383,0,0
literal,1235,16384,16384,0.5,822782,21,11,8233,8239,8222,8246,1,0.491943359375,0.150390625,1,0.6400375366210938,0.0474395751953125,8234,1,1
literal,1235,16384,16384,0.5,822782,22,7,8233,8239,8222,8246,1,0.3551846742630005,0.3515625,1,0.8998280763626099,0.012516781687736511,8233,1,1
literal,1235,16384,16384,0.5,822782,18,3,8233,8239,8222,8246,1,0.007014274597167969,0.0022125244140625,51,0.17011594772338867,0.0254058837890625,0,0,0
literal,1235,16384,16384,0.5,822782,17,10,8233,8239,8222,8246,1,0.001323699951171875,0.0003032684326171875,85,0.12154388427734375,0.0118560791015625,0,0,0
literal,1235,16384,16384,0.5,822782,20,8,8233,8239,8222,8246,1,0.0013277530670166016,0.000637054443359375,28,0.0031985193490982056,0.0022993087768554688,16382,0,0
literal,1235,16384,16384,0.5,822782,22,0,8233,8239,8222,8246,1,2.5063054636120796e-05,1.4126300811767578e-05,179,0.00014092330820858479,4.533305764198303e-05,16383,0,0
literal,1235,16384,16384,0.5,822782,22,4,8233,8239,8222,8246,1,0.0020503997802734375,0.0006866455078125,21,0.02533358335494995,0.0012383460998535156,16376,0,0
literal,1235,16384,16384,0.5,822782,21,0,8233,8239,8222,8246,1,0.00736236572265625,0.002166748046875,13,0.021715104579925537,0.003082275390625,0,0,0
literal,1235,16384,16384,0.5,822782,20,6,8233,8239,8222,8246,1,0.0006033778190612793,0.0002079010009765625,69,0.07393306493759155,0.0008294582366943359,0,0,0
literal,1235,16384,16384,0.5,822782,20,9,8233,8239,8222,8246,1,0.008686065673828125,0.0028533935546875,10,0.01158332359045744,0.01107025146484375,16382,0,0
literal,1235,16384,16384,0.5,822782,21,3,8233,8239,8222,8246,1,0.00040730834007263184,0.000202178955078125,63,0.012047693133354187,0.0015501976013183594,0,0,0
literal,1235,16384,16384,0.5,822782,21,1,8233,8239,8222,8246,1,0.0007550716400146484,0.000240325927734375,76,0.0989987850189209,0.0017991065979003906,0,0,0
literal,1235,16384,16384,0.5,822782,21,4,8233,8239,8222,8246,1,0.0038585662841796875,0.002716064453125,28,0.056832313537597656,0.0045642852783203125,16382,0,0
literal,1235,16384,16384,0.5,822782,21,5,8233,8239,8222,8246,1,0.004627227783203125,0.0023956298828125,35,0.09331083297729492,0.0008597373962402344,0,0,0
literal,1235,16384,16384,0.5,822782,17,3,8233,8239,8222,8246,1,0.0012145042419433594,0.0003185272216796875,62,0.024432659149169922,0.00978851318359375,16383,0,0
literal,1235,16384,16384,0.5,822782,22,10,8233,8239,8222,8246,1,0.0583648681640625,0.0238037109375,15,0.5031027793884277,0.00244903564453125,8239,0,1
literal,1235,16384,16384,0.5,822782,23,4,8233,8239,8222,8246,1,0.013764381408691406,0.00958251953125,16,0.20571857690811157,0.015520095825195312,19,0,0
literal,1235,16384,16384,0.5,822782,20,3,8233,8239,8222,8246,1,0.00218963623046875,0.00099945068359375,38,0.050305843353271484,0.0016170740127563477,16371,0,0
literal,1236,16384,16384,0.5,659279,20,7,8167,8173,8156,8180,1,0.0003070831298828125,0.00012159347534179688,70,0.0036378800868988037,0.007869720458984375,16383,0,0
literal,1236,16384,16384,0.5,659279,21,11,8167,8173,8156,8180,1,0.502197265625,0.1259765625,1,0.6284980773925781,0.070343017578125,8170,1,1
literal,1236,16384,16384,0.5,659279,22,7,8167,8173,8156,8180,1,0.7169594764709473,0.70703125,1,0.9113357067108154,0.021618425846099854,8167,1,1
literal,1236,16384,16384,0.5,659279,18,3,8167,8173,8156,8180,1,0.0094451904296875,0.0024871826171875,42,0.16923153400421143,0.03720855712890625,0,0,0
literal,1236,16384,16384,0.5,659279,17,10,8167,8173,8156,8180,1,0.0009741783142089844,0.000270843505859375,84,0.08919095993041992,0.0113525390625,0,0,0
literal,1236,16384,16384,0.5,659279,20,8,8167,8173,8156,8180,1,0.0008533596992492676,0.0003833770751953125,35,0.0032608583569526672,0.0029616355895996094,16382,0,0
literal,1236,16384,16384,0.5,659279,22,0,8167,8173,8156,8180,1,6.914138793945312e-05,2.491474151611328e-05,117,0.0003857910633087158,6.365776062011719e-05,16383,0,0
literal,1236,16384,16384,0.5,659279,22,4,8167,8173,8156,8180,1,0.0007557868957519531,0.00019073486328125,41,0.012405328452587128,0.002262115478515625,16376,0,0
literal,1236,16384,16384,0.5,659279,21,0,8167,8173,8156,8180,1,0.016962051391601562,0.0072021484375,5,0.03573644161224365,0.0045223236083984375,0,0,0
literal,1236,16384,16384,0.5,659279,20,6,8167,8173,8156,8180,1,0.00047338008880615234,0.0001621246337890625,73,0.09826552867889404,0.0005631446838378906,0,0,0
literal,1236,16384,16384,0.5,659279,20,9,8167,8173,8156,8180,1,0.00984954833984375,0.0035247802734375,9,0.012409592978656292,0.011960983276367188,16382,0,0
literal,1236,16384,16384,0.5,659279,21,3,8167,8173,8156,8180,1,5.689263343811035e-05,2.5987625122070312e-05,225,0.006028175354003906,0.0016689300537109375,0,0,0
literal,1236,16384,16384,0.5,659279,21,1,8167,8173,8156,8180,1,0.0009717941284179688,0.00042724609375,73,0.09836292266845703,0.0019123554229736328,0,0,0
literal,1236,16384,16384,0.5,659279,21,4,8167,8173,8156,8180,1,0.006015777587890625,0.0030975341796875,23,0.038819506764411926,0.0056915283203125,16382,0,0
literal,1236,16384,16384,0.5,659279,21,5,8167,8173,8156,8180,1,0.0051937103271484375,0.00142669677734375,42,0.06460380554199219,0.0013152360916137695,0,0,0
literal,1236,16384,16384,0.5,659279,17,3,8167,8173,8156,8180,1,0.0007328987121582031,0.0002040863037109375,65,0.017015457153320312,0.008892059326171875,16383,0,0
literal,1236,16384,16384,0.5,659279,22,10,8167,8173,8156,8180,1,0.170318603515625,0.06787109375,4,0.5830071568489075,0.003056049346923828,8174,0,1
literal,1236,16384,16384,0.5,659279,23,4,8167,8173,8156,8180,1,0.02042865753173828,0.017333984375,13,0.20716583728790283,0.013787388801574707,0,0,0
literal,1236,16384,16384,0.5,659279,20,3,8167,8173,8156,8180,1,0.0028868913650512695,0.0014801025390625,32,0.04983401298522949,0.0008196830749511719,16383,0,0
literal,1237,16384,16384,0.5,255903,20,7,8224,8230,8213,8237,1,0.0005859732627868652,0.0001850128173828125,53,0.0039314404129981995,0.00678253173828125,16383,0,0
literal,1237,16384,16384,0.5,255903,21,11,8224,8230,8213,8237,1,0.4637451171875,0.13671875,1,0.6173191070556641,0.05877685546875,8226,1,1
literal,1237,16384,16384,0.5,255903,22,7,8224,8230,8213,8237,1,0.3272132873535156,0.3125,1,0.8748188018798828,0.0121077299118042,8224,1,1
literal,1237,16384,16384,0.5,255903,18,3,8224,8230,8213,8237,1,0.011348724365234375,0.003936767578125,36,0.1599104404449463,0.032501220703125,0,0,0
literal,1237,16384,16384,0.5,255903,17,10,8224,8230,8213,8237,1,0.0020036697387695312,0.000644683837890625,80,0.10465717315673828,0.009487152099609375,0,0,0
literal,1237,16384,16384,0.5,255903,20,8,8224,8230,8213,8237,1,0.0011876821517944336,0.000545501708984375,29,0.00264928862452507,0.0025787353515625,16382,0,0
literal,1237,16384,16384,0.5,255903,22,0,8224,8230,8213,8237,1,6.518792361021042e-06,3.993511199951172e-06,551,0.00048175035044550896,5.380064249038696e-05,16383,0,0
literal,1237,16384,16384,0.5,255903,22,4,8224,8230,8213,8237,1,0.0016598701477050781,0.0005340576171875,29,0.01912480592727661,0.0016078948974609375,16376,0,0
literal,1237,16384,16384,0.5,255903,21,0,8224,8230,8213,8237,1,0.013025283813476562,0.006256103515625,4,0.030649781227111816,0.003849029541015625,0,0,0
literal,1237,16384,16384,0.5,255903,20,6,8224,8230,8213,8237,1,0.0008153915405273438,0.000286102294921875,67,0.06650841236114502,0.0006409883499145508,0,0,0
literal,1237,16384,16384,0.5,255903,20,9,8224,8230,8213,8237,1,0.01079559326171875,0.00274658203125,10,0.013228165917098522,0.009717941284179688,16382,0,0
literal,1237,16384,16384,0.5,255903,21,3,8224,8230,8213,8237,1,0.0004633665084838867,0.00019073486328125,60,0.011510342359542847,0.0017046928405761719,0,0,0
literal,1237,16384,16384,0.5,255903,21,1,8224,8230,8213,8237,1,0.0017125606536865234,0.0010833740234375,56,0.09862303733825684,0.0021276473999023438,0,0,0
literal,1237,16384,16384,0.5,255903,21,4,8224,8230,8213,8237,1,0.0064067840576171875,0.0032806396484375,22,0.05786648392677307,0.0047092437744140625,16382,0,0
literal,1237,16384,16384,0.5,255903,21,5,8224,8230,8213,8237,1,0.007487297058105469,0.0030975341796875,28,0.07854795455932617,0.0008192062377929688,0,0,0
literal,1237,16384,16384,0.5,255903,17,3,8224,8230,8213,8237,1,0.001468658447265625,0.0003204345703125,62,0.021909713745117188,0.007755279541015625,16383,0,0
literal,1237,16384,16384,0.5,255903,22,10,8224,8230,8213,8237,1,0.1661376953125,0.048095703125,4,0.626259446144104,0.0028684139251708984,8230,0,1
literal,1237,16384,16384,0.5,255903,23,4,8224,8230,8213,8237,1,0.017913818359375,0.0086669921875,18,0.21831119060516357,0.020081520080566406,0,0,0
literal,1237,16384,16384,0.5,255903,20,3,8224,8230,8213,8237,1,0.003635883331298828,0.00107574462890625,32,0.04574844241142273,0.001143813133239746,16371,0,0
literal,1238,16384,16384,0.5,127404,20,7,8166,8172,8155,8179,1,0.00035887956619262695,0.00011157989501953125,76,0.005092918872833252,0.0075531005859375,16383,0,0
literal,1238,16384,16384,0.5,127404,21,11,8166,8172,8155,8179,1,0.496826171875,0.2001953125,1,0.6511783599853516,0.07061767578125,8169,1,1
literal,1238,16384,16384,0.5,127404,22,7,8166,8172,8155,8179,1,0.31758880615234375,0.306640625,1,0.8264155387878418,0.00772615522146225,8166,1,1
literal,1238,16384,16384,0.5,127404,18,3,8166,8172,8155,8179,1,0.00572967529296875,0.0019378662109375,48,0.15776383876800537,0.03125,0,0,0
literal,1238,16384,16384,0.5,127404,17,10,8166,8172,8155,8179,1,0.0011377334594726562,0.0002994537353515625,85,0.0922994613647461,0.00910186767578125,0,0,0
literal,1238,16384,16384,0.5,127404,20,8,8166,8172,8155,8179,1,0.0006754398345947266,0.0002460479736328125,34,0.002350553870201111,0.002574920654296875,16382,0,0
literal,1238,16384,16384,0.5,127404,22,0,8166,8172,8155,8179,1,6.540119647979736e-05,2.372264862060547e-05,127,0.00031718984246253967,5.704909563064575e-05,16383,0,0
literal,1238,16384,16384,0.5,127404,22,4,8166,8172,8155,8179,1,0.0012362003326416016,0.0002956390380859375,36,0.017036929726600647,0.0018973350524902344,16376,0,0
literal,1238,16384,16384,0.5,127404,21,0,8166,8172,8155,8179,1,0.011461257934570312,0.00439453125,9,0.030581653118133545,0.0036411285400390625,0,0,0
literal,1238,16384,16384,0.5,127404,20,6,8166,8172,8155,8179,1,0.0005767345428466797,0.00019741058349609375,70,0.09068191051483154,0.0005741119384765625,0,0,0
literal,1238,16384,16384,0.5,127404,20,9,8166,8172,8155,8179,1,0.007814407348632812,0.0025177001953125,10,0.010167645290493965,0.009018898010253906,16382,0,0
literal,1238,16384,16384,0.5,127404,21,3,8166,8172,8155,8179,1,8.779764175415039e-05,4.744529724121094e-05,119,0.007554054260253906,0.0019407272338867188,0,0,0
literal,1238,16384,16384,0.5,127404,21,1,8166,8172,8155,8179,1,0.0008342266082763672,0.0004444122314453125,73,0.08545374870300293,0.00262451171875,0,0,0
literal,1238,16384,16384,0.5,127404,21,4,8166,8172,8155,8179,1,0.005156993865966797,0.0025787353515625,25,0.04791480302810669,0.00473785400390625,16382,0,0
literal,1238,16384,16384,0.5,127404,21,5,8166,8172,8155,8179,1,0.006871223449707031,0.0032501220703125,29,0.09339714050292969,0.0010802745819091797,0,0,0
literal,1238,16384,16384,0.5,127404,17,3,8166,8172,8155,8179,1,0.0006275177001953125,0.00024127960205078125,65,0.019636154174804688,0.007925033569335938,16383,0,0
literal,1238,16384,16384,0.5,127404,22,10,8166,8172,8155,8179,1,0.146484375,0.0322265625,11,0.574914813041687,0.0018526315689086914,8172,0,1
literal,1238,16384,16384,0.5,127404,23,4,8166,8172,8155,8179,1,0.026971817016601562,0.009521484375,19,0.23819661140441895,0.02020251750946045,0,0,0
literal,1238,16384,16384,0.5,127404,20,3,8166,8172,8155,8179,1,0.002187013626098633,0.00080108642578125,37,0.03212398290634155,0.0007710456848144531,16373,0,0
literal,1239,16384,16383,0.5,178315,20,7,8161,8167,8150,8174,1,0.0003249645233154297,0.000148773193359375,67,0.005203142762184143,0.007902145385742188,16382,0,0
literal,1239,16384,16383,0.5,178315,21,11,8161,8167,8150,8174,1,0.4774169921875,0.1611328125,1,0.6368274688720703,0.06573486328125,8164,1,1
literal,1239,16384,16383,0.5,178315,22,7,8161,8167,8150,8174,1,0.40467071533203125,0.390625,1,0.9154176712036133,0.010287150740623474,8161,1,1
literal,1239,16384,16383,0.5,178315,18,3,8161,8167,8150,8174,1,0.010709762573242188,0.0038299560546875,37,0.18699240684509277,0.02996826171875,0,0,0
literal,1239,16384,16383,0.5,178315,17,10,8161,8167,8150,8174,1,0.0009818077087402344,0.000213623046875,86,0.10408163070678711,0.00940704345703125,0,0,0
literal,1239,16384,16383,0.5,178315,20,8,8161,8167,8150,8174,1,0.0007098913192749023,0.0003719329833984375,33,0.0025551393628120422,0.0026922225952148438,16381,0,0
literal,1239,16384,16383,0.5,178315,22,0,8161,8167,8150,8174,1,4.939734935760498e-05,1.895427703857422e-05,165,0.000721663236618042,4.789605736732483e-05,16382,0,0
literal,1239,16384,16383,0.5,178315,22,4,8161,8167,8150,8174,1,0.0021905899047851562,0.000743865966796875,24,0.03150808811187744,0.0021567344665527344,16375,0,0
literal,1239,16384,16383,0.5,178315,21,0,8161,8167,8150,8174,1,0.01111602783203125,0.006317138671875,5,0.028611227869987488,0.0039215087890625,0,0,0
literal,1239,16384,16383,0.5,178315,20,6,8161,8167,8150,8174,1,0.0005905628204345703,0.0001926422119140625,73,0.09437704086303711,0.0008728504180908203,0,0,0
literal,1239,16384,16383,0.5,178315,20,9,8161,8167,8150,8174,1,0.01236724853515625,0.0047607421875,8,0.015375746414065361,0.015110015869140625,16381,0,0
literal,1239,16384,16383,0.5,178315,21,3,8161,8167,8150,8174,1,9.211897850036621e-05,5.269050598144531e-05,130,0.00656244158744812,0.0015816688537597656,0,0,0
literal,1239,16384,16383,0.5,178315,21,1,8161,8167,8150,8174,1,0.0007410049438476562,0.0003452301025390625,73,0.0917501449584961,0.0019216537475585938,0,0,0
literal,1239,16384,16383,0.5,178315,21,4,8161,8167,8150,8174,1,0.0038323402404785156,0.00225830078125,25,0.03579215705394745,0.0050716400146484375,16381,0,0
literal,1239,16384,16383,0.5,178315,21,5,8161,8167,8150,8174,1,0.0056705474853515625,0.0025177001953125,31,0.08445024490356445,0.0011854171752929688,0,0,0
literal,1239,16384,16383,0.5,178315,17,3,8161,8167,8150,8174,1,0.00035500526428222656,8.106231689453125e-05,76,0.01761794090270996,0.008419036865234375,16382,0,0
literal,1239,16384,16383,0.5,178315,22,10,8161,8167,8150,8174,1,0.1729736328125,0.043701171875,5,0.5702362060546875,0.0022333860397338867,8167,0,1
literal,1239,16384,16383,0.5,178315,23,4,8161,8167,8150,8174,1,0.013622283935546875,0.005462646484375,20,0.24887844920158386,0.01751708984375,0,0,0
literal,1239,16384,16383,0.5,178315,20,3,8161,8167,8150,8174,1,0.002365589141845703,0.000823974609375,41,0.05353999137878418,0.002033233642578125,16372,0,0
literal,1240,16384,16384,0.5,779361,20,7,8176,8182,8165,8189,1,0.0004150867462158203,0.00017547607421875,57,0.0061483234167099,0.007396697998046875,16383,0,0
literal,1240,16384,16384,0.5,779361,21,11,8176,8182,8165,8189,1,0.556640625,0.1435546875,1,0.6951675415039062,0.0504150390625,8179,1,1
literal,1240,16384,16384,0.5,779361,22,7,8176,8182,8165,8189,1,0.5913498401641846,0.5859375,1,0.9101150035858154,0.017898984253406525,8176,1,1
literal,1240,16384,16384,0.5,779361,18,3,8176,8182,8165,8189,1,0.0067424774169921875,0.0017547607421875,52,0.14954805374145508,0.02780914306640625,0,0,0
literal,1240,16384,16384,0.5,779361,17,10,8176,8182,8165,8189,1,0.0008268356323242188,0.000244140625,86,0.08970165252685547,0.01044464111328125,0,0,0
literal,1240,16384,16384,0.5,779361,20,8,8176,8182,8165,8189,1,0.0005966424942016602,0.0003032684326171875,35,0.0033933930099010468,0.0026979446411132812,16382,0,0
literal,1240,16384,16384,0.5,779361,22,0,8176,8182,8165,8189,1,4.451721906661987e-06,1.0356307029724121e-06,1547,0.000514056533575058,4.0490180253982544e-05,16383,0,0
literal,1240,16384,16384,0.5,779361,22,4,8176,8182,8165,8189,1,0.0005495548248291016,0.000156402587890625,43,0.01738293468952179,0.0012848377227783203,16376,0,0
literal,1240,16384,16384,0.5,779361,21,0,8176,8182,8165,8189,1,0.012599945068359375,0.005645751953125,7,0.030017167329788208,0.00307464599609375,0,0,0
literal,1240,16384,16384,0.5,779361,20,6,8176,8182,8165,8189,1,0.0004290342330932617,0.0001430511474609375,74,0.11139929294586182,0.0007567405700683594,0,0,0
literal,1240,16384,16384,0.5,779361,20,9,8176,8182,8165,8189,1,0.009716033935546875,0.005340576171875,7,0.012734689749777317,0.01082611083984375,16382,0,0
literal,1240,16384,16384,0.5,779361,21,3,8176,8182,8165,8189,1,0.0001386404037475586,6.151199340820312e-05,104,0.006129741668701172,0.0016794204711914062,0,0,0
literal,1240,16384,16384,0.5,779361,21,1,8176,8182,8165,8189,1,0.0006208419799804688,0.000274658203125,78,0.09680843353271484,0.0014538764953613281,0,0,0
literal,1240,16384,16384,0.5,779361,21,4,8176,8182,8165,8189,1,0.004897117614746094,0.002044677734375,28,0.037629544734954834,0.0042552947998046875,16382,0,0
literal,1240,16384,16384,0.5,779361,21,5,8176,8182,8165,8189,1,0.00484466552734375,0.0016021728515625,38,0.07596206665039062,0.0007385015487670898,0,0,0
literal,1240,16384,16384,0.5,779361,17,3,8176,8182,8165,8189,1,0.0005130767822265625,0.00011730194091796875,72,0.016517162322998047,0.007659912109375,16383,0,0
literal,1240,16384,16384,0.5,779361,22,10,8176,8182,8165,8189,1,0.13427734375,0.05712890625,5,0.543631911277771,0.0028382539749145508,0,0,0
literal,1240,16384,16384,0.5,779361,23,4,8176,8182,8165,8189,1,0.015486717224121094,0.013427734375,13,0.24348688125610352,0.008956432342529297,0,0,0
literal,1240,16384,16384,0.5,779361,20,3,8176,8182,8165,8189,1,0.0026769638061523438,0.00160980224609375,31,0.049159228801727295,0.0014667510986328125,16371,0,0
literal,1241,16384,16384,0.5,731022,20,7,8184,8190,8173,8197,1,0.0011353492736816406,0.0005340576171875,37,0.007265985012054443,0.008056640625,16383,0,0
literal,1241,16384,16384,0.5,731022,21,11,8184,8190,8173,8197,1,0.51904296875,0.1357421875,1,0.6743068695068359,0.0491790771484375,8185,1,1
literal,1241,16384,16384,0.5,731022,22,7,8184,8190,8173,8197,1,0.4703676104545593,0.466796875,1,0.8310632109642029,0.02284988760948181,8184,1,1
literal,1241,16384,16384,0.5,731022,18,3,8184,8190,8173,8197,1,0.0067119598388671875,0.0019989013671875,44,0.14370644092559814,0.02362060546875,0,0,0
literal,1241,16384,16384,0.5,731022,17,10,8184,8190,8173,8197,1,0.0009870529174804688,0.00021457672119140625,85,0.0969247817993164,0.01116943359375,0,0,0
literal,1241,16384,16384,0.5,731022,20,8,8184,8190,8173,8197,1,0.001157522201538086,0.0004749298095703125,33,0.004412654787302017,0.0023412704467773438,16383,0,0
literal,1241,16384,16384,0.5,731022,22,0,8184,8190,8173,8197,1,8.180737495422363e-06,5.0067901611328125e-06,423,7.485225796699524e-05,3.655627369880676e-05,16383,0,0
literal,1241,16384,16384,0.5,731022,22,4,8184,8190,8173,8197,1,0.00041806697845458984,0.00013828277587890625,42,0.011269241571426392,0.0009334683418273926,16376,0,0
literal,1241,16384,16384,0.5,731022,21,0,8184,8190,8173,8197,1,0.012451171875,0.005859375,6,0.03080129623413086,0.0043430328369140625,0,0,0
literal,1241,16384,16384,0.5,731022,20,6,8184,8190,8173,8197,1,0.0003819465637207031,0.00011157989501953125,73,0.0931096076965332,0.00047087669372558594,0,0,0
literal,1241,16384,16384,0.5,731022,20,9,8184,8190,8173,8197,1,0.011775970458984375,0.00384521484375,10,0.016490839421749115,0.0164642333984375,16382,0,0
literal,1241,16384,16384,0.5,731022,21,3,8184,8190,8173,8197,1,0.0001659989356994629,6.151199340820312e-05,85,0.007977515459060669,0.0012707710266113281,0,0,0
literal,1241,16384,16384,0.5,731022,21,1,8184,8190,8173,8197,1,0.0005915164947509766,0.000244140625,78,0.10900330543518066,0.0015926361083984375,0,0,0
literal,1241,16384,16384,0.5,731022,21,4,8184,8190,8173,8197,1,0.0039691925048828125,0.00213623046875,28,0.04724997282028198,0.0035839080810546875,16383,0,0
literal,1241,16384,16384,0.5,731022,21,5,8184,8190,8173,8197,1,0.00513458251953125,0.0019073486328125,40,0.08079719543457031,0.0005950927734375,0,0,0
literal,1241,16384,16384,0.5,731022,17,3,8184,8190,8173,8197,1,0.0009522438049316406,0.00023746490478515625,66,0.020025253295898438,0.0087432861328125,16383,0,0
literal,1241,16384,16384,0.5,731022,22,10,8184,8190,8173,8197,1,0.102264404296875,0.041748046875,9,0.515215277671814,0.0020956993103027344,0,0,0
literal,1241,16384,16384,0.5,731022,23,4,8184,8190,8173,8197,1,0.019657135009765625,0.0159912109375,15,0.2277485728263855,0.009983062744140625,0,0,0
literal,1241,16384,16384,0.5,731022,20,3,8184,8190,8173,8197,1,0.0022792816162109375,0.00133514404296875,33,0.04863262176513672,0.0011118650436401367,16383,0,0
alias,101234,16384,16384,0.5,476403,20,7,8176,8182,8161,8189,1,0.0005657672882080078,0.0001850128173828125,63,0.007181346416473389,0.017188549041748047,16383,0,0
alias,101234,16384,16384,0.5,476403,21,11,8176,8182,8161,8189,1,0.6708984375,0.1787109375,1,0.7789392471313477,0.068267822265625,8178,1,1
alias,101234,16384,16384,0.5,476403,22,7,8176,8182,8161,8189,1,0.8847179412841797,0.875,1,0.9783191680908203,0.00429854542016983,8176,1,1
alias,101234,16384,16384,0.5,476403,18,3,8176,8182,8161,8189,1,0.012615203857421875,0.00628662109375,29,0.22707486152648926,0.009792327880859375,0,0,0
alias,101234,16384,16384,0.5,476403,17,10,8176,8182,8161,8189,1,0.0008757114410400391,0.0002765655517578125,95,0.10392403602600098,0.00540924072265625,0,0,0
alias,101234,16384,16384,0.5,476403,20,8,8176,8182,8161,8189,1,0.00038492679595947266,0.0001964569091796875,38,0.001679692417383194,0.0014367103576660156,16382,0,0
alias,101234,16384,16384,0.5,476403,22,0,8176,8182,8161,8189,1,2.1723099052906036e-06,6.780028343200684e-07,2373,0.0005680960603058338,2.8327107429504395e-05,16383,0,0
alias,101234,16384,16384,0.5,476403,22,4,8176,8182,8161,8189,1,0.0021114349365234375,0.000598907470703125,41,0.057003021240234375,0.004299163818359375,16383,0,0
alias,101234,16384,16384,0.5,476403,21,0,8176,8182,8161,8189,1,0.0203704833984375,0.003997802734375,6,0.04397749900817871,0.0015077590942382812,0,0,0
alias,101234,16384,16384,0.5,476403,20,6,8176,8182,8161,8189,1,0.0011730194091796875,0.00042724609375,59,0.1437494456768036,0.0005277395248413086,0,0,0
alias,101234,16384,16384,0.5,476403,20,9,8176,8182,8161,8189,1,0.0010037422180175781,0.0002689361572265625,15,0.0018622390925884247,0.002455472946166992,16382,0,0
alias,101234,16384,16384,0.5,476403,21,3,8176,8182,8161,8189,1,0.0002727508544921875,8.821487426757812e-05,96,0.008723333477973938,0.0019426345825195312,0,0,0
alias,101234,16384,16384,0.5,476403,21,1,8176,8182,8161,8189,1,0.0002808570861816406,5.793571472167969e-05,109,0.06490349769592285,0.0019369125366210938,0,0,0
alias,101234,16384,16384,0.5,476403,21,4,8176,8182,8161,8189,1,0.032257080078125,0.0106201171875,17,0.16040635108947754,0.002917766571044922,16382,0,0
alias,101234,16384,16384,0.5,476403,21,5,8176,8182,8161,8189,1,0.00905609130859375,0.0025177001953125,37,0.1481008529663086,0.0018954277038574219,0,0,0
alias,101234,16384,16384,0.5,476403,17,3,8176,8182,8161,8189,1,0.00066375732421875,0.00018310546875,76,0.015029430389404297,0.007266998291015625,16383,0,0
alias,101234,16384,16384,0.5,476403,22,10,8176,8182,8161,8189,1,0.460205078125,0.17578125,2,0.7981078624725342,0.003111600875854492,8182,0,1
alias,101234,16384,16384,0.5,476403,23,4,8176,8182,8161,8189,1,0.047565460205078125,0.02880859375,8,0.21414488554000854,0.013122081756591797,0,0,0
alias,101234,16384,16384,0.5,476403,20,3,8176,8182,8161,8189,1,0.0002652406692504883,9.775161743164062e-05,72,0.014156997203826904,0.0010181665420532227,16368,0,0
alias,101235,16384,16384,0.5,419257,20,7,8146,8152,8132,8159,1,0.0006835460662841797,0.0002079010009765625,58,0.008268624544143677,0.011250019073486328,16383,0,0
alias,101235,16384,16384,0.5,419257,21,11,8146,8152,8132,8159,1,0.6630859375,0.1748046875,1,0.7900733947753906,0.04941558837890625,8148,1,1
alias,101235,16384,16384,0.5,419257,22,7,8146,8152,8132,8159,1,0.9001646041870117,0.890625,1,0.9773070812225342,0.004888512194156647,8146,1,1
alias,101235,16384,16384,0.5,419257,18,3,8146,8152,8132,8159,1,0.020956039428710938,0.0106201171875,24,0.21125900745391846,0.0115509033203125,16368,0,0
alias,101235,16384,16384,0.5,419257,17,10,8146,8152,8132,8159,1,0.0009107589721679688,0.0002689361572265625,92,0.1250905990600586,0.006000518798828125,0,0,0
alias,101235,16384,16384,0.5,419257,20,8,8146,8152,8132,8159,1,0.00012190639972686768,5.435943603515625e-05,48,0.00044788653030991554,0.0015709400177001953,16382,0,0
alias,101235,16384,16384,0.5,419257,22,0,8146,8152,8132,8159,1,1.7273705452680588e-05,6.079673767089844e-06,450,0.000218171626329422,4.9486756324768066e-05,16383,0,0
alias,101235,16384,16384,0.5,419257,22,4,8146,8152,8132,8159,1,0.003734588623046875,0.0011444091796875,33,0.03704190254211426,0.005359649658203125,16383,0,0
alias,101235,16384,16384,0.5,419257,21,0,8146,8152,8132,8159,1,0.0183563232421875,0.00518798828125,4,0.040125370025634766,0.0009069442749023438,0,0,0
alias,101235,16384,16384,0.5,419257,20,6,8146,8152,8132,8159,1,0.0012621879577636719,0.00042724609375,62,0.12341642379760742,0.001143336296081543,0,0,0
alias,101235,16384,16384,0.5,419257,20,9,8146,8152,8132,8159,1,0.0011806488037109375,0.0002460479736328125,16,0.002285487949848175,0.004192352294921875,16382,0,0
alias,101235,16384,16384,0.5,419257,21,3,8146,8152,8132,8159,1,0.0010172128677368164,0.0003070831298828125,58,0.011013388633728027,0.0019011497497558594,0,0,0
alias,101235,16384,16384,0.5,419257,21,1,8146,8152,8132,8159,1,0.0002875328063964844,6.079673767089844e-05,111,0.06661033630371094,0.0021991729736328125,0,0,0
alias,101235,16384,16384,0.5,419257,21,4,8146,8152,8132,8159,1,0.02620697021484375,0.0086669921875,16,0.09474658966064453,0.0024406909942626953,16382,0,0
alias,101235,16384,16384,0.5,419257,21,5,8146,8152,8132,8159,1,0.008235931396484375,0.0024566650390625,40,0.1558208465576172,0.0016262531280517578,0,0,0
alias,101235,16384,16384,0.5,419257,17,3,8146,8152,8132,8159,1,0.0007758140563964844,0.0002040863037109375,73,0.019098281860351562,0.0070343017578125,16383,0,0
alias,101235,16384,16384,0.5,419257,22,10,8146,8152,8132,8159,1,0.543212890625,0.1904296875,1,0.7923621535301208,0.003919839859008789,8146,1,1
alias,101235,16384,16384,0.5,419257,23,4,8146,8152,8132,8159,1,0.0546112060546875,0.0216064453125,9,0.25284886360168457,0.009523391723632812,0,0,0
alias,101235,16384,16384,0.5,419257,20,3,8146,8152,8132,8159,1,0.00018644332885742188,5.2928924560546875e-05,71,0.014765411615371704,0.0014922618865966797,16369,0,0
alias,101236,16384,16384,0.5,896301,20,7,8226,8232,8212,8239,1,0.0004315376281738281,0.0001277923583984375,64,0.0026814043521881104,0.009312629699707031,16383,0,0
alias,101236,16384,16384,0.5,896301,21,11,8226,8232,8212,8239,1,0.728271484375,0.306640625,1,0.8341197967529297,0.0265655517578125,8228,1,1
alias,101236,16384,16384,0.5,896301,22,7,8226,8232,8212,8239,1,0.8923492431640625,0.87890625,1,0.9700889587402344,0.00219825841486454,8226,1,1
alias,101236,16384,16384,0.5,896301,18,3,8226,8232,8212,8239,1,0.012104034423828125,0.00628662109375,28,0.2052021026611328,0.01190948486328125,16368,0,0
alias,101236,16384,16384,0.5,896301,17,10,8226,8232,8212,8239,1,0.001251220703125,0.0004367828369140625,90,0.11904525756835938,0.0058383941650390625,0,0,0
alias,101236,16384,16384,0.5,896301,20,8,8226,8232,8212,8239,1,0.0002840757369995117,0.00012493133544921875,38,0.0007646214216947556,0.0009551048278808594,16382,0,0
alias,101236,16384,16384,0.5,896301,22,0,8226,8232,8212,8239,1,3.1276140362024307e-06,1.6763806343078613e-06,901,0.0003461840096861124,3.2708048820495605e-05,16383,0,0
alias,101236,16384,16384,0.5,896301,22,4,8226,8232,8212,8239,1,0.009281158447265625,0.0032806396484375,17,0.032021939754486084,0.0028829574584960938,16383,0,0
alias,101236,16384,16384,0.5,896301,21,0,8226,8232,8212,8239,1,0.0223846435546875,0.005157470703125,5,0.0419464111328125,0.001220703125,0,0,0
alias,101236,16384,16384,0.5,896301,20,6,8226,8232,8212,8239,1,0.0014352798461914062,0.000545501708984375,51,0.10194933414459229,0.000624537467956543,0,0,0
alias,101236,16384,16384,0.5,896301,20,9,8226,8232,8212,8239,1,0.0011677742004394531,0.000614166259765625,10,0.001621045172214508,0.0014667510986328125,16382,0,0
alias,101236,16384,16384,0.5,896301,21,3,8226,8232,8212,8239,1,0.0013227462768554688,0.0007171630859375,46,0.015691757202148438,0.0016214847564697266,0,0,0
alias,101236,16384,16384,0.5,896301,21,1,8226,8232,8212,8239,1,0.00047600269317626953,0.00022220611572265625,79,0.09452307224273682,0.0014629364013671875,0,0,0
alias,101236,16384,16384,0.5,896301,21,4,8226,8232,8212,8239,1,0.015899658203125,0.0045166015625,27,0.1126365214586258,0.0017583370208740234,16382,0,0
alias,101236,16384,16384,0.5,896301,21,5,8226,8232,8212,8239,1,0.01043701171875,0.00347900390625,35,0.13182735443115234,0.0008623600006103516,0,0,0
alias,101236,16384,16384,0.5,896301,17,3,8226,8232,8212,8239,1,0.0020284652709960938,0.000705718994140625,51,0.026571273803710938,0.007511138916015625,16383,0,0
alias,101236,16384,16384,0.5,896301,22,10,8226,8232,8212,8239,1,0.53936767578125,0.2197265625,1,0.8056179881095886,0.002213597297668457,8231,1,1
alias,101236,16384,16384,0.5,896301,23,4,8226,8232,8212,8239,1,0.07610321044921875,0.03466796875,6,0.23846471309661865,0.011743545532226562,0,0,0
alias,101236,16384,16384,0.5,896301,20,3,8226,8232,8212,8239,1,0.00020772218704223633,6.818771362304688e-05,73,0.010889343917369843,0.0007812380790710449,16369,0,0
alias,101237,16384,16383,0.5,847571,20,7,8134,8140,8120,8147,1,0.000457763671875,0.0002536773681640625,50,0.004714876413345337,0.010477066040039062,16382,0,0
alias,101237,16384,16383,0.5,847571,21,11,8134,8140,8120,8147,1,0.5677490234375,0.1572265625,2,0.7104959487915039,0.0382537841796875,0,0,0
alias,101237,16384,16383,0.5,847571,22,7,8134,8140,8120,8147,1,0.8929405212402344,0.859375,1,0.9681634902954102,0.002954334020614624,8134,1,1
alias,101237,16384,16383,0.5,847571,18,3,8134,8140,8120,8147,1,0.023328781127929688,0.01385498046875,20,0.285938024520874,0.010753631591796875,16367,0,0
alias,101237,16384,16383,0.5,847571,17,10,8134,8140,8120,8147,1,0.001027822494506836,0.0004062652587890625,90,0.14317679405212402,0.005023956298828125,0,0,0
alias,101237,16384,16383,0.5,847571,20,8,8134,8140,8120,8147,1,0.00011570006608963013,7.009506225585938e-05,41,0.00033275503665208817,0.0012183189392089844,16381,0,0
alias,101237,16384,16383,0.5,847571,22,0,8134,8140,8120,8147,1,2.9066577553749084e-06,1.2293457984924316e-06,1376,0.00019986904226243496,3.9361417293548584e-05,16382,0,0
alias,101237,16384,16383,0.5,847571,22,4,8134,8140,8120,8147,1,0.00411224365234375,0.000896453857421875,34,0.04401952028274536,0.0062885284423828125,16382,0,0
alias,101237,16384,16383,0.5,847571,21,0,8134,8140,8120,8147,1,0.031982421875,0.00738525390625,4,0.059957027435302734,0.0012426376342773438,0,0,0
alias,101237,16384,16383,0.5,847571,20,6,8134,8140,8120,8147,1,0.0006823539733886719,0.00028228759765625,62,0.1502220630645752,0.00039905309677124023,0,0,0
alias,101237,16384,16383,0.5,847571,20,9,8134,8140,8120,8147,1,0.0006737709045410156,0.00017547607421875,11,0.0010173153132200241,0.0009149312973022461,16381,0,0
alias,101237,16384,16383,0.5,847571,21,3,8134,8140,8120,8147,1,0.0018413066864013672,0.001068115234375,45,0.026096224784851074,0.002117156982421875,0,0,0
alias,101237,16384,16383,0.5,847571,21,1,8134,8140,8120,8147,1,0.00030481815338134766,8.296966552734375e-05,91,0.07747924327850342,0.0014743804931640625,0,0,0
alias,101237,16384,16383,0.5,847571,21,4,8134,8140,8120,8147,1,0.02141571044921875,0.010986328125,12,0.09261667728424072,0.002234935760498047,16381,0,0
alias,101237,16384,16383,0.5,847571,21,5,8134,8140,8120,8147,1,0.01190948486328125,0.00579833984375,23,0.13385796546936035,0.0014946460723876953,0,0,0
alias,101237,16384,16383,0.5,847571,17,3,8134,8140,8120,8147,1,0.0006852149963378906,0.00018215179443359375,76,0.020087718963623047,0.0081939697265625,16382,0,0
alias,101237,16384,16383,0.5,847571,22,10,8134,8140,8120,8147,1,0.67083740234375,0.40625,1,0.8498157262802124,0.0018148422241210938,8139,1,1
alias,101237,16384,16383,0.5,847571,23,4,8134,8140,8120,8147,1,0.054470062255859375,0.024169921875,9,0.1970233917236328,0.010958671569824219,0,0,0
alias,101237,16384,16383,0.5,847571,20,3,8134,8140,8120,8147,1,0.00011184811592102051,4.3392181396484375e-05,69,0.009076520800590515,0.0005802810192108154,16368,0,0
alias,101238,16384,16384,0.5,223928,20,7,8196,8202,8181,8209,1,0.0006872415542602539,0.0002593994140625,46,0.0035598278045654297,0.011632919311523438,16383,0,0
alias,101238,16384,16384,0.5,223928,21,11,8196,8202,8181,8209,1,0.705078125,0.1943359375,1,0.8069095611572266,0.0542755126953125,8198,1,1
alias,101238,16384,16384,0.5,223928,22,7,8196,8202,8181,8209,1,0.872028112411499,0.8671875,1,0.9786884784698486,0.0030707567930221558,8196,1,1
alias,101238,16384,16384,0.5,223928,18,3,8196,8202,8181,8209,1,0.015659332275390625,0.00787353515625,27,0.23946261405944824,0.013580322265625,16367,0,0
alias,101238,16384,16384,0.5,223928,17,10,8196,8202,8181,8209,1,0.0007963180541992188,0.000217437744140625,100,0.1111001968383789,0.006591796875,0,0,0
alias,101238,16384,16384,0.5,223928,20,8,8196,8202,8181,8209,1,0.00019943714141845703,0.00012493133544921875,42,0.0009163664653897285,0.0023756027221679688,16382,0,0
alias,101238,16384,16384,0.5,223928,22,0,8196,8202,8181,8209,1,2.989429049193859e-06,2.4586915969848633e-06,854,0.00011563708540052176,5.218386650085449e-05,16383,0,0
alias,101238,16384,16384,0.5,223928,22,4,8196,8202,8181,8209,1,0.006763458251953125,0.002655029296875,24,0.040305376052856445,0.0130157470703125,16383,0,0
alias,101238,16384,16384,0.5,223928,21,0,8196,8202,8181,8209,1,0.0303802490234375,0.009521484375,2,0.057595014572143555,0.0010576248168945312,0,0,0
alias,101238,16384,16384,0.5,223928,20,6,8196,8202,8181,8209,1,0.001621246337890625,0.000885009765625,47,0.10763484239578247,0.0013871192932128906,0,0,0
alias,101238,16384,16384,0.5,223928,20,9,8196,8202,8181,8209,1,0.0006642341613769531,0.00021266937255859375,18,0.0012043379247188568,0.0038385391235351562,16382,0,0
alias,101238,16384,16384,0.5,223928,21,3,8196,8202,8181,8209,1,0.0006248950958251953,0.0001544952392578125,86,0.009926319122314453,0.0023622512817382812,0,0,0
alias,101238,16384,16384,0.5,223928,21,1,8196,8202,8181,8209,1,0.00044345855712890625,0.00011777877807617188,93,0.057045817375183105,0.0016736984252929688,0,0,0
alias,101238,16384,16384,0.5,223928,21,4,8196,8202,8181,8209,1,0.04032135009765625,0.01177978515625,13,0.17361533641815186,0.0035953521728515625,16382,0,0
alias,101238,16384,16384,0.5,223928,21,5,8196,8202,8181,8209,1,0.008953094482421875,0.0023040771484375,41,0.14113759994506836,0.0030841827392578125,0,0,0
alias,101238,16384,16384,0.5,223928,17,3,8196,8202,8181,8209,1,0.0007166862487792969,0.00017070770263671875,79,0.022153377532958984,0.009243011474609375,16383,0,0
alias,101238,16384,16384,0.5,223928,22,10,8196,8202,8181,8209,1,0.5247802734375,0.25,1,0.8347734212875366,0.004871368408203125,8196,1,1
alias,101238,16384,16384,0.5,223928,23,4,8196,8202,8181,8209,1,0.0279998779296875,0.0159912109375,10,0.18168902397155762,0.014804840087890625,0,0,0
alias,101238,16384,16384,0.5,223928,20,3,8196,8202,8181,8209,1,0.0001074671745300293,3.409385681152344e-05,80,0.010055698454380035,0.0008119344711303711,16368,0,0
alias,101239,16384,16384,0.5,548522,20,7,8210,8216,8195,8223,1,0.00023102760314941406,5.793571472167969e-05,126,0.004490077495574951,0.016895771026611328,16383,0,0
alias,101239,16384,16384,0.5,548522,21,11,8210,8216,8195,8223,1,0.4688720703125,0.15625,2,0.6067075729370117,0.1036376953125,0,0,0
alias,101239,16384,16384,0.5,548522,22,7,8210,8216,8195,8223,1,0.8422260284423828,0.83203125,1,0.9659419059753418,0.0037313997745513916,8210,1,1
alias,101239,16384,16384,0.5,548522,18,3,8210,8216,8195,8223,1,0.008497238159179688,0.004730224609375,34,0.23648786544799805,0.018308639526367188,0,0,0
alias,101239,16384,16384,0.5,548522,17,10,8210,8216,8195,8223,1,0.0007834434509277344,0.00017452239990234375,98,0.10401296615600586,0.0058956146240234375,0,0,0
alias,101239,16384,16384,0.5,548522,20,8,8210,8216,8195,8223,1,0.00011420249938964844,6.198883056640625e-05,49,0.0006881281733512878,0.0013729333877563477,16382,0,0
alias,101239,16384,16384,0.5,548522,22,0,8210,8216,8195,8223,1,1.097843050956726e-05,4.76837158203125e-06,501,0.0002861274406313896,3.1441450119018555e-05,16383,0,0
alias,101239,16384,16384,0.5,548522,22,4,8210,8216,8195,8223,1,0.0051116943359375,0.00113677978515625,40,0.037420034408569336,0.008264541625976562,16383,0,0
alias,101239,16384,16384,0.5,548522,21,0,8210,8216,8195,8223,1,0.01519012451171875,0.0035858154296875,6,0.03876090049743652,0.0018086433410644531,0,0,0
alias,101239,16384,16384,0.5,548522,20,6,8210,8216,8195,8223,1,0.0004379749298095703,0.00021076202392578125,71,0.08716034889221191,0.0007733404636383057,0,0,0
alias,101239,16384,16384,0.5,548522,20,9,8210,8216,8195,8223,1,0.00046539306640625,0.0001277923583984375,20,0.001249193213880062,0.0027103424072265625,16382,0,0
alias,101239,16384,16384,0.5,548522,21,3,8210,8216,8195,8223,1,0.0006000995635986328,0.00020694732666015625,73,0.010402113199234009,0.0022974014282226562,0,0,0
alias,101239,16384,16384,0.5,548522,21,1,8210,8216,8195,8223,1,0.00029015541076660156,8.96453857421875e-05,105,0.06810545921325684,0.0019588470458984375,0,0,0
alias,101239,16384,16384,0.5,548522,21,4,8210,8216,8195,8223,1,0.015777587890625,0.0069580078125,19,0.08853566646575928,0.003979206085205078,16382,0,0
alias,101239,16384,16384,0.5,548522,21,5,8210,8216,8195,8223,1,0.00550079345703125,0.0014190673828125,52,0.11528730392456055,0.0028116703033447266,0,0,0
alias,101239,16384,16384,0.5,548522,17,3,8210,8216,8195,8223,1,0.0006208419799804688,0.00020503997802734375,74,0.021408557891845703,0.009107589721679688,16383,0,0
alias,101239,16384,16384,0.5,548522,22,10,8210,8216,8195,8223,1,0.380126953125,0.1650390625,1,0.705542266368866,0.005811572074890137,8210,1,1
alias,101239,16384,16384,0.5,548522,23,4,8210,8216,8195,8223,1,0.021640777587890625,0.014404296875,11,0.1836385726928711,0.014263153076171875,0,0,0
alias,101239,16384,16384,0.5,548522,20,3,8210,8216,8195,8223,1,0.0001436471939086914,3.743171691894531e-05,79,0.014360204339027405,0.00038695335388183594,16368,0,0
alias,101240,16384,16383,0.5,890717,20,7,8156,8162,8142,8169,1,0.002138853073120117,0.000858306884765625,37,0.005158126354217529,0.01337432861328125,16382,0,0
alias,101240,16384,16383,0.5,890717,21,11,8156,8162,8142,8169,1,0.685546875,0.2158203125,1,0.8060674667358398,0.0341339111328125,8158,1,1
alias,101240,16384,16383,0.5,890717,22,7,8156,8162,8142,8169,1,0.9126663208007812,0.8984375,1,0.9797689914703369,0.0016026571393013,8156,1,1
alias,101240,16384,16383,0.5,890717,18,3,8156,8162,8142,8169,1,0.016941070556640625,0.01025390625,25,0.22882509231567383,0.014614105224609375,16367,0,0
alias,101240,16384,16383,0.5,890717,17,10,8156,8162,8142,8169,1,0.0006871223449707031,0.000263214111328125,92,0.1159062385559082,0.006168365478515625,0,0,0
alias,101240,16384,16383,0.5,890717,20,8,8156,8162,8142,8169,1,0.00017039477825164795,9.632110595703125e-05,44,0.0005471156910061836,0.0009959936141967773,16381,0,0
alias,101240,16384,16383,0.5,890717,22,0,8156,8162,8142,8169,1,5.468027666211128e-06,2.5331974029541016e-06,648,0.0006452158559113741,3.713741898536682e-05,16382,0,0
alias,101240,16384,16383,0.5,890717,22,4,8156,8162,8142,8169,1,0.0022554397583007812,0.0006256103515625,39,0.06029123067855835,0.0044422149658203125,16382,0,0
alias,101240,16384,16383,0.5,890717,21,0,8156,8162,8142,8169,1,0.01660919189453125,0.004669189453125,7,0.03396737575531006,0.0013051033020019531,0,0,0
alias,101240,16384,16383,0.5,890717,20,6,8156,8162,8142,8169,1,0.0016071796417236328,0.0006103515625,50,0.14038622379302979,0.0004762411117553711,0,0,0
alias,101240,16384,16383,0.5,890717,20,9,8156,8162,8142,8169,1,0.0024580955505371094,0.00128173828125,8,0.003159310668706894,0.002305269241333008,16381,0,0
alias,101240,16384,16383,0.5,890717,21,3,8156,8162,8142,8169,1,0.0004017353057861328,0.00022983551025390625,68,0.013567894697189331,0.0018491744995117188,0,0,0
alias,101240,16384,16383,0.5,890717,21,1,8156,8162,8142,8169,1,0.0004992485046386719,0.00021076202392578125,85,0.0769960880279541,0.0012841224670410156,0,0,0
alias,101240,16384,16383,0.5,890717,21,4,8156,8162,8142,8169,1,0.014678955078125,0.00482177734375,25,0.09800443053245544,0.0023946762084960938,16381,0,0
alias,101240,16384,16383,0.5,890717,21,5,8156,8162,8142,8169,1,0.00844573974609375,0.002685546875,41,0.13382387161254883,0.0012407302856445312,0,0,0
alias,101240,16384,16383,0.5,890717,17,3,8156,8162,8142,8169,1,0.0005121231079101562,0.00020599365234375,72,0.018830299377441406,0.00740814208984375,16382,0,0
alias,101240,16384,16383,0.5,890717,22,10,8156,8162,8142,8169,1,0.6143798828125,0.2119140625,1,0.8394304513931274,0.0016179084777832031,8156,1,1
alias,101240,16384,16383,0.5,890717,23,4,8156,8162,8142,8169,1,0.082794189453125,0.031982421875,7,0.25118082761764526,0.011643558740615845,0,0,0
alias,101240,16384,16383,0.5,890717,20,3,8156,8162,8142,8169,1,0.0001042783260345459,4.601478576660156e-05,75,0.009956926107406616,0.0006377100944519043,16368,0,0
alias,101241,16384,16384,0.5,184514,20,7,8175,8181,8161,8188,1,0.0005303621292114258,0.0002079010009765625,56,0.005245625972747803,0.012826919555664062,16383,0,0
alias,101241,16384,16384,0.5,184514,21,11,8175,8181,8161,8188,1,0.6038818359375,0.177734375,1,0.744450569152832,0.06536865234375,8177,1,1
alias,101241,16384,16384,0.5,184514,22,7,8175,8181,8161,8188,1,0.8895230293273926,0.87109375,1,0.9828324317932129,0.0012498199939727783,8175,1,1
alias,101241,16384,16384,0.5,184514,18,3,8175,8181,8161,8188,1,0.011031150817871094,0.003326416015625,36,0.18826508522033691,0.013065338134765625,16368,0,0
alias,101241,16384,16384,0.5,184514,17,10,8175,8181,8161,8188,1,0.000957489013671875,0.00026702880859375,93,0.10223007202148438,0.0065765380859375,0,0,0
alias,101241,16384,16384,0.5,184514,20,8,8175,8181,8161,8188,1,0.0002827197313308716,0.00018024444580078125,36,0.0012459708377718925,0.0013132095336914062,16382,0,0
alias,101241,16384,16384,0.5,184514,22,0,8175,8181,8161,8188,1,2.2337771952152252e-06,5.364418029785156e-07,2776,0.0005613774992525578,5.4195523262023926e-05,16383,0,0
alias,101241,16384,16384,0.5,184514,22,4,8175,8181,8161,8188,1,0.0037384033203125,0.00112152099609375,32,0.048407673835754395,0.004665374755859375,16383,0,0
alias,101241,16384,16384,0.5,184514,21,0,8175,8181,8161,8188,1,0.01128387451171875,0.004608154296875,4,0.025739312171936035,0.00113677978515625,0,0,0
alias,101241,16384,16384,0.5,184514,20,6,8175,8181,8161,8188,1,0.0011429786682128906,0.000614166259765625,55,0.1510457992553711,0.0006265640258789062,0,0,0
alias,101241,16384,16384,0.5,184514,20,9,8175,8181,8161,8188,1,0.0008080005645751953,0.0002574920654296875,15,0.0018695127218961716,0.0028629302978515625,16382,0,0
alias,101241,16384,16384,0.5,184514,21,3,8175,8181,8161,8188,1,0.00021979212760925293,9.298324584960938e-05,89,0.00781017541885376,0.002308368682861328,0,0,0
alias,101241,16384,16384,0.5,184514,21,1,8175,8181,8161,8188,1,0.00025784969329833984,5.555152893066406e-05,116,0.05242335796356201,0.0020284652709960938,0,0,0
alias,101241,16384,16384,0.5,184514,21,4,8175,8181,8161,8188,1,0.01398468017578125,0.00445556640625,27,0.10161244869232178,0.0031328201293945312,16382,0,0
alias,101241,16384,16384,0.5,184514,21,5,8175,8181,8161,8188,1,0.0065765380859375,0.00165557861328125,47,0.1551656723022461,0.0020127296447753906,0,0,0
alias,101241,16384,16384,0.5,184514,17,3,8175,8181,8161,8188,1,0.0006420612335205078,0.00014781951904296875,75,0.014763116836547852,0.010929107666015625,16383,0,0
alias,101241,16384,16384,0.5,184514,22,10,8175,8181,8161,8188,1,0.420654296875,0.1455078125,2,0.7550734877586365,0.003904581069946289,8181,0,1
alias,101241,16384,16384,0.5,184514,23,4,8175,8181,8161,8188,1,0.02691650390625,0.01123046875,14,0.18862628936767578,0.018575668334960938,0,0,0
alias,101241,16384,16384,0.5,184514,20,3,8175,8181,8161,8188,1,0.00031244754791259766,0.00011587142944335938,68,0.019786477088928223,0.0007491111755371094,16369,0,0
paraphrase,201234,16384,16384,0.5,193786,20,7,8208,8214,8191,8221,1,0.0005806088447570801,0.00020885467529296875,65,0.011445790529251099,0.01432037353515625,16383,0,0
paraphrase,201234,16384,16384,0.5,193786,21,11,8208,8214,8191,8221,1,0.26287841796875,0.1337890625,2,0.37465623021125793,0.20013427734375,0,0,0
paraphrase,201234,16384,16384,0.5,193786,22,7,8208,8214,8191,8221,1,0.6795415878295898,0.58984375,1,0.8720276355743408,0.03694629669189453,8208,1,1
paraphrase,201234,16384,16384,0.5,193786,18,3,8208,8214,8191,8221,1,0.009006500244140625,0.0034332275390625,39,0.2295236587524414,0.0261383056640625,16376,0,0
paraphrase,201234,16384,16384,0.5,193786,17,10,8208,8214,8191,8221,1,0.0014715194702148438,0.00032806396484375,88,0.1238851547241211,0.0084686279296875,0,0,0
paraphrase,201234,16384,16384,0.5,193786,20,8,8208,8214,8191,8221,1,0.00014932453632354736,0.00010013580322265625,39,0.001312310341745615,0.002429962158203125,16372,0,0
paraphrase,201234,16384,16384,0.5,193786,22,0,8208,8214,8191,8221,1,3.0338764190673828e-05,1.1265277862548828e-05,300,0.0004869680851697922,0.00013361871242523193,16383,0,0
paraphrase,201234,16384,16384,0.5,193786,22,4,8208,8214,8191,8221,1,0.013174057006835938,0.003997802734375,23,0.07342922687530518,0.031215667724609375,16383,0,0
paraphrase,201234,16384,16384,0.5,193786,21,0,8208,8214,8191,8221,1,0.013031005859375,0.006378173828125,3,0.04384732246398926,0.0036144256591796875,0,0,0
paraphrase,201234,16384,16384,0.5,193786,20,6,8208,8214,8191,8221,1,0.0015649795532226562,0.00054168701171875,59,0.0706101655960083,0.0026426315307617188,16382,0,0
paraphrase,201234,16384,16384,0.5,193786,20,9,8208,8214,8191,8221,1,0.0044651031494140625,0.0020599365234375,14,0.007479671388864517,0.01084136962890625,16382,0,0
paraphrase,201234,16384,16384,0.5,193786,21,3,8208,8214,8191,8221,1,0.000431060791015625,0.000164031982421875,122,0.014678001403808594,0.008419036865234375,0,0,0
paraphrase,201234,16384,16384,0.5,193786,21,1,8208,8214,8191,8221,1,0.0008025169372558594,0.0003643035888671875,75,0.07298433780670166,0.006962776184082031,0,0,0
paraphrase,201234,16384,16384,0.5,193786,21,4,8208,8214,8191,8221,1,0.013202667236328125,0.006011962890625,19,0.1908719539642334,0.014251708984375,16372,0,0
paraphrase,201234,16384,16384,0.5,193786,21,5,8208,8214,8191,8221,1,0.0184326171875,0.006500244140625,24,0.10222101211547852,0.0030670166015625,0,0,0
paraphrase,201234,16384,16384,0.5,193786,17,3,8208,8214,8191,8221,1,0.0009768009185791016,0.0004405975341796875,54,0.016056537628173828,0.01808929443359375,16383,0,0
paraphrase,201234,16384,16384,0.5,193786,22,10,8208,8214,8191,8221,1,0.2569580078125,0.07080078125,6,0.572858452796936,0.013599395751953125,0,0,0
paraphrase,201234,16384,16384,0.5,193786,23,4,8208,8214,8191,8221,1,0.0273284912109375,0.00994873046875,17,0.17444485425949097,0.057659149169921875,0,0,0
paraphrase,201234,16384,16384,0.5,193786,20,3,8208,8214,8191,8221,1,0.0012989044189453125,0.000400543212890625,21,0.007300935685634613,0.0004899501800537109,16372,0,0
paraphrase,201235,16384,16384,0.5,207278,20,7,8162,8168,8145,8175,1,0.0006384849548339844,0.0003070831298828125,53,0.011857151985168457,0.01277923583984375,16383,0,0
paraphrase,201235,16384,16384,0.5,207278,21,11,8162,8168,8145,8175,1,0.37890625,0.181640625,1,0.5246267318725586,0.139434814453125,8167,1,1
paraphrase,201235,16384,16384,0.5,207278,22,7,8162,8168,8145,8175,1,0.45436763763427734,0.365234375,1,0.8485152721405029,0.01690465211868286,8162,1,1
paraphrase,201235,16384,16384,0.5,207278,18,3,8162,8168,8145,8175,1,0.017316818237304688,0.00830078125,25,0.2344658374786377,0.01236724853515625,16376,0,0
paraphrase,201235,16384,16384,0.5,207278,17,10,8162,8168,8145,8175,1,0.0017547607421875,0.000537872314453125,82,0.14039134979248047,0.009731292724609375,0,0,0
paraphrase,201235,16384,16384,0.5,207278,20,8,8162,8168,8145,8175,1,0.00012668967247009277,4.792213439941406e-05,49,0.001064737793058157,0.0016031265258789062,16372,0,0
paraphrase,201235,16384,16384,0.5,207278,22,0,8162,8168,8145,8175,1,7.13542103767395e-05,2.849102020263672e-05,148,0.0005359277129173279,0.0001426059752702713,16383,0,0
paraphrase,201235,16384,16384,0.5,207278,22,4,8162,8168,8145,8175,1,0.018798828125,0.01123046875,12,0.09109854698181152,0.017717361450195312,16383,0,0
paraphrase,201235,16384,16384,0.5,207278,21,0,8162,8168,8145,8175,1,0.009979248046875,0.005340576171875,3,0.03680312633514404,0.0013914108276367188,0,0,0
paraphrase,201235,16384,16384,0.5,207278,20,6,8162,8168,8145,8175,1,0.001544952392578125,0.0004711151123046875,61,0.09171700477600098,0.0019998550415039062,16382,0,0
paraphrase,201235,16384,16384,0.5,207278,20,9,8162,8168,8145,8175,1,0.0061283111572265625,0.00262451171875,12,0.010903539136052132,0.004597663879394531,16382,0,0
paraphrase,201235,16384,16384,0.5,207278,21,3,8162,8168,8145,8175,1,0.00017875432968139648,8.821487426757812e-05,164,0.014850318431854248,0.00675201416015625,0,0,0
paraphrase,201235,16384,16384,0.5,207278,21,1,8162,8168,8145,8175,1,0.0006788969039916992,0.00052642822265625,66,0.06275761127471924,0.0051441192626953125,0,0,0
paraphrase,201235,16384,16384,0.5,207278,21,4,8162,8168,8145,8175,1,0.0147857666015625,0.01019287109375,17,0.1350054144859314,0.0113983154296875,16382,0,0
paraphrase,201235,16384,16384,0.5,207278,21,5,8162,8168,8145,8175,1,0.013362884521484375,0.004608154296875,28,0.11059808731079102,0.0021772384643554688,0,0,0
paraphrase,201235,16384,16384,0.5,207278,17,3,8162,8168,8145,8175,1,0.0004971027374267578,0.0002498626708984375,56,0.012318849563598633,0.015056610107421875,16383,0,0
paraphrase,201235,16384,16384,0.5,207278,22,10,8162,8168,8145,8175,1,0.286865234375,0.0634765625,5,0.5599647164344788,0.0052967071533203125,0,0,0
paraphrase,201235,16384,16384,0.5,207278,23,4,8162,8168,8145,8175,1,0.022365570068359375,0.009521484375,17,0.19712400436401367,0.04645538330078125,0,0,0
paraphrase,201235,16384,16384,0.5,207278,20,3,8162,8168,8145,8175,1,0.0003714561462402344,9.489059448242188e-05,36,0.005754254758358002,0.00035321712493896484,16369,0,0
paraphrase,201236,16384,16384,0.5,331504,20,7,8186,8192,8169,8199,1,0.0043430328369140625,0.001922607421875,20,0.014982908964157104,0.0095367431640625,16383,0,0
paraphrase,201236,16384,16384,0.5,331504,21,11,8186,8192,8169,8199,1,0.403076171875,0.11865234375,2,0.5003343820571899,0.15228271484375,0,0,0
paraphrase,201236,16384,16384,0.5,331504,22,7,8186,8192,8169,8199,1,0.6342315673828125,0.58203125,1,0.8992681503295898,0.017482712864875793,8186,1,1
paraphrase,201236,16384,16384,0.5,331504,18,3,8186,8192,8169,8199,1,0.0081634521484375,0.002532958984375,44,0.20132136344909668,0.010911941528320312,16376,0,0
paraphrase,201236,16384,16384,0.5,331504,17,10,8186,8192,8169,8199,1,0.00136566162109375,0.0004482269287109375,85,0.12181854248046875,0.009246826171875,0,0,0
paraphrase,201236,16384,16384,0.5,331504,20,8,8186,8192,8169,8199,1,0.00020968914031982422,7.486343383789062e-05,44,0.002752062864601612,0.0033826828002929688,16372,0,0
paraphrase,201236,16384,16384,0.5,331504,22,0,8186,8192,8169,8199,1,3.0177179723978043e-06,2.2351741790771484e-06,1344,0.00048437737859785557,0.00020053982734680176,16383,0,0
paraphrase,201236,16384,16384,0.5,331504,22,4,8186,8192,8169,8199,1,0.0046062469482421875,0.0020599365234375,25,0.07605528831481934,0.017062664031982422,0,0,0
paraphrase,201236,16384,16384,0.5,331504,21,0,8186,8192,8169,8199,1,0.0088958740234375,0.00433349609375,3,0.03083246946334839,0.00182342529296875,0,0,0
paraphrase,201236,16384,16384,0.5,331504,20,6,8186,8192,8169,8199,1,0.0020389556884765625,0.0004405975341796875,64,0.06817638874053955,0.0034799575805664062,16382,0,0
paraphrase,201236,16384,16384,0.5,331504,20,9,8186,8192,8169,8199,1,0.011020660400390625,0.00372314453125,10,0.015543533489108086,0.007209300994873047,16382,0,0
paraphrase,201236,16384,16384,0.5,331504,21,3,8186,8192,8169,8199,1,0.00020503997802734375,7.82012939453125e-05,220,0.009111166000366211,0.009975433349609375,0,0,0
paraphrase,201236,16384,16384,0.5,331504,21,1,8186,8192,8169,8199,1,0.001407623291015625,0.0010223388671875,52,0.06377363204956055,0.006866455078125,0,0,0
paraphrase,201236,16384,16384,0.5,331504,21,4,8186,8192,8169,8199,1,0.015003204345703125,0.004150390625,23,0.17873328924179077,0.014562606811523438,16382,0,0
paraphrase,201236,16384,16384,0.5,331504,21,5,8186,8192,8169,8199,1,0.020904541015625,0.005096435546875,27,0.10645508766174316,0.003681182861328125,0,0,0
paraphrase,201236,16384,16384,0.5,331504,17,3,8186,8192,8169,8199,1,0.00080108642578125,0.0002765655517578125,59,0.013405561447143555,0.010082244873046875,16383,0,0
paraphrase,201236,16384,16384,0.5,331504,22,10,8186,8192,8169,8199,1,0.228759765625,0.050048828125,7,0.5270084142684937,0.00690460205078125,0,0,0
paraphrase,201236,16384,16384,0.5,331504,23,4,8186,8192,8169,8199,1,0.01514434814453125,0.00885009765625,18,0.17717432975769043,0.04691123962402344,0,0,0
paraphrase,201236,16384,16384,0.5,331504,20,3,8186,8192,8169,8199,1,0.0010142326354980469,0.0004425048828125,19,0.00689392164349556,0.0003985166549682617,16369,0,0
paraphrase,201237,16384,16384,0.5,888821,20,7,8166,8172,8149,8179,1,0.0011043548583984375,0.00057220458984375,39,0.0071256160736083984,0.01158905029296875,16383,0,0
paraphrase,201237,16384,16384,0.5,888821,21,11,8166,8172,8149,8179,1,0.379638671875,0.095703125,2,0.4882775843143463,0.10992431640625,0,0,0
paraphrase,201237,16384,16384,0.5,888821,22,7,8166,8172,8149,8179,1,0.6803550720214844,0.6015625,1,0.8907475471496582,0.01333165168762207,8166,1,1
paraphrase,201237,16384,16384,0.5,888821,18,3,8166,8172,8149,8179,1,0.010532379150390625,0.004547119140625,31,0.2224026918411255,0.009204864501953125,16376,0,0
paraphrase,201237,16384,16384,0.5,888821,17,10,8166,8172,8149,8179,1,0.0021162033081054688,0.000553131103515625,83,0.1283578872680664,0.01102447509765625,0,0,0
paraphrase,201237,16384,16384,0.5,888821,20,8,8166,8172,8149,8179,1,0.00011730939149856567,5.221366882324219e-05,44,0.0011464013950899243,0.0025682449340820312,16372,0,0
paraphrase,201237,16384,16384,0.5,888821,22,0,8166,8172,8149,8179,1,9.223818778991699e-05,3.4332275390625e-05,97,0.00027975067496299744,8.265301585197449e-05,16383,0,0
paraphrase,201237,16384,16384,0.5,888821,22,4,8166,8172,8149,8179,1,0.01357269287109375,0.004486083984375,15,0.07389217615127563,0.015006065368652344,16383,0,0
paraphrase,201237,16384,16384,0.5,888821,21,0,8166,8172,8149,8179,1,0.007076263427734375,0.002044677734375,16,0.030742555856704712,0.0013437271118164062,0,0,0
paraphrase,201237,16384,16384,0.5,888821,20,6,8166,8172,8149,8179,1,0.0012078285217285156,0.0004730224609375,65,0.08694052696228027,0.004006385803222656,16382,0,0
paraphrase,201237,16384,16384,0.5,888821,20,9,8166,8172,8149,8179,1,0.012004852294921875,0.00439453125,10,0.015976401045918465,0.009061813354492188,16382,0,0
paraphrase,201237,16384,16384,0.5,888821,21,3,8166,8172,8149,8179,1,0.00015884637832641602,5.650520324707031e-05,264,0.01141345500946045,0.005748748779296875,0,0,0
paraphrase,201237,16384,16384,0.5,888821,21,1,8166,8172,8149,8179,1,0.0008393526077270508,0.000606536865234375,65,0.06977951526641846,0.003928184509277344,0,0,0
paraphrase,201237,16384,16384,0.5,888821,21,4,8166,8172,8149,8179,1,0.01197052001953125,0.004150390625,22,0.11140096187591553,0.009639739990234375,16382,0,0
paraphrase,201237,16384,16384,0.5,888821,21,5,8166,8172,8149,8179,1,0.0262603759765625,0.010986328125,16,0.11268901824951172,0.002193450927734375,0,0,0
paraphrase,201237,16384,16384,0.5,888821,17,3,8166,8172,8149,8179,1,0.0006651878356933594,0.000179290771484375,63,0.012784838676452637,0.01313018798828125,16383,0,0
paraphrase,201237,16384,16384,0.5,888821,22,10,8166,8172,8149,8179,1,0.2889404296875,0.087890625,2,0.5493826270103455,0.007959365844726562,0,0,0
paraphrase,201237,16384,16384,0.5,888821,23,4,8166,8172,8149,8179,1,0.03003692626953125,0.0126953125,17,0.16824930906295776,0.03151702880859375,0,0,0
paraphrase,201237,16384,16384,0.5,888821,20,3,8166,8172,8149,8179,1,0.0014521479606628418,0.00048828125,18,0.008744962513446808,0.0005096197128295898,16369,0,0
paraphrase,201238,16384,16384,0.5,987809,20,7,8200,8206,8183,8213,1,0.0010218620300292969,0.000705718994140625,37,0.008125737309455872,0.010211944580078125,16383,0,0
paraphrase,201238,16384,16384,0.5,987809,21,11,8200,8206,8183,8213,1,0.48828125,0.1689453125,1,0.5612263679504395,0.07038116455078125,8205,1,1
paraphrase,201238,16384,16384,0.5,987809,22,7,8200,8206,8183,8213,1,0.68798828125,0.5234375,1,0.8747256994247437,0.01264190673828125,8200,1,1
paraphrase,201238,16384,16384,0.5,987809,18,3,8200,8206,8183,8213,1,0.00836944580078125,0.003936767578125,36,0.21471834182739258,0.00762176513671875,16376,0,0
paraphrase,201238,16384,16384,0.5,987809,17,10,8200,8206,8183,8213,1,0.0016336441040039062,0.0004863739013671875,83,0.1201314926147461,0.008152008056640625,0,0,0
paraphrase,201238,16384,16384,0.5,987809,20,8,8200,8206,8183,8213,1,6.67870044708252e-05,3.0159950256347656e-05,51,0.001493990421295166,0.003506183624267578,16372,0,0
paraphrase,201238,16384,16384,0.5,987809,22,0,8200,8206,8183,8213,1,7.294118404388428e-06,2.8908252716064453e-06,966,0.00010268343612551689,8.437782526016235e-05,16383,0,0
paraphrase,201238,16384,16384,0.5,987809,22,4,8200,8206,8183,8213,1,0.009926795959472656,0.00445556640625,18,0.04553043842315674,0.0188140869140625,16383,0,0
paraphrase,201238,16384,16384,0.5,987809,21,0,8200,8206,8183,8213,1,0.011627197265625,0.003265380859375,7,0.03975701332092285,0.0011644363403320312,0,0,0
paraphrase,201238,16384,16384,0.5,987809,20,6,8200,8206,8183,8213,1,0.001918792724609375,0.0005340576171875,64,0.05374234914779663,0.005135536193847656,16382,0,0
paraphrase,201238,16384,16384,0.5,987809,20,9,8200,8206,8183,8213,1,0.013975143432617188,0.006622314453125,9,0.01841282658278942,0.008667945861816406,16382,0,0
paraphrase,201238,16384,16384,0.5,987809,21,3,8200,8206,8183,8213,1,0.00023925304412841797,7.581710815429688e-05,236,0.009385436773300171,0.0063037872314453125,0,0,0
paraphrase,201238,16384,16384,0.5,987809,21,1,8200,8206,8183,8213,1,0.0014786720275878906,0.000762939453125,59,0.07117795944213867,0.004132270812988281,0,0,0
paraphrase,201238,16384,16384,0.5,987809,21,4,8200,8206,8183,8213,1,0.008350372314453125,0.0030975341796875,28,0.104952871799469,0.007947921752929688,16382,0,0
paraphrase,201238,16384,16384,0.5,987809,21,5,8200,8206,8183,8213,1,0.025115966796875,0.005859375,26,0.08581137657165527,0.001922607421875,0,0,0
paraphrase,201238,16384,16384,0.5,987809,17,3,8200,8206,8183,8213,1,0.0015087127685546875,0.00054931640625,48,0.014735937118530273,0.010746002197265625,16383,0,0
paraphrase,201238,16384,16384,0.5,987809,22,10,8200,8206,8183,8213,1,0.20263671875,0.04638671875,7,0.4635623097419739,0.007221221923828125,0,0,0
paraphrase,201238,16384,16384,0.5,987809,23,4,8200,8206,8183,8213,1,0.04284477233886719,0.0174560546875,10,0.1863114833831787,0.0185089111328125,0,0,0
paraphrase,201238,16384,16384,0.5,987809,20,3,8200,8206,8183,8213,1,0.0009631514549255371,0.000499725341796875,22,0.007890187203884125,0.0007686614990234375,16372,0,0
paraphrase,201239,16384,16384,0.5,845811,20,7,8248,8254,8231,8261,1,0.002269268035888672,0.0009765625,36,0.011636674404144287,0.01042938232421875,16383,0,0
paraphrase,201239,16384,16384,0.5,845811,21,11,8248,8254,8231,8261,1,0.368896484375,0.1181640625,2,0.4912891685962677,0.089508056640625,0,0,0
paraphrase,201239,16384,16384,0.5,845811,22,7,8248,8254,8231,8261,1,0.61181640625,0.58203125,1,0.8790650367736816,0.010830402374267578,8248,1,1
paraphrase,201239,16384,16384,0.5,845811,18,3,8248,8254,8231,8261,1,0.014461517333984375,0.0059814453125,28,0.24528789520263672,0.0145263671875,16376,0,0
paraphrase,201239,16384,16384,0.5,845811,17,10,8248,8254,8231,8261,1,0.00185394287109375,0.0004177093505859375,89,0.11748695373535156,0.00821685791015625,0,0,0
paraphrase,201239,16384,16384,0.5,845811,20,8,8248,8254,8231,8261,1,0.0003839731216430664,0.0002346038818359375,34,0.0017747567035257816,0.0042724609375,16372,0,0
paraphrase,201239,16384,16384,0.5,845811,22,0,8248,8254,8231,8261,1,3.2889656722545624e-06,1.773238182067871e-06,1377,0.0004873969592154026,7.621012628078461e-05,16383,0,0
paraphrase,201239,16384,16384,0.5,845811,22,4,8248,8254,8231,8261,1,0.008083343505859375,0.0033721923828125,21,0.06363284587860107,0.010405540466308594,16383,0,0
paraphrase,201239,16384,16384,0.5,845811,21,0,8248,8254,8231,8261,1,0.009227752685546875,0.002685546875,13,0.0356878936290741,0.0014324188232421875,0,0,0
paraphrase,201239,16384,16384,0.5,845811,20,6,8248,8254,8231,8261,1,0.0026979446411132812,0.000797271728515625,57,0.08861875534057617,0.0044708251953125,16382,0,0
paraphrase,201239,16384,16384,0.5,845811,20,9,8248,8254,8231,8261,1,0.014249801635742188,0.00445556640625,11,0.020290391519665718,0.006740570068359375,16382,0,0
paraphrase,201239,16384,16384,0.5,845811,21,3,8248,8254,8231,8261,1,0.0001767873764038086,7.43865966796875e-05,264,0.01861017942428589,0.006816864013671875,0,0,0
paraphrase,201239,16384,16384,0.5,845811,21,1,8248,8254,8231,8261,1,0.0018787384033203125,0.00107574462890625,48,0.08229947090148926,0.0035409927368164062,0,0,0
paraphrase,201239,16384,16384,0.5,845811,21,4,8248,8254,8231,8261,1,0.01253509521484375,0.0030059814453125,31,0.16754436492919922,0.01175689697265625,16382,0,0
paraphrase,201239,16384,16384,0.5,845811,21,5,8248,8254,8231,8261,1,0.02020263671875,0.00579833984375,24,0.11061859130859375,0.0017595291137695312,0,0,0
paraphrase,201239,16384,16384,0.5,845811,17,3,8248,8254,8231,8261,1,0.0018243789672851562,0.0006256103515625,43,0.017147541046142578,0.010982513427734375,16383,0,0
paraphrase,201239,16384,16384,0.5,845811,22,10,8248,8254,8231,8261,1,0.1845703125,0.0556640625,6,0.5284209251403809,0.009555816650390625,0,0,0
paraphrase,201239,16384,16384,0.5,845811,23,4,8248,8254,8231,8261,1,0.021724462509155273,0.01025390625,17,0.20027309656143188,0.024353981018066406,0,0,0
paraphrase,201239,16384,16384,0.5,845811,20,3,8248,8254,8231,8261,1,0.001222848892211914,0.000675201416015625,22,0.012393616139888763,0.00047981739044189453,16369,0,0
paraphrase,201240,16384,16384,0.5,825220,20,7,8114,8120,8097,8127,1,0.0015767812728881836,0.0005645751953125,43,0.01061990112066269,0.0093231201171875,16383,0,0
paraphrase,201240,16384,16384,0.5,825220,21,11,8114,8120,8097,8127,1,0.319091796875,0.0732421875,2,0.44280290603637695,0.106781005859375,0,0,0
paraphrase,201240,16384,16384,0.5,825220,22,7,8114,8120,8097,8127,1,0.6417598724365234,0.62890625,1,0.8502278327941895,0.016568273305892944,8114,1,1
paraphrase,201240,16384,16384,0.5,825220,18,3,8114,8120,8097,8127,1,0.0137939453125,0.005523681640625,28,0.19562149047851562,0.01346588134765625,16376,0,0
paraphrase,201240,16384,16384,0.5,825220,17,10,8114,8120,8097,8127,1,0.00240325927734375,0.00075531005859375,77,0.15721797943115234,0.008747100830078125,0,0,0
paraphrase,201240,16384,16384,0.5,825220,20,8,8114,8120,8097,8127,1,5.492568016052246e-05,2.396106719970703e-05,44,0.000450841907877475,0.001932382583618164,16372,0,0
paraphrase,201240,16384,16384,0.5,825220,22,0,8114,8120,8097,8127,1,1.7628073692321777e-05,8.165836334228516e-06,422,0.0005258340388536453,0.00015884451568126678,16383,0,0
paraphrase,201240,16384,16384,0.5,825220,22,4,8114,8120,8097,8127,1,0.00400543212890625,0.001190185546875,31,0.06079840660095215,0.01335906982421875,16383,0,0
paraphrase,201240,16384,16384,0.5,825220,21,0,8114,8120,8097,8127,1,0.01171112060546875,0.00445556640625,7,0.037336111068725586,0.0009088516235351562,0,0,0
paraphrase,201240,16384,16384,0.5,825220,20,6,8114,8120,8097,8127,1,0.0027441978454589844,0.0008544921875,49,0.06392276287078857,0.00225067138671875,16382,0,0
paraphrase,201240,16384,16384,0.5,825220,20,9,8114,8120,8097,8127,1,0.0075931549072265625,0.003173828125,10,0.010688379406929016,0.002639293670654297,16382,0,0
paraphrase,201240,16384,16384,0.5,825220,21,3,8114,8120,8097,8127,1,0.00026214122772216797,9.202957153320312e-05,188,0.013598859310150146,0.006992340087890625,0,0,0
paraphrase,201240,16384,16384,0.5,825220,21,1,8114,8120,8097,8127,1,0.0008492469787597656,0.000316619873046875,85,0.030904531478881836,0.0071392059326171875,0,0,0
paraphrase,201240,16384,16384,0.5,825220,21,4,8114,8120,8097,8127,1,0.012912750244140625,0.004180908203125,25,0.18935999274253845,0.009862899780273438,16382,0,0
paraphrase,201240,16384,16384,0.5,825220,21,5,8114,8120,8097,8127,1,0.0148162841796875,0.005859375,23,0.0908041000366211,0.0027761459350585938,0,0,0
paraphrase,201240,16384,16384,0.5,825220,17,3,8114,8120,8097,8127,1,0.0007162094116210938,0.0002193450927734375,60,0.012094974517822266,0.0143585205078125,16383,0,0
paraphrase,201240,16384,16384,0.5,825220,22,10,8114,8120,8097,8127,1,0.2030029296875,0.0537109375,6,0.525870680809021,0.006591320037841797,0,0,0
paraphrase,201240,16384,16384,0.5,825220,23,4,8114,8120,8097,8127,1,0.03452301025390625,0.0162353515625,14,0.18003153800964355,0.04826831817626953,0,0,0
paraphrase,201240,16384,16384,0.5,825220,20,3,8114,8120,8097,8127,1,0.00032776594161987305,0.00016689300537109375,25,0.003682172391563654,0.0005471706390380859,16369,0,0
paraphrase,201241,16384,16384,0.5,844590,20,7,8209,8215,8192,8222,1,0.000748753547668457,0.00029754638671875,54,0.009842157363891602,0.012908935546875,16383,0,0
paraphrase,201241,16384,16384,0.5,844590,21,11,8209,8215,8192,8222,1,0.3193359375,0.09130859375,3,0.40574198961257935,0.15576171875,0,0,0
paraphrase,201241,16384,16384,0.5,844590,22,7,8209,8215,8192,8222,1,0.6564750671386719,0.63671875,1,0.8873945474624634,0.015245676040649414,8209,1,1
paraphrase,201241,16384,16384,0.5,844590,18,3,8209,8215,8192,8222,1,0.011548995971679688,0.00439453125,33,0.20842289924621582,0.01393890380859375,16376,0,0
paraphrase,201241,16384,16384,0.5,844590,17,10,8209,8215,8192,8222,1,0.0019540786743164062,0.000560760498046875,82,0.11482906341552734,0.01015472412109375,0,0,0
paraphrase,201241,16384,16384,0.5,844590,20,8,8209,8215,8192,8222,1,0.00017429888248443604,0.0001049041748046875,38,0.0009009364293888211,0.0026569366455078125,16372,0,0
paraphrase,201241,16384,16384,0.5,844590,22,0,8209,8215,8192,8222,1,3.580562770366669e-05,1.7762184143066406e-05,179,0.00029145716689527035,8.854549378156662e-05,16383,0,0
paraphrase,201241,16384,16384,0.5,844590,22,4,8209,8215,8192,8222,1,0.007439613342285156,0.002288818359375,25,0.04841434955596924,0.014202117919921875,16383,0,0
paraphrase,201241,16384,16384,0.5,844590,21,0,8209,8215,8192,8222,1,0.01145172119140625,0.00396728515625,5,0.03757345676422119,0.0017108917236328125,0,0,0
paraphrase,201241,16384,16384,0.5,844590,20,6,8209,8215,8192,8222,1,0.001697540283203125,0.0004367828369140625,63,0.05634915828704834,0.0036420822143554688,16382,0,0
paraphrase,201241,16384,16384,0.5,844590,20,9,8209,8215,8192,8222,1,0.0069789886474609375,0.00335693359375,11,0.00949596893042326,0.008559226989746094,16382,0,0
paraphrase,201241,16384,16384,0.5,844590,21,3,8209,8215,8192,8222,1,0.0004347562789916992,0.00018787384033203125,92,0.014189958572387695,0.00591278076171875,0,0,0
paraphrase,201241,16384,16384,0.5,844590,21,1,8209,8215,8192,8222,1,0.0010275840759277344,0.0004634857177734375,65,0.06007641553878784,0.005839347839355469,0,0,0
paraphrase,201241,16384,16384,0.5,844590,21,4,8209,8215,8192,8222,1,0.0168609619140625,0.0050048828125,23,0.16962599754333496,0.01772308349609375,16382,0,0
paraphrase,201241,16384,16384,0.5,844590,21,5,8209,8215,8192,8222,1,0.030029296875,0.0079345703125,21,0.10992431640625,0.005595207214355469,0,0,0
paraphrase,201241,16384,16384,0.5,844590,17,3,8209,8215,8192,8222,1,0.0020470619201660156,0.000804901123046875,40,0.017408370971679688,0.0168304443359375,16383,0,0
paraphrase,201241,16384,16384,0.5,844590,22,10,8209,8215,8192,8222,1,0.1649169921875,0.04638671875,6,0.4568369388580322,0.018764495849609375,0,0,0
paraphrase,201241,16384,16384,0.5,844590,23,4,8209,8215,8192,8222,1,0.017083168029785156,0.01019287109375,17,0.17026937007904053,0.03501105308532715,0,0,0
paraphrase,201241,16384,16384,0.5,844590,20,3,8209,8215,8192,8222,1,0.0020694732666015625,0.000873565673828125,16,0.008219700306653976,0.0005178451538085938,16369,0,0
relational,301234,16384,16384,0.5,994066,20,7,8119,8125,8099,8132,1,0.0005024075508117676,0.000270843505859375,57,0.0044869184494018555,0.003285050392150879,16383,0,0
relational,301234,16384,16384,0.5,994066,21,11,8119,8125,8099,8132,1,0.4462890625,0.1181640625,3,0.6666209697723389,0.086334228515625,0,0,0
relational,301234,16384,16384,0.5,994066,22,7,8119,8125,8099,8132,1,0.8511788845062256,0.84375,1,0.9759343266487122,0.005776441656053066,8119,1,1
relational,301234,16384,16384,0.5,994066,18,3,8119,8125,8099,8132,1,0.0017949342727661133,0.00106048583984375,73,0.20836889743804932,0.008640050888061523,0,0,0
relational,301234,16384,16384,0.5,994066,17,10,8119,8125,8099,8132,1,0.0005326271057128906,0.000152587890625,106,0.12740468978881836,0.0035648345947265625,0,0,0
relational,301234,16384,16384,0.5,994066,20,8,8119,8125,8099,8132,1,3.6589335650205612e-06,2.205371856689453e-06,61,1.548900399939157e-05,0.0014390945434570312,16367,0,0
relational,301234,16384,16384,0.5,994066,22,0,8119,8125,8099,8132,1,1.2356787919998169e-05,5.155801773071289e-06,601,0.00041899457573890686,5.00604510307312e-05,16383,0,0
relational,301234,16384,16384,0.5,994066,22,4,8119,8125,8099,8132,1,0.0290069580078125,0.01251220703125,12,0.12213468551635742,0.010009765625,16383,0,0
relational,301234,16384,16384,0.5,994066,21,0,8119,8125,8099,8132,1,0.0077667236328125,0.0017242431640625,12,0.01933765411376953,0.0005296468734741211,0,0,0
relational,301234,16384,16384,0.5,994066,20,6,8119,8125,8099,8132,1,0.00043326616287231445,0.00022411346435546875,65,0.04234938323497772,0.00020265579223632812,16382,0,0
relational,301234,16384,16384,0.5,994066,20,9,8119,8125,8099,8132,1,0.0018767118453979492,0.00133514404296875,11,0.0023762048222124577,0.001317739486694336,16382,0,0
relational,301234,16384,16384,0.5,994066,21,3,8119,8125,8099,8132,1,0.0004405975341796875,0.000164031982421875,103,0.013143450021743774,0.0012645721435546875,0,0,0
relational,301234,16384,16384,0.5,994066,21,1,8119,8125,8099,8132,1,0.0001863241195678711,5.435943603515625e-05,130,0.024313241243362427,0.0010495185852050781,0,0,0
relational,301234,16384,16384,0.5,994066,21,4,8119,8125,8099,8132,1,0.0184326171875,0.0057373046875,16,0.07393842935562134,0.0035076141357421875,0,0,0
relational,301234,16384,16384,0.5,994066,21,5,8119,8125,8099,8132,1,0.02530670166015625,0.005828857421875,26,0.2065730094909668,0.0020236968994140625,0,0,0
relational,301234,16384,16384,0.5,994066,17,3,8119,8125,8099,8132,1,0.00020754337310791016,5.888938903808594e-05,93,0.014332890510559082,0.00501251220703125,16383,0,0
relational,301234,16384,16384,0.5,994066,22,10,8119,8125,8099,8132,1,0.59942626953125,0.275390625,1,0.7872200012207031,0.005393028259277344,8119,1,1
relational,301234,16384,16384,0.5,994066,23,4,8119,8125,8099,8132,1,0.03449440002441406,0.0262451171875,7,0.1890023946762085,0.0077745914459228516,0,0,0
relational,301234,16384,16384,0.5,994066,20,3,8119,8125,8099,8132,1,1.0114163160324097e-05,4.082918167114258e-06,102,0.0026597543619573116,0.0004963576793670654,16367,0,0
relational,301235,16384,16384,0.5,726316,20,7,8192,8198,8174,8205,1,0.0001939833164215088,6.818771362304688e-05,119,0.0037637650966644287,0.0046776533126831055,16383,0,0
relational,301235,16384,16384,0.5,726316,21,11,8192,8198,8174,8205,1,0.456787109375,0.10693359375,2,0.5992367267608643,0.151336669921875,0,0,0
relational,301235,16384,16384,0.5,726316,22,7,8192,8198,8174,8205,1,0.8098194599151611,0.80859375,1,0.9317331314086914,0.004223469644784927,8192,1,1
relational,301235,16384,16384,0.5,726316,18,3,8192,8198,8174,8205,1,0.0036427974700927734,0.0025787353515625,55,0.25368475914001465,0.012948989868164062,0,0,0
relational,301235,16384,16384,0.5,726316,17,10,8192,8198,8174,8205,1,0.0004075765609741211,0.00011110305786132812,103,0.09412896633148193,0.0057888031005859375,0,0,0
relational,301235,16384,16384,0.5,726316,20,8,8192,8198,8174,8205,1,4.962831735610962e-05,3.218650817871094e-05,47,0.0001293224049732089,0.003125429153442383,16367,0,0
relational,301235,16384,16384,0.5,726316,22,0,8192,8198,8174,8205,1,1.2659002095460892e-06,3.688037395477295e-07,3575,9.379838593304157e-05,4.304572939872742e-05,16383,0,0
relational,301235,16384,16384,0.5,726316,22,4,8192,8198,8174,8205,1,0.0066776275634765625,0.0031585693359375,28,0.05265676975250244,0.012566566467285156,16383,0,0
relational,301235,16384,16384,0.5,726316,21,0,8192,8198,8174,8205,1,0.0058689117431640625,0.00144195556640625,19,0.025347113609313965,0.0011568069458007812,0,0,0
relational,301235,16384,16384,0.5,726316,20,6,8192,8198,8174,8205,1,0.0007208585739135742,0.000530242919921875,58,0.038442209362983704,0.0003117024898529053,0,0,0
relational,301235,16384,16384,0.5,726316,20,9,8192,8198,8174,8205,1,0.0006340742111206055,0.000270843505859375,16,0.0009917798452079296,0.008053064346313477,16382,0,0
relational,301235,16384,16384,0.5,726316,21,3,8192,8198,8174,8205,1,0.0002734363079071045,0.00013065338134765625,89,0.007275700569152832,0.0027360916137695312,0,0,0
relational,301235,16384,16384,0.5,726316,21,1,8192,8198,8174,8205,1,0.0005898475646972656,0.00013828277587890625,96,0.047898754477500916,0.0033779144287109375,0,0,0
relational,301235,16384,16384,0.5,726316,21,4,8192,8198,8174,8205,1,0.0196533203125,0.006805419921875,22,0.15189245343208313,0.010967254638671875,0,0,0
relational,301235,16384,16384,0.5,726316,21,5,8192,8198,8174,8205,1,0.009510040283203125,0.002899169921875,40,0.3324923515319824,0.004584789276123047,0,0,0
relational,301235,16384,16384,0.5,726316,17,3,8192,8198,8174,8205,1,0.0003116130828857422,7.343292236328125e-05,87,0.017315149307250977,0.007183074951171875,16383,0,0
relational,301235,16384,16384,0.5,726316,22,10,8192,8198,8174,8205,1,0.56951904296875,0.34375,1,0.7788585424423218,0.006415367126464844,8192,1,1
relational,301235,16384,16384,0.5,726316,23,4,8192,8198,8174,8205,1,0.025075912475585938,0.02001953125,7,0.14709961414337158,0.007652997970581055,0,0,0
relational,301235,16384,16384,0.5,726316,20,3,8192,8198,8174,8205,1,3.984570503234863e-05,9.894371032714844e-06,87,0.006946407724171877,0.0007180273532867432,16367,0,0
relational,301236,16384,16385,0.5,708819,20,7,8205,8211,8187,8218,1,0.0002251267433166504,5.888938903808594e-05,122,0.0039867013692855835,0.004218548536300659,16384,0,0
relational,301236,16384,16385,0.5,708819,21,11,8205,8211,8187,8218,1,0.431396484375,0.11279296875,2,0.5660653114318848,0.14459228515625,0,0,0
relational,301236,16384,16385,0.5,708819,22,7,8205,8211,8187,8218,1,0.8693041801452637,0.8671875,1,0.966367244720459,0.007566962391138077,8205,1,1
relational,301236,16384,16385,0.5,708819,18,3,8205,8211,8187,8218,1,0.0024347305297851562,0.001739501953125,57,0.2110762596130371,0.011349678039550781,0,0,0
relational,301236,16384,16385,0.5,708819,17,10,8205,8211,8187,8218,1,0.0004450082778930664,0.000118255615234375,107,0.09156763553619385,0.0054149627685546875,0,0,0
relational,301236,16384,16385,0.5,708819,20,8,8205,8211,8187,8218,1,4.0257349610328674e-05,2.6345252990722656e-05,50,0.00012393206998240203,0.00410771369934082,16368,0,0
relational,301236,16384,16385,0.5,708819,22,0,8205,8211,8187,8218,1,7.638707756996155e-06,2.2649765014648438e-06,1157,0.00031575746834278107,3.902614116668701e-05,16384,0,0
relational,301236,16384,16385,0.5,708819,22,4,8205,8211,8187,8218,1,0.015960693359375,0.006317138671875,16,0.05215573310852051,0.014827728271484375,16384,0,0
relational,301236,16384,16385,0.5,708819,21,0,8205,8211,8187,8218,1,0.006366729736328125,0.00167083740234375,14,0.02928149700164795,0.0013599395751953125,0,0,0
relational,301236,16384,16385,0.5,708819,20,6,8205,8211,8187,8218,1,0.0006629228591918945,0.000492095947265625,57,0.043438635766506195,0.00018489360809326172,0,0,0
relational,301236,16384,16385,0.5,708819,20,9,8205,8211,8187,8218,1,0.0005729198455810547,0.0002689361572265625,19,0.0013352726818993688,0.00774693489074707,16383,0,0
relational,301236,16384,16385,0.5,708819,21,3,8205,8211,8187,8218,1,0.0004139542579650879,0.000179290771484375,76,0.006441473960876465,0.00257110595703125,0,0,0
relational,301236,16384,16385,0.5,708819,21,1,8205,8211,8187,8218,1,0.0004477500915527344,0.00013065338134765625,98,0.049277305603027344,0.0020232200622558594,0,0,0
relational,301236,16384,16385,0.5,708819,21,4,8205,8211,8187,8218,1,0.0499114990234375,0.0216064453125,9,0.14359866082668304,0.01019287109375,0,0,0
relational,301236,16384,16385,0.5,708819,21,5,8205,8211,8187,8218,1,0.01869964599609375,0.006103515625,23,0.2802683115005493,0.0028693675994873047,0,0,0
relational,301236,16384,16385,0.5,708819,17,3,8205,8211,8187,8218,1,0.0003114938735961914,0.0001068115234375,84,0.015976548194885254,0.00664520263671875,16384,0,0
relational,301236,16384,16385,0.5,708819,22,10,8205,8211,8187,8218,1,0.59649658203125,0.36328125,1,0.7514771223068237,0.009413957595825195,8205,1,1
relational,301236,16384,16385,0.5,708819,23,4,8205,8211,8187,8218,1,0.03209209442138672,0.0233154296875,6,0.14145195484161377,0.00838315486907959,0,0,0
relational,301236,16384,16385,0.5,708819,20,3,8205,8211,8187,8218,1,3.144890069961548e-05,8.225440979003906e-06,81,0.004434626549482346,0.0008705556392669678,16368,0,0
relational,301237,16384,16384,0.5,227126,20,7,8187,8193,8167,8200,1,0.0008941888809204102,0.000392913818359375,45,0.004312261939048767,0.00345611572265625,16383,0,0
relational,301237,16384,16384,0.5,227126,21,11,8187,8193,8167,8200,1,0.4287109375,0.099609375,2,0.5915815830230713,0.130706787109375,0,0,0
relational,301237,16384,16384,0.5,227126,22,7,8187,8193,8167,8200,1,0.792323112487793,0.7890625,1,0.9625554084777832,0.0031607160344719887,8187,1,1
relational,301237,16384,16384,0.5,227126,18,3,8187,8193,8167,8200,1,0.0012273788452148438,0.000579833984375,87,0.18195343017578125,0.009875297546386719,0,0,0
relational,301237,16384,16384,0.5,227126,17,10,8187,8193,8167,8200,1,0.0003597736358642578,0.0001068115234375,108,0.09123444557189941,0.00421142578125,0,0,0
relational,301237,16384,16384,0.5,227126,20,8,8187,8193,8167,8200,1,2.936646342277527e-05,1.3828277587890625e-05,54,0.00011788196570705622,0.0025720596313476562,16367,0,0
relational,301237,16384,16384,0.5,227126,22,0,8187,8193,8167,8200,1,2.163869794458151e-06,1.6167759895324707e-06,1655,0.00029804225778207183,4.5143067836761475e-05,16383,0,0
relational,301237,16384,16384,0.5,227126,22,4,8187,8193,8167,8200,1,0.01656341552734375,0.00537109375,20,0.08439946174621582,0.017253875732421875,16383,0,0
relational,301237,16384,16384,0.5,227126,21,0,8187,8193,8167,8200,1,0.006229400634765625,0.00180816650390625,18,0.024090468883514404,0.0009894371032714844,0,0,0
relational,301237,16384,16384,0.5,227126,20,6,8187,8193,8167,8200,1,0.0005451440811157227,0.00040435791015625,54,0.043445125222206116,0.0002651512622833252,0,0,0
relational,301237,16384,16384,0.5,227126,20,9,8187,8193,8167,8200,1,0.0006814002990722656,0.0002460479736328125,20,0.0015142407501116395,0.004983425140380859,16382,0,0
relational,301237,16384,16384,0.5,227126,21,3,8187,8193,8167,8200,1,0.000300481915473938,0.000125885009765625,97,0.004903689026832581,0.0025272369384765625,0,0,0
relational,301237,16384,16384,0.5,227126,21,1,8187,8193,8167,8200,1,0.0004899501800537109,0.000141143798828125,102,0.03705412149429321,0.00244140625,0,0,0
relational,301237,16384,16384,0.5,227126,21,4,8187,8193,8167,8200,1,0.0278778076171875,0.00946044921875,18,0.14201752841472626,0.008626937866210938,0,0,0
relational,301237,16384,16384,0.5,227126,21,5,8187,8193,8167,8200,1,0.01572418212890625,0.00445556640625,30,0.30751633644104004,0.002566814422607422,0,0,0
relational,301237,16384,16384,0.5,227126,17,3,8187,8193,8167,8200,1,0.00020229816436767578,4.8160552978515625e-05,99,0.01616436243057251,0.0066967010498046875,16383,0,0
relational,301237,16384,16384,0.5,227126,22,10,8187,8193,8167,8200,1,0.5994873046875,0.30859375,1,0.7792428731918335,0.006511688232421875,8187,1,1
relational,301237,16384,16384,0.5,227126,23,4,8187,8193,8167,8200,1,0.020814895629882812,0.014892578125,8,0.11730921268463135,0.019598722457885742,0,0,0
relational,301237,16384,16384,0.5,227126,20,3,8187,8193,8167,8200,1,2.828240394592285e-05,8.404254913330078e-06,84,0.0057832649908959866,0.00041306018829345703,16367,0,0
relational,301238,16384,16385,0.5,112467,20,7,8187,8193,8169,8200,1,0.0006430745124816895,0.00020885467529296875,58,0.00503365695476532,0.002827942371368408,16384,0,0
relational,301238,16384,16385,0.5,112467,21,11,8187,8193,8169,8200,1,0.462646484375,0.1279296875,2,0.6428594589233398,0.099365234375,0,0,0
relational,301238,16384,16385,0.5,112467,22,7,8187,8193,8169,8200,1,0.8661110401153564,0.8359375,1,0.9756637811660767,0.005680182948708534,8187,1,1
relational,301238,16384,16385,0.5,112467,18,3,8187,8193,8169,8200,1,0.0015110969543457031,0.0005645751953125,81,0.22956466674804688,0.013575553894042969,0,0,0
relational,301238,16384,16385,0.5,112467,17,10,8187,8193,8169,8200,1,0.00038361549377441406,0.0001010894775390625,107,0.08935236930847168,0.00479888916015625,0,0,0
relational,301238,16384,16385,0.5,112467,20,8,8187,8193,8169,8200,1,3.851018846035004e-05,1.430511474609375e-05,49,9.229353599948809e-05,0.0020699501037597656,16368,0,0
relational,301238,16384,16385,0.5,112467,22,0,8187,8193,8169,8200,1,2.189306542277336e-06,1.043081283569336e-06,1844,0.00025639566592872143,3.610551357269287e-05,16384,0,0
relational,301238,16384,16385,0.5,112467,22,4,8187,8193,8169,8200,1,0.0125885009765625,0.004425048828125,17,0.05366408824920654,0.010875701904296875,16384,0,0
relational,301238,16384,16385,0.5,112467,21,0,8187,8193,8169,8200,1,0.00440216064453125,0.0013885498046875,23,0.026267647743225098,0.0014634132385253906,0,0,0
relational,301238,16384,16385,0.5,112467,20,6,8187,8193,8169,8200,1,0.00038182735443115234,0.00018596649169921875,65,0.0457819402217865,0.0002282261848449707,0,0,0
relational,301238,16384,16385,0.5,112467,20,9,8187,8193,8169,8200,1,0.0005792379379272461,0.000247955322265625,19,0.0009275540360249579,0.002596139907836914,16383,0,0
relational,301238,16384,16385,0.5,112467,21,3,8187,8193,8169,8200,1,0.00035753846168518066,0.000125885009765625,97,0.005523249506950378,0.0023369789123535156,0,0,0
relational,301238,16384,16385,0.5,112467,21,1,8187,8193,8169,8200,1,0.00047135353088378906,0.0001277923583984375,102,0.03963080048561096,0.002032756805419922,0,0,0
relational,301238,16384,16385,0.5,112467,21,4,8187,8193,8169,8200,1,0.010097503662109375,0.00396728515625,31,0.10357820987701416,0.008150100708007812,0,0,0
relational,301238,16384,16385,0.5,112467,21,5,8187,8193,8169,8200,1,0.01141357421875,0.003814697265625,34,0.2774699926376343,0.002337932586669922,0,0,0
relational,301238,16384,16385,0.5,112467,17,3,8187,8193,8169,8200,1,0.0002206563949584961,5.1021575927734375e-05,91,0.016625046730041504,0.0063724517822265625,16384,0,0
relational,301238,16384,16385,0.5,112467,22,10,8187,8193,8169,8200,1,0.701171875,0.30078125,1,0.8621115684509277,0.005277752876281738,8187,1,1
relational,301238,16384,16385,0.5,112467,23,4,8187,8193,8169,8200,1,0.0220947265625,0.00872802734375,11,0.11795222759246826,0.017376422882080078,0,0,0
relational,301238,16384,16385,0.5,112467,20,3,8187,8193,8169,8200,1,2.1494925022125244e-05,6.884336471557617e-06,93,0.004635551944375038,0.0005922317504882812,16368,0,0
relational,301239,16384,16384,0.5,367666,20,7,8186,8192,8168,8199,1,0.0006890296936035156,0.0002536773681640625,55,0.0046231746673583984,0.0031241774559020996,16383,0,0
relational,301239,16384,16384,0.5,367666,21,11,8186,8192,8168,8199,1,0.424072265625,0.111328125,2,0.6057248115539551,0.102630615234375,0,0,0
relational,301239,16384,16384,0.5,367666,22,7,8186,8192,8168,8199,1,0.808377206325531,0.8046875,1,0.9671817421913147,0.005638688802719116,8186,1,1
relational,301239,16384,16384,0.5,367666,18,3,8186,8192,8168,8199,1,0.0018453598022460938,0.00121307373046875,65,0.19923162460327148,0.009210586547851562,16376,0,0
relational,301239,16384,16384,0.5,367666,17,10,8186,8192,8168,8199,1,0.0003515481948852539,0.0001010894775390625,103,0.09758532047271729,0.005702972412109375,0,0,0
relational,301239,16384,16384,0.5,367666,20,8,8186,8192,8168,8199,1,2.708006650209427e-05,1.436471939086914e-05,51,7.789403025526553e-05,0.0032002925872802734,16367,0,0
relational,301239,16384,16384,0.5,367666,22,0,8186,8192,8168,8199,1,2.499902620911598e-06,1.385807991027832e-06,1697,0.00023698643781244755,3.7863850593566895e-05,16383,0,0
relational,301239,16384,16384,0.5,367666,22,4,8186,8192,8168,8199,1,0.0060100555419921875,0.002105712890625,33,0.04829525947570801,0.010908126831054688,16383,0,0
relational,301239,16384,16384,0.5,367666,21,0,8186,8192,8168,8199,1,0.0050106048583984375,0.001495361328125,18,0.023505687713623047,0.0013136863708496094,0,0,0
relational,301239,16384,16384,0.5,367666,20,6,8186,8192,8168,8199,1,0.00038740038871765137,0.00026702880859375,59,0.04414479434490204,0.00025779008865356445,0,0,0
relational,301239,16384,16384,0.5,367666,20,9,8186,8192,8168,8199,1,0.0005034208297729492,0.00019073486328125,20,0.000849313335493207,0.0040329694747924805,16382,0,0
relational,301239,16384,16384,0.5,367666,21,3,8186,8192,8168,8199,1,0.0002447068691253662,0.0001277923583984375,89,0.004736483097076416,0.002140045166015625,0,0,0
relational,301239,16384,16384,0.5,367666,21,1,8186,8192,8168,8199,1,0.0003292560577392578,8.630752563476562e-05,116,0.043983131647109985,0.0016508102416992188,0,0,0
relational,301239,16384,16384,0.5,367666,21,4,8186,8192,8168,8199,1,0.01264190673828125,0.004638671875,26,0.0802796334028244,0.0058135986328125,0,0,0
relational,301239,16384,16384,0.5,367666,21,5,8186,8192,8168,8199,1,0.01099395751953125,0.0028076171875,36,0.2897491455078125,0.002510547637939453,0,0,0
relational,301239,16384,16384,0.5,367666,17,3,8186,8192,8168,8199,1,0.0003275871276855469,8.249282836914062e-05,88,0.016890645027160645,0.007244110107421875,16383,0,0
relational,301239,16384,16384,0.5,367666,22,10,8186,8192,8168,8199,1,0.643463134765625,0.384765625,1,0.8140235543251038,0.006631731986999512,8186,1,1
relational,301239,16384,16384,0.5,367666,23,4,8186,8192,8168,8199,1,0.020295143127441406,0.017578125,8,0.14022040367126465,0.01126861572265625,0,0,0
relational,301239,16384,16384,0.5,367666,20,3,8186,8192,8168,8199,1,1.2323260307312012e-05,3.7848949432373047e-06,87,0.0030052089132368565,0.00048154592514038086,16367,0,0
relational,301240,16384,16384,0.5,321185,20,7,8210,8216,8190,8223,1,0.00010415911674499512,2.682209014892578e-05,257,0.005065321922302246,0.004039287567138672,16383,0,0
relational,301240,16384,16384,0.5,321185,21,11,8210,8216,8190,8223,1,0.383056640625,0.0947265625,2,0.5475401878356934,0.111785888671875,0,0,0
relational,301240,16384,16384,0.5,321185,22,7,8210,8216,8190,8223,1,0.7512226104736328,0.74609375,1,0.9322409629821777,0.007353007793426514,8210,1,1
relational,301240,16384,16384,0.5,321185,18,3,8210,8216,8190,8223,1,0.002892732620239258,0.001861572265625,58,0.199357271194458,0.013416290283203125,16376,0,0
relational,301240,16384,16384,0.5,321185,17,10,8210,8216,8190,8223,1,0.0007042884826660156,0.000171661376953125,105,0.10067415237426758,0.005157470703125,0,0,0
relational,301240,16384,16384,0.5,321185,20,8,8210,8216,8190,8223,1,6.465613842010498e-05,2.372264862060547e-05,52,0.00018064447795040905,0.0028693675994873047,16367,0,0
relational,301240,16384,16384,0.5,321185,22,0,8210,8216,8190,8223,1,1.6927719116210938e-05,6.973743438720703e-06,310,0.00018799630925059319,3.871321678161621e-05,16383,0,0
relational,301240,16384,16384,0.5,321185,22,4,8210,8216,8190,8223,1,0.01271820068359375,0.005126953125,22,0.06866025924682617,0.00830078125,16383,0,0
relational,301240,16384,16384,0.5,321185,21,0,8210,8216,8190,8223,1,0.004090309143066406,0.00167083740234375,17,0.027034342288970947,0.0016007423400878906,0,0,0
relational,301240,16384,16384,0.5,321185,20,6,8210,8216,8190,8223,1,0.000700831413269043,0.00045013427734375,61,0.0441090390086174,0.00023505091667175293,0,0,0
relational,301240,16384,16384,0.5,321185,20,9,8210,8216,8190,8223,1,0.0009605884552001953,0.0003910064697265625,17,0.0016242946730926633,0.004713535308837891,16382,0,0
relational,301240,16384,16384,0.5,321185,21,3,8210,8216,8190,8223,1,0.00022101402282714844,8.630752563476562e-05,108,0.006290890276432037,0.0017156600952148438,0,0,0
relational,301240,16384,16384,0.5,321185,21,1,8210,8216,8190,8223,1,0.000522613525390625,0.00020599365234375,92,0.050098419189453125,0.0023040771484375,0,0,0
relational,301240,16384,16384,0.5,321185,21,4,8210,8216,8190,8223,1,0.0185089111328125,0.00872802734375,19,0.10827338695526123,0.0059795379638671875,0,0,0
relational,301240,16384,16384,0.5,321185,21,5,8210,8216,8190,8223,1,0.0071964263916015625,0.0016326904296875,52,0.18900370597839355,0.0016951560974121094,0,0,0
relational,301240,16384,16384,0.5,321185,17,3,8210,8216,8190,8223,1,0.0005488395690917969,0.00014400482177734375,88,0.019324183464050293,0.0082244873046875,16383,0,0
relational,301240,16384,16384,0.5,321185,22,10,8210,8216,8190,8223,1,0.58416748046875,0.345703125,1,0.7582807540893555,0.00616908073425293,8210,1,1
relational,301240,16384,16384,0.5,321185,23,4,8210,8216,8190,8223,1,0.03327751159667969,0.0234375,9,0.17170500755310059,0.025809049606323242,0,0,0
relational,301240,16384,16384,0.5,321185,20,3,8210,8216,8190,8223,1,4.929304122924805e-05,1.5497207641601562e-05,77,0.009894931688904762,0.0003859996795654297,16367,0,0
relational,301241,16384,16384,0.5,795577,20,7,8142,8148,8122,8155,1,0.0002472400665283203,6.532669067382812e-05,159,0.004874512553215027,0.011629581451416016,16383,0,0
relational,301241,16384,16384,0.5,795577,21,11,8142,8148,8122,8155,1,0.41650390625,0.10791015625,2,0.5842719078063965,0.19744873046875,0,0,0
relational,301241,16384,16384,0.5,795577,22,7,8142,8148,8122,8155,1,0.5876767635345459,0.5859375,1,0.7764080762863159,0.19099116325378418,8142,1,1
relational,301241,16384,16384,0.5,795577,18,3,8142,8148,8122,8155,1,0.003262758255004883,0.002197265625,54,0.2509138584136963,0.0167083740234375,0,0,0
relational,301241,16384,16384,0.5,795577,17,10,8142,8148,8122,8155,1,0.00041294097900390625,9.1552734375e-05,110,0.1264500617980957,0.0048198699951171875,0,0,0
relational,301241,16384,16384,0.5,795577,20,8,8142,8148,8122,8155,1,1.0275514796376228e-05,5.990266799926758e-06,54,3.219221980543807e-05,0.002224445343017578,16367,0,0
relational,301241,16384,16384,0.5,795577,22,0,8142,8148,8122,8155,1,1.2477859854698181e-05,5.662441253662109e-06,482,0.0001096006017178297,4.2304396629333496e-05,16383,0,0
relational,301241,16384,16384,0.5,795577,22,4,8142,8148,8122,8155,1,0.013336181640625,0.0036468505859375,23,0.07068860530853271,0.015850067138671875,16383,0,0
relational,301241,16384,16384,0.5,795577,21,0,8142,8148,8122,8155,1,0.0128631591796875,0.0034637451171875,12,0.04936385154724121,0.0037670135498046875,0,0,0
relational,301241,16384,16384,0.5,795577,20,6,8142,8148,8122,8155,1,0.00031280517578125,0.000217437744140625,64,0.07090765237808228,0.00027430057525634766,0,0,0
relational,301241,16384,16384,0.5,795577,20,9,8142,8148,8122,8155,1,0.0007873773574829102,0.0003185272216796875,18,0.0012425596360117197,0.006061077117919922,16382,0,0
relational,301241,16384,16384,0.5,795577,21,3,8142,8148,8122,8155,1,0.0006322860717773438,0.00022792816162109375,87,0.01928919553756714,0.005257606506347656,0,0,0
relational,301241,16384,16384,0.5,795577,21,1,8142,8148,8122,8155,1,0.0001881122589111328,4.792213439941406e-05,138,0.03973475098609924,0.003265380859375,0,0,0
relational,301241,16384,16384,0.5,795577,21,4,8142,8148,8122,8155,1,0.027587890625,0.01019287109375,16,0.11142900586128235,0.009670257568359375,0,0,0
relational,301241,16384,16384,0.5,795577,21,5,8142,8148,8122,8155,1,0.01636505126953125,0.003936767578125,40,0.25199246406555176,0.00882720947265625,0,0,0
relational,301241,16384,16384,0.5,795577,17,3,8142,8148,8122,8155,1,0.00038170814514160156,7.152557373046875e-05,89,0.018659114837646484,0.012359619140625,16383,0,0
relational,301241,16384,16384,0.5,795577,22,10,8142,8148,8122,8155,1,0.464141845703125,0.30859375,1,0.6994112730026245,0.02559685707092285,8142,1,1
relational,301241,16384,16384,0.5,795577,23,4,8142,8148,8122,8155,1,0.02134227752685547,0.0174560546875,9,0.15807723999023438,0.010999679565429688,0,0,0
relational,301241,16384,16384,0.5,795577,20,3,8142,8148,8122,8155,1,6.632879376411438e-06,1.6987323760986328e-06,107,0.003283364698290825,0.0006579160690307617,16367,0,0
distractor_heavy,401234,16384,16384,0.5,210681,20,7,8202,8208,8177,8215,2,0.0008840560913085938,0.00023555755615234375,61,0.00545133650302887,0.0072318315505981445,16383,0,0
distractor_heavy,401234,16384,16384,0.5,210681,21,11,8202,8208,8177,8215,2,0.37109375,0.0908203125,1,0.6603331565856934,0.1688232421875,8204,1,1
distractor_heavy,401234,16384,16384,0.5,210681,22,7,8202,8208,8177,8215,2,0.3611946105957031,0.353515625,1,0.9283349514007568,0.04600086808204651,8202,1,1
distractor_heavy,401234,16384,16384,0.5,210681,18,3,8202,8208,8177,8215,2,0.0031728744506835938,0.000888824462890625,66,0.1467752456665039,0.026330947875976562,16376,0,0
distractor_heavy,401234,16384,16384,0.5,210681,17,10,8202,8208,8177,8215,2,0.0004482269287109375,0.0001220703125,101,0.09815216064453125,0.006572723388671875,0,0,0
distractor_heavy,401234,16384,16384,0.5,210681,20,8,8202,8208,8177,8215,2,0.00014538317918777466,8.344650268554688e-05,42,0.0007466550450772047,0.0008411705493927002,16382,0,0
distractor_heavy,401234,16384,16384,0.5,210681,22,0,8202,8208,8177,8215,2,4.435889422893524e-06,1.6614794731140137e-06,1322,0.0003221760271117091,4.603608977049589e-05,16383,0,0
distractor_heavy,401234,16384,16384,0.5,210681,22,4,8202,8208,8177,8215,2,0.007946014404296875,0.0025634765625,21,0.07337920367717743,0.0033769607543945312,16383,0,0
distractor_heavy,401234,16384,16384,0.5,210681,21,0,8202,8208,8177,8215,2,0.017566680908203125,0.0050048828125,6,0.03901171684265137,0.010591506958007812,0,0,0
distractor_heavy,401234,16384,16384,0.5,210681,20,6,8202,8208,8177,8215,2,0.00019872188568115234,5.340576171875e-05,81,0.09330568462610245,0.00048120319843292236,0,0,0
distractor_heavy,401234,16384,16384,0.5,210681,20,9,8202,8208,8177,8215,2,0.00531768798828125,0.0023956298828125,7,0.006319018080830574,0.0003933459520339966,16382,0,0
distractor_heavy,401234,16384,16384,0.5,210681,21,3,8202,8208,8177,8215,2,6.648898124694824e-05,1.6570091247558594e-05,324,0.009907789528369904,0.0033490657806396484,0,0,0
distractor_heavy,401234,16384,16384,0.5,210681,21,1,8202,8208,8177,8215,2,0.00020867586135864258,6.818771362304688e-05,120,0.08617621660232544,0.0036802291870117188,0,0,0
distractor_heavy,401234,16384,16384,0.5,210681,21,4,8202,8208,8177,8215,2,0.0017457008361816406,0.000812530517578125,54,0.049803078174591064,0.007752418518066406,16382,0,0
distractor_heavy,401234,16384,16384,0.5,210681,21,5,8202,8208,8177,8215,2,0.0028944015502929688,0.00102996826171875,65,0.08672618865966797,0.009510517120361328,0,0,0
distractor_heavy,401234,16384,16384,0.5,210681,17,3,8202,8208,8177,8215,2,0.0003521442413330078,0.00010013580322265625,87,0.023548483848571777,0.0060242414474487305,16383,0,0
distractor_heavy,401234,16384,16384,0.5,210681,22,10,8202,8208,8177,8215,2,0.219757080078125,0.08349609375,2,0.6776540875434875,0.050104498863220215,8209,0,1
distractor_heavy,401234,16384,16384,0.5,210681,23,4,8202,8208,8177,8215,2,0.010833740234375,0.005645751953125,21,0.23485088348388672,0.017331838607788086,0,0,0
distractor_heavy,401234,16384,16384,0.5,210681,20,3,8202,8208,8177,8215,2,0.00017571449279785156,4.863739013671875e-05,74,0.03180747479200363,0.0016795992851257324,16367,0,0
distractor_heavy,401235,16384,16384,0.5,639039,20,7,8199,8205,8175,8212,2,0.0007107853889465332,0.000385284423828125,48,0.005706042051315308,0.007802248001098633,16383,0,0
distractor_heavy,401235,16384,16384,0.5,639039,21,11,8199,8205,8175,8212,2,0.439208984375,0.099609375,1,0.6831679344177246,0.17047119140625,8200,1,1
distractor_heavy,401235,16384,16384,0.5,639039,22,7,8199,8205,8175,8212,2,0.5726108551025391,0.56640625,1,0.9330445528030396,0.09054915606975555,8199,1,1
distractor_heavy,401235,16384,16384,0.5,639039,18,3,8199,8205,8175,8212,2,0.0052318572998046875,0.00150299072265625,55,0.14388751983642578,0.027831077575683594,16370,0,0
distractor_heavy,401235,16384,16384,0.5,639039,17,10,8199,8205,8175,8212,2,0.00039315223693847656,7.82012939453125e-05,108,0.08576560020446777,0.005922794342041016,0,0,0
distractor_heavy,401235,16384,16384,0.5,639039,20,8,8199,8205,8175,8212,2,0.0002104043960571289,8.0108642578125e-05,49,0.001207125373184681,0.0019698888063430786,16382,0,0
distractor_heavy,401235,16384,16384,0.5,639039,22,0,8199,8205,8175,8212,2,2.2145104594528675e-06,1.4528632164001465e-06,1513,0.00011040811659768224,4.6868808567523956e-05,16383,0,0
distractor_heavy,401235,16384,16384,0.5,639039,22,4,8199,8205,8175,8212,2,0.007090568542480469,0.002777099609375,19,0.050518497824668884,0.004142284393310547,16383,0,0
distractor_heavy,401235,16384,16384,0.5,639039,21,0,8199,8205,8175,8212,2,0.0231475830078125,0.008056640625,4,0.043772876262664795,0.011138916015625,0,0,0
distractor_heavy,401235,16384,16384,0.5,639039,20,6,8199,8205,8175,8212,2,0.00014340877532958984,3.8623809814453125e-05,90,0.0913577526807785,0.0007560551166534424,0,0,0
distractor_heavy,401235,16384,16384,0.5,639039,20,9,8199,8205,8175,8212,2,0.0037393569946289062,0.0009918212890625,10,0.004909897223114967,0.0009924471378326416,16382,0,0
distractor_heavy,401235,16384,16384,0.5,639039,21,3,8199,8205,8175,8212,2,4.435703158378601e-05,1.6808509826660156e-05,388,0.006251193583011627,0.0035863742232322693,0,0,0
distractor_heavy,401235,16384,16384,0.5,639039,21,1,8199,8205,8175,8212,2,0.00036776065826416016,0.00011491775512695312,117,0.07373487949371338,0.005277156829833984,0,0,0
distractor_heavy,401235,16384,16384,0.5,639039,21,4,8199,8205,8175,8212,2,0.004031181335449219,0.0018463134765625,40,0.05218535661697388,0.010176658630371094,16382,0,0
distractor_heavy,401235,16384,16384,0.5,639039,21,5,8199,8205,8175,8212,2,0.00531768798828125,0.0017547607421875,53,0.0846710205078125,0.008920669555664062,0,0,0
distractor_heavy,401235,16384,16384,0.5,639039,17,3,8199,8205,8175,8212,2,0.00034439563751220703,7.915496826171875e-05,92,0.021112442016601562,0.006152510643005371,16383,0,0
distractor_heavy,401235,16384,16384,0.5,639039,22,10,8199,8205,8175,8212,2,0.21246337890625,0.083984375,3,0.6603273153305054,0.05639529228210449,8206,0,1
distractor_heavy,401235,16384,16384,0.5,639039,23,4,8199,8205,8175,8212,2,0.015657424926757812,0.0113525390625,17,0.24589800834655762,0.019165754318237305,0,0,0
distractor_heavy,401235,16384,16384,0.5,639039,20,3,8199,8205,8175,8212,2,0.00018471479415893555,4.5299530029296875e-05,84,0.03989659249782562,0.002832353115081787,16368,0,0
distractor_heavy,401236,16384,16384,0.5,705589,20,7,8200,8206,8176,8213,2,0.0014550089836120605,0.000850677490234375,38,0.006838202476501465,0.010110080242156982,16383,0,0
distractor_heavy,401236,16384,16384,0.5,705589,21,11,8200,8206,8176,8213,2,0.440673828125,0.1142578125,1,0.6757054328918457,0.181671142578125,8202,1,1
distractor_heavy,401236,16384,16384,0.5,705589,22,7,8200,8206,8176,8213,2,0.6626701354980469,0.66015625,1,0.9611409306526184,0.058196790516376495,8200,1,1
distractor_heavy,401236,16384,16384,0.5,705589,18,3,8200,8206,8176,8213,2,0.0071697235107421875,0.004058837890625,33,0.1322774887084961,0.027622222900390625,16376,0,0
distractor_heavy,401236,16384,16384,0.5,705589,17,10,8200,8206,8176,8213,2,0.00041234493255615234,9.250640869140625e-05,111,0.08511435985565186,0.006263256072998047,0,0,0
distractor_heavy,401236,16384,16384,0.5,705589,20,8,8200,8206,8176,8213,2,0.00010606646537780762,4.124641418457031e-05,59,0.0008859487716108561,0.0018216222524642944,16382,0,0
distractor_heavy,401236,16384,16384,0.5,705589,22,0,8200,8206,8176,8213,2,4.293280653655529e-06,2.2798776626586914e-06,1212,0.00015214260201901197,5.167094059288502e-05,16383,0,0
distractor_heavy,401236,16384,16384,0.5,705589,22,4,8200,8206,8176,8213,2,0.010005950927734375,0.00274658203125,22,0.05779816955327988,0.0065860748291015625,16383,0,0
distractor_heavy,401236,16384,16384,0.5,705589,21,0,8200,8206,8176,8213,2,0.035495758056640625,0.020263671875,2,0.056008994579315186,0.014367103576660156,0,0,0
distractor_heavy,401236,16384,16384,0.5,705589,20,6,8200,8206,8176,8213,2,0.0001081228256225586,3.457069396972656e-05,95,0.1115686297416687,0.000857234001159668,0,0,0
distractor_heavy,401236,16384,16384,0.5,705589,20,9,8200,8206,8176,8213,2,0.0045757293701171875,0.0013275146484375,11,0.005953272804617882,0.0017867088317871094,16382,0,0
distractor_heavy,401236,16384,16384,0.5,705589,21,3,8200,8206,8176,8213,2,8.068233728408813e-05,4.482269287109375e-05,182,0.0068929800763726234,0.003672391176223755,0,0,0
distractor_heavy,401236,16384,16384,0.5,705589,21,1,8200,8206,8176,8213,2,0.00030517578125,0.00011348724365234375,114,0.07572460174560547,0.004580020904541016,0,0,0
distractor_heavy,401236,16384,16384,0.5,705589,21,4,8200,8206,8176,8213,2,0.006699085235595703,0.004669189453125,23,0.05586045980453491,0.01009368896484375,16382,0,0
distractor_heavy,401236,16384,16384,0.5,705589,21,5,8200,8206,8176,8213,2,0.00557708740234375,0.002685546875,43,0.09454727172851562,0.008440971374511719,0,0,0
distractor_heavy,401236,16384,16384,0.5,705589,17,3,8200,8206,8176,8213,2,0.00037384033203125,8.249282836914062e-05,89,0.020689010620117188,0.005530118942260742,16383,0,0
distractor_heavy,401236,16384,16384,0.5,705589,22,10,8200,8206,8176,8213,2,0.170013427734375,0.07470703125,3,0.6469336748123169,0.05719923973083496,8207,0,1
distractor_heavy,401236,16384,16384,0.5,705589,23,4,8200,8206,8176,8213,2,0.011073827743530273,0.007232666015625,17,0.2657238245010376,0.008451581001281738,0,0,0
distractor_heavy,401236,16384,16384,0.5,705589,20,3,8200,8206,8176,8213,2,0.00018423795700073242,5.316734313964844e-05,86,0.033834949135780334,0.0029222965240478516,16368,0,0
distractor_heavy,401237,16384,16384,0.5,577255,20,7,8160,8166,8136,8173,2,0.0008608698844909668,0.000507354736328125,46,0.007527753710746765,0.010349094867706299,16383,0,0
distractor_heavy,401237,16384,16384,0.5,577255,21,11,8160,8166,8136,8173,2,0.40625,0.099609375,1,0.6356539726257324,0.209716796875,8165,1,1
distractor_heavy,401237,16384,16384,0.5,577255,22,7,8160,8166,8136,8173,2,0.5647430419921875,0.55859375,1,0.9215453863143921,0.1648312211036682,8160,1,1
distractor_heavy,401237,16384,16384,0.5,577255,18,3,8160,8166,8136,8173,2,0.0037403106689453125,0.00140380859375,56,0.1552128791809082,0.034895896911621094,16370,0,0
distractor_heavy,401237,16384,16384,0.5,577255,17,10,8160,8166,8136,8173,2,0.00038361549377441406,8.487701416015625e-05,115,0.07569670677185059,0.006079196929931641,0,0,0
distractor_heavy,401237,16384,16384,0.5,577255,20,8,8160,8166,8136,8173,2,8.466094732284546e-05,2.5391578674316406e-05,60,0.0007530298898927867,0.0019515007734298706,16382,0,0
distractor_heavy,401237,16384,16384,0.5,577255,22,0,8160,8166,8136,8173,2,1.206807792186737e-05,8.881092071533203e-06,414,0.000889207236468792,9.656976908445358e-05,16383,0,0
distractor_heavy,401237,16384,16384,0.5,577255,22,4,8160,8166,8136,8173,2,0.00528717041015625,0.00156402587890625,28,0.07547652721405029,0.009411811828613281,16383,0,0
distractor_heavy,401237,16384,16384,0.5,577255,21,0,8160,8166,8136,8173,2,0.02269744873046875,0.00762939453125,5,0.04408758878707886,0.0112762451171875,0,0,0
distractor_heavy,401237,16384,16384,0.5,577255,20,6,8160,8166,8136,8173,2,0.00011336803436279297,3.039836883544922e-05,94,0.08300257474184036,0.0006269961595535278,16383,0,0
distractor_heavy,401237,16384,16384,0.5,577255,20,9,8160,8166,8136,8173,2,0.0060977935791015625,0.00185394287109375,8,0.0073984768241643906,0.001885145902633667,16382,0,0
distractor_heavy,401237,16384,16384,0.5,577255,21,3,8160,8166,8136,8173,2,2.1569430828094482e-05,9.655952453613281e-06,537,0.008286237716674805,0.004400879144668579,0,0,0
distractor_heavy,401237,16384,16384,0.5,577255,21,1,8160,8166,8136,8173,2,0.00029465556144714355,9.584426879882812e-05,137,0.07015904784202576,0.004902362823486328,0,0,0
distractor_heavy,401237,16384,16384,0.5,577255,21,4,8160,8166,8136,8173,2,0.0019513368606567383,0.001068115234375,49,0.03521662950515747,0.00910496711730957,16382,0,0
distractor_heavy,401237,16384,16384,0.5,577255,21,5,8160,8166,8136,8173,2,0.005316734313964844,0.00201416015625,46,0.076416015625,0.007771730422973633,16383,0,0
distractor_heavy,401237,16384,16384,0.5,577255,17,3,8160,8166,8136,8173,2,0.00017538666725158691,6.246566772460938e-05,94,0.019815117120742798,0.00709843635559082,16383,0,0
distractor_heavy,401237,16384,16384,0.5,577255,22,10,8160,8166,8136,8173,2,0.23272705078125,0.11328125,1,0.6223878860473633,0.10281991958618164,8160,1,1
distractor_heavy,401237,16384,16384,0.5,577255,23,4,8160,8166,8136,8173,2,0.0067615509033203125,0.005096435546875,21,0.2593839168548584,0.019570231437683105,0,0,0
distractor_heavy,401237,16384,16384,0.5,577255,20,3,8160,8166,8136,8173,2,9.894371032714844e-05,2.8133392333984375e-05,97,0.03151993453502655,0.002648293972015381,16368,0,0
distractor_heavy,401238,16384,16385,0.5,984712,20,7,8194,8200,8170,8207,2,0.00046074390411376953,0.00011301040649414062,89,0.005918443202972412,0.008700549602508545,16384,0,0
distractor_heavy,401238,16384,16385,0.5,984712,21,11,8194,8200,8170,8207,2,0.371826171875,0.08740234375,1,0.6123342514038086,0.168701171875,8195,1,1
distractor_heavy,401238,16384,16385,0.5,984712,22,7,8194,8200,8170,8207,2,0.6283149719238281,0.6171875,1,0.9118847846984863,0.0968051552772522,8194,1,1
distractor_heavy,401238,16384,16385,0.5,984712,18,3,8194,8200,8170,8207,2,0.0032138824462890625,0.00104522705078125,60,0.12153244018554688,0.0335540771484375,16377,0,0
distractor_heavy,401238,16384,16385,0.5,984712,17,10,8194,8200,8170,8207,2,0.0002542734146118164,8.296966552734375e-05,110,0.08543741703033447,0.006224632263183594,0,0,0
distractor_heavy,401238,16384,16385,0.5,984712,20,8,8194,8200,8170,8207,2,0.0001246631145477295,6.580352783203125e-05,46,0.0008047658484429121,0.0012581050395965576,16383,0,0
distractor_heavy,401238,16384,16385,0.5,984712,22,0,8194,8200,8170,8207,2,2.819928340613842e-06,1.385807991027832e-06,1553,0.00038808665703982115,4.416797310113907e-05,16384,0,0
distractor_heavy,401238,16384,16385,0.5,984712,22,4,8194,8200,8170,8207,2,0.0024776458740234375,0.000858306884765625,33,0.060134679079055786,0.00540924072265625,16384,0,0
distractor_heavy,401238,16384,16385,0.5,984712,21,0,8194,8200,8170,8207,2,0.01949310302734375,0.006988525390625,5,0.03363034129142761,0.008794784545898438,0,0,0
distractor_heavy,401238,16384,16385,0.5,984712,20,6,8194,8200,8170,8207,2,0.00017970800399780273,4.00543212890625e-05,91,0.0818246603012085,0.0011676251888275146,0,0,0
distractor_heavy,401238,16384,16385,0.5,984712,20,9,8194,8200,8170,8207,2,0.0034275054931640625,0.00136566162109375,9,0.0042403219267725945,0.0006670355796813965,16383,0,0
distractor_heavy,401238,16384,16385,0.5,984712,21,3,8194,8200,8170,8207,2,2.0585954189300537e-05,9.715557098388672e-06,543,0.006345488131046295,0.004093348979949951,0,0,0
distractor_heavy,401238,16384,16385,0.5,984712,21,1,8194,8200,8170,8207,2,0.0006070137023925781,0.00016117095947265625,114,0.06882333755493164,0.004647254943847656,0,0,0
distractor_heavy,401238,16384,16385,0.5,984712,21,4,8194,8200,8170,8207,2,0.0009989738464355469,0.0003147125244140625,74,0.04001083970069885,0.011175155639648438,16383,0,0
distractor_heavy,401238,16384,16385,0.5,984712,21,5,8194,8200,8170,8207,2,0.0032863616943359375,0.000759124755859375,81,0.07499361038208008,0.009340286254882812,0,0,0
distractor_heavy,401238,16384,16385,0.5,984712,17,3,8194,8200,8170,8207,2,0.00019979476928710938,5.6743621826171875e-05,99,0.01897144317626953,0.005907773971557617,16384,0,0
distractor_heavy,401238,16384,16385,0.5,984712,22,10,8194,8200,8170,8207,2,0.21893310546875,0.0732421875,3,0.5999718308448792,0.06274175643920898,8201,0,1
distractor_heavy,401238,16384,16385,0.5,984712,23,4,8194,8200,8170,8207,2,0.012318611145019531,0.00970458984375,16,0.25562775135040283,0.016646981239318848,0,0,0
distractor_heavy,401238,16384,16385,0.5,984712,20,3,8194,8200,8170,8207,2,0.0001818239688873291,6.723403930664062e-05,81,0.03903739154338837,0.0026924610137939453,16369,0,0
distractor_heavy,401239,16384,16384,0.5,836886,20,7,8201,8207,8177,8214,2,0.001285552978515625,0.000762939453125,36,0.006123602390289307,0.008229315280914307,16383,0,0
distractor_heavy,401239,16384,16384,0.5,836886,21,11,8201,8207,8177,8214,2,0.500732421875,0.1552734375,1,0.7140796184539795,0.157745361328125,8206,1,1
distractor_heavy,401239,16384,16384,0.5,836886,22,7,8201,8207,8177,8214,2,0.655095100402832,0.6484375,1,0.9464704990386963,0.05756348371505737,8201,1,1
distractor_heavy,401239,16384,16384,0.5,836886,18,3,8201,8207,8177,8214,2,0.005097866058349609,0.0026092529296875,38,0.15256810188293457,0.022840499877929688,0,0,0
distractor_heavy,401239,16384,16384,0.5,836886,17,10,8201,8207,8177,8214,2,0.00044608116149902344,0.00010824203491210938,100,0.08740973472595215,0.005640983581542969,0,0,0
distractor_heavy,401239,16384,16384,0.5,836886,20,8,8201,8207,8177,8214,2,0.0002936720848083496,0.00011014938354492188,47,0.0012418112019076943,0.0023759454488754272,16382,0,0
distractor_heavy,401239,16384,16384,0.5,836886,22,0,8201,8207,8177,8214,2,8.332077413797379e-06,3.814697265625e-06,765,0.0002003100235015154,6.021489389240742e-05,16383,0,0
distractor_heavy,401239,16384,16384,0.5,836886,22,4,8201,8207,8177,8214,2,0.01502227783203125,0.00445556640625,17,0.06941106915473938,0.0050830841064453125,16383,0,0
distractor_heavy,401239,16384,16384,0.5,836886,21,0,8201,8207,8177,8214,2,0.028564453125,0.015625,2,0.04710733890533447,0.011785507202148438,0,0,0
distractor_heavy,401239,16384,16384,0.5,836886,20,6,8201,8207,8177,8214,2,0.00027191638946533203,6.914138793945312e-05,85,0.08777178823947906,0.00118979811668396,0,0,0
distractor_heavy,401239,16384,16384,0.5,836886,20,9,8201,8207,8177,8214,2,0.007454872131347656,0.002899169921875,7,0.008475725539028645,0.0009455978870391846,16382,0,0
distractor_heavy,401239,16384,16384,0.5,836886,21,3,8201,8207,8177,8214,2,8.849799633026123e-05,3.528594970703125e-05,207,0.0076036155223846436,0.004400171339511871,0,0,0
distractor_heavy,401239,16384,16384,0.5,836886,21,1,8201,8207,8177,8214,2,0.0004363059997558594,0.00013065338134765625,120,0.07589530944824219,0.00563812255859375,0,0,0
distractor_heavy,401239,16384,16384,0.5,836886,21,4,8201,8207,8177,8214,2,0.005911827087402344,0.003936767578125,22,0.061150312423706055,0.011841773986816406,16382,0,0
distractor_heavy,401239,16384,16384,0.5,836886,21,5,8201,8207,8177,8214,2,0.007833480834960938,0.003662109375,32,0.0931234359741211,0.012487411499023438,0,0,0
distractor_heavy,401239,16384,16384,0.5,836886,17,3,8201,8207,8177,8214,2,0.00030517578125,8.153915405273438e-05,93,0.022650480270385742,0.005671977996826172,16383,0,0
distractor_heavy,401239,16384,16384,0.5,836886,22,10,8201,8207,8177,8214,2,0.2569580078125,0.0869140625,3,0.6427721977233887,0.05223369598388672,0,0,0
distractor_heavy,401239,16384,16384,0.5,836886,23,4,8201,8207,8177,8214,2,0.014659881591796875,0.009033203125,15,0.25686919689178467,0.013695597648620605,0,0,0
distractor_heavy,401239,16384,16384,0.5,836886,20,3,8201,8207,8177,8214,2,0.0003142058849334717,9.584426879882812e-05,74,0.04687092453241348,0.00316464900970459,16368,0,0
distractor_heavy,401240,16384,16384,0.5,453754,20,7,8227,8233,8203,8240,2,0.0008203983306884766,0.00020503997802734375,57,0.004091203212738037,0.008028149604797363,16383,0,0
distractor_heavy,401240,16384,16384,0.5,453754,21,11,8227,8233,8203,8240,2,0.51318359375,0.107421875,1,0.7021355628967285,0.1035003662109375,8232,1,1
distractor_heavy,401240,16384,16384,0.5,453754,22,7,8227,8233,8203,8240,2,0.6151771545410156,0.60546875,1,0.9492943286895752,0.038947682827711105,8227,1,1
distractor_heavy,401240,16384,16384,0.5,453754,18,3,8227,8233,8203,8240,2,0.00417327880859375,0.0012359619140625,59,0.12261080741882324,0.023116111755371094,16376,0,0
distractor_heavy,401240,16384,16384,0.5,453754,17,10,8227,8233,8203,8240,2,0.0005466938018798828,0.0001583099365234375,106,0.09497284889221191,0.006892204284667969,0,0,0
distractor_heavy,401240,16384,16384,0.5,453754,20,8,8227,8233,8203,8240,2,0.00038361549377441406,0.0001220703125,39,0.0010145611595362425,0.0011724233627319336,16382,0,0
distractor_heavy,401240,16384,16384,0.5,453754,22,0,8227,8233,8203,8240,2,2.7623027563095093e-06,7.860362529754639e-07,2317,0.0005103740841150284,7.706508040428162e-05,16383,0,0
distractor_heavy,401240,16384,16384,0.5,453754,22,4,8227,8233,8203,8240,2,0.006964683532714844,0.0033416748046875,20,0.09145162999629974,0.0062367916107177734,16383,0,0
distractor_heavy,401240,16384,16384,0.5,453754,21,0,8227,8233,8203,8240,2,0.01930999755859375,0.00897216796875,3,0.039470791816711426,0.007267951965332031,0,0,0
distractor_heavy,401240,16384,16384,0.5,453754,20,6,8227,8233,8203,8240,2,0.00042557716369628906,9.679794311523438e-05,75,0.07230076193809509,0.0013991445302963257,0,0,0
distractor_heavy,401240,16384,16384,0.5,453754,20,9,8227,8233,8203,8240,2,0.01287841796875,0.0031890869140625,6,0.014053404331207275,0.0003295987844467163,16382,0,0
distractor_heavy,401240,16384,16384,0.5,453754,21,3,8227,8233,8203,8240,2,0.00014859437942504883,9.34600830078125e-05,107,0.008765362203121185,0.0038257837295532227,0,0,0
distractor_heavy,401240,16384,16384,0.5,453754,21,1,8227,8233,8203,8240,2,0.0008058547973632812,0.0002307891845703125,89,0.09853291511535645,0.004493236541748047,0,0,0
distractor_heavy,401240,16384,16384,0.5,453754,21,4,8227,8233,8203,8240,2,0.003291606903076172,0.00201416015625,36,0.057594239711761475,0.008050918579101562,16382,0,0
distractor_heavy,401240,16384,16384,0.5,453754,21,5,8227,8233,8203,8240,2,0.00551605224609375,0.00194549560546875,57,0.09338903427124023,0.006694793701171875,0,0,0
distractor_heavy,401240,16384,16384,0.5,453754,17,3,8227,8233,8203,8240,2,0.0008058547973632812,0.0002498626708984375,73,0.02721858024597168,0.005059480667114258,16383,0,0
distractor_heavy,401240,16384,16384,0.5,453754,22,10,8227,8233,8203,8240,2,0.1237030029296875,0.060791015625,5,0.5714432001113892,0.03891944885253906,8234,0,1
distractor_heavy,401240,16384,16384,0.5,453754,23,4,8227,8233,8203,8240,2,0.0067138671875,0.005859375,21,0.3022019863128662,0.011776506900787354,0,0,0
distractor_heavy,401240,16384,16384,0.5,453754,20,3,8227,8233,8203,8240,2,0.0005415678024291992,0.00017833709716796875,59,0.061236634850502014,0.002596557140350342,16368,0,0
distractor_heavy,401241,16384,16385,0.5,395505,20,7,8156,8162,8132,8169,2,0.004489421844482422,0.001617431640625,25,0.00934097170829773,0.01001596450805664,16384,0,0
distractor_heavy,401241,16384,16385,0.5,395505,21,11,8156,8162,8132,8169,2,0.58154296875,0.1435546875,1,0.7633562088012695,0.08966827392578125,8157,1,1
distractor_heavy,401241,16384,16385,0.5,395505,22,7,8156,8162,8132,8169,2,0.5533003807067871,0.5390625,1,0.944281280040741,0.04711292311549187,8156,1,1
distractor_heavy,401241,16384,16385,0.5,395505,18,3,8156,8162,8132,8169,2,0.004834175109863281,0.0027313232421875,38,0.12908124923706055,0.03948974609375,16377,0,0
distractor_heavy,401241,16384,16385,0.5,395505,17,10,8156,8162,8132,8169,2,0.00033402442932128906,9.393692016601562e-05,107,0.09074854850769043,0.007030487060546875,0,0,0
distractor_heavy,401241,16384,16385,0.5,395505,20,8,8156,8162,8132,8169,2,0.00015029311180114746,5.7697296142578125e-05,46,0.000580345862545073,0.0015166178345680237,16383,0,0
distractor_heavy,401241,16384,16385,0.5,395505,22,0,8156,8162,8132,8169,2,8.529052138328552e-06,3.6507844924926758e-06,892,0.0007753169629722834,0.00010963156819343567,16384,0,0
distractor_heavy,401241,16384,16385,0.5,395505,22,4,8156,8162,8132,8169,2,0.0027322769165039062,0.000682830810546875,38,0.07681983709335327,0.010192155838012695,16384,0,0
distractor_heavy,401241,16384,16385,0.5,395505,21,0,8156,8162,8132,8169,2,0.015735626220703125,0.006378173828125,4,0.03565239906311035,0.010759353637695312,0,0,0
distractor_heavy,401241,16384,16385,0.5,395505,20,6,8156,8162,8132,8169,2,0.00030517578125,0.00011873245239257812,72,0.12112399935722351,0.0008105114102363586,0,0,0
distractor_heavy,401241,16384,16385,0.5,395505,20,9,8156,8162,8132,8169,2,0.025360107421875,0.0103759765625,4,0.027127772569656372,0.0010026246309280396,16383,0,0
distractor_heavy,401241,16384,16385,0.5,395505,21,3,8156,8162,8132,8169,2,5.461275577545166e-05,2.562999725341797e-05,240,0.008916705846786499,0.005342721939086914,0,0,0
distractor_heavy,401241,16384,16385,0.5,395505,21,1,8156,8162,8132,8169,2,0.0003428459167480469,0.000156402587890625,105,0.06506848335266113,0.006420612335205078,0,0,0
distractor_heavy,401241,16384,16385,0.5,395505,21,4,8156,8162,8132,8169,2,0.0032472610473632812,0.00183868408203125,42,0.05072575807571411,0.010594367980957031,16383,0,0
distractor_heavy,401241,16384,16385,0.5,395505,21,5,8156,8162,8132,8169,2,0.008398056030273438,0.005462646484375,26,0.10512018203735352,0.01143789291381836,0,0,0
distractor_heavy,401241,16384,16385,0.5,395505,17,3,8156,8162,8132,8169,2,0.00016504526138305664,4.792213439941406e-05,93,0.01657789945602417,0.006395220756530762,16384,0,0
distractor_heavy,401241,16384,16385,0.5,395505,22,10,8156,8162,8132,8169,2,0.213409423828125,0.06494140625,4,0.6722943782806396,0.053791165351867676,8155,0,1
distractor_heavy,401241,16384,16385,0.5,395505,23,4,8156,8162,8132,8169,2,0.008489131927490234,0.0042724609375,22,0.2778388261795044,0.01663374900817871,0,0,0
distractor_heavy,401241,16384,16385,0.5,395505,20,3,8156,8162,8132,8169,2,0.0003325343132019043,0.00012063980102539062,61,0.030208438634872437,0.003401637077331543,16371,0,0
