variant,seed,target_tokens,actual_tokens,needle_frac,gold,layer,head,baseline_logprob,ablated_logprob,delta_logprob
literal,1234,8192,8191,0.1,915965,21,11,-2.0839297771453857,-2.2091742356618247,-0.12524445851643895
literal,1234,8192,8191,0.1,915965,0,8,-2.0839297771453857,-2.094247023264567,-0.010317246119181167
literal,1234,8192,8191,0.1,915965,22,7,-2.0839297771453857,-2.146477699279785,-0.06254792213439941
literal,1234,8192,8191,0.1,915965,21,9,-2.0839297771453857,-2.0110495885213218,0.07288018862406398
literal,1234,8192,8191,0.1,915965,20,2,-2.0839297771453857,-2.0630711714426675,0.020858605702718247
literal,1234,8192,8191,0.1,915965,20,9,-2.0839297771453857,-2.1360127131144204,-0.05208293596903468
literal,1234,8192,8191,0.1,915965,17,3,-2.0839297771453857,-2.0421458085378013,0.04178396860758449
literal,1234,8192,8191,0.1,915965,20,3,-2.0839297771453857,-2.115187406539917,-0.03125762939453125
literal,1234,8192,8191,0.1,915965,19,1,-2.0839297771453857,-2.063074509302775,0.020855267842610825
literal,1234,8192,8191,0.1,915965,18,3,-2.0839297771453857,-2.1985607941945395,-0.1146310170491538
literal,1234,8192,8191,0.1,915965,20,5,-2.0839297771453857,-2.0943159262339273,-0.010386149088541519
literal,1234,8192,8191,0.1,915965,22,10,-2.0839297771453857,-2.115183115005493,-0.03125333786010742
literal,1234,8192,8191,0.1,915965,0,11,-2.0839297771453857,-2.0631585915883384,0.020771185557047378
literal,1234,8192,8191,0.1,915965,23,4,-2.0839297771453857,-2.146418889363607,-0.06248911221822118
literal,1234,8192,8191,0.1,915965,0,2,-2.0839297771453857,-2.073490301767985,0.010439475377400864
literal,1234,8192,8191,0.1,915965,0,6,-2.0839297771453857,-2.104540745417277,-0.020610968271891128
literal,1234,8192,8191,0.1,915965,0,7,-2.0839297771453857,-2.0839452743530273,-1.5497207641601562e-05
literal,1234,8192,8191,0.1,915965,0,10,-2.0839297771453857,-2.042062203089396,0.04186757405598973
literal,1234,8192,8191,0.1,915965,0,0,-2.0839297771453857,-2.052742878595988,0.031186898549397934
literal,1234,8192,8191,0.1,915965,0,3,-2.0839297771453857,-2.1151225566864014,-0.031192779541015625
literal,1234,8192,8191,0.1,915965,0,1,-2.0839297771453857,-2.0734800497690835,0.010449727376302231
literal,1234,8192,8191,0.1,915965,0,4,-2.0839297771453857,-2.1151623725891113,-0.031232595443725586
literal,1234,8192,8191,0.1,915965,20,11,-2.0839297771453857,-2.0214229424794516,0.0625068346659341
literal,1234,8192,8191,0.1,915965,0,5,-2.0839297771453857,-2.0734787782033286,0.010450998942057144
literal,1235,8192,8193,0.1,822782,21,11,-1.9383243719736736,-2.125936587651571,-0.1876122156778972
literal,1235,8192,8193,0.1,822782,0,8,-1.9383243719736736,-1.969477613766988,-0.031153241793314468
literal,1235,8192,8193,0.1,822782,22,7,-1.9383243719736736,-2.2091981569925943,-0.2708737850189207
literal,1235,8192,8193,0.1,822782,21,9,-1.9383243719736736,-1.8654075463612874,0.07291682561238622
literal,1235,8192,8193,0.1,822782,20,2,-1.9383243719736736,-1.9383596579233806,-3.528594970703125e-05
literal,1235,8192,8193,0.1,822782,20,9,-1.9383243719736736,-2.0633224646250405,-0.12499809265136697
literal,1235,8192,8193,0.1,822782,17,3,-1.9383243719736736,-1.9590336084365845,-0.020709236462910896
literal,1235,8192,8193,0.1,822782,20,3,-1.9383243719736736,-1.969573736190796,-0.031249364217122322
literal,1235,8192,8193,0.1,822782,19,1,-1.9383243719736736,-1.9382784366607666,4.5935312906975057e-05
literal,1235,8192,8193,0.1,822782,18,3,-1.9383243719736736,-2.021715005238851,-0.08339063326517748
literal,1235,8192,8193,0.1,822782,20,5,-1.9383243719736736,-1.9279121557871501,0.010412216186523438
literal,1235,8192,8193,0.1,822782,22,10,-1.9383243719736736,-2.000847657521566,-0.06252328554789233
literal,1235,8192,8193,0.1,822782,0,11,-1.9383243719736736,-1.9383938312530518,-6.94592793781812e-05
literal,1235,8192,8193,0.1,822782,23,4,-1.9383243719736736,-1.9591375192006428,-0.020813147226969253
literal,1235,8192,8193,0.1,822782,0,2,-1.9383243719736736,-1.9696186383565266,-0.03129426638285304
literal,1235,8192,8193,0.1,822782,0,6,-1.9383243719736736,-2.083958109219869,-0.14563373724619555
literal,1235,8192,8193,0.1,822782,0,7,-1.9383243719736736,-1.969582239786784,-0.03125786781311035
literal,1235,8192,8193,0.1,822782,0,10,-1.9383243719736736,-1.9903210798899333,-0.051996707916259766
literal,1235,8192,8193,0.1,822782,0,0,-1.9383243719736736,-1.9176896413167317,0.02063473065694188
literal,1235,8192,8193,0.1,822782,0,3,-1.9383243719736736,-2.0322295824686685,-0.0939052104949949
literal,1235,8192,8193,0.1,822782,0,1,-1.9383243719736736,-1.9800963401794434,-0.04177196820576978
literal,1235,8192,8193,0.1,822782,0,4,-1.9383243719736736,-2.011320193608602,-0.07299582163492846
literal,1235,8192,8193,0.1,822782,20,11,-1.9383243719736736,-1.9070768356323242,0.031247536341349358
literal,1235,8192,8193,0.1,822782,0,5,-1.9383243719736736,-1.9695769151051838,-0.03125254313151027
literal,1236,8192,8192,0.1,659279,21,11,-1.9796881675720215,-2.1257449785868325,-0.14605681101481105
literal,1236,8192,8192,0.1,659279,0,8,-1.9796881675720215,-1.9900342623392742,-0.010346094767252678
literal,1236,8192,8192,0.1,659279,22,7,-1.9796881675720215,-2.1984710693359375,-0.21878290176391602
literal,1236,8192,8192,0.1,659279,21,9,-1.9796881675720215,-1.969274361928304,0.010413805643717522
literal,1236,8192,8192,0.1,659279,20,2,-1.9796881675720215,-2.0005009969075522,-0.020812829335530747
literal,1236,8192,8192,0.1,659279,20,9,-1.9796881675720215,-2.1463190714518228,-0.16663090387980128
literal,1236,8192,8192,0.1,659279,17,3,-1.9796881675720215,-2.0004274050394693,-0.02073923746744777
literal,1236,8192,8192,0.1,659279,20,3,-1.9796881675720215,-2.0317769050598145,-0.05208873748779297
literal,1236,8192,8192,0.1,659279,19,1,-1.9796881675720215,-1.9692708651224773,0.010417302449544197
literal,1236,8192,8192,0.1,659279,18,3,-1.9796881675720215,-2.1359694798787436,-0.15628131230672215
literal,1236,8192,8192,0.1,659279,20,5,-1.9796881675720215,-1.9588580131530762,0.020830154418945312
literal,1236,8192,8192,0.1,659279,22,10,-1.9796881675720215,-2.0109047889709473,-0.03121662139892578
literal,1236,8192,8192,0.1,659279,0,11,-1.9796881675720215,-2.0109373728434243,-0.031249205271402847
literal,1236,8192,8192,0.1,659279,23,4,-1.9796881675720215,-2.0525922775268555,-0.07290410995483398
literal,1236,8192,8192,0.1,659279,0,2,-1.9796881675720215,-2.0005369186401367,-0.020848751068115234
literal,1236,8192,8192,0.1,659279,0,6,-1.9796881675720215,-1.9169704914093018,0.06271767616271973
literal,1236,8192,8192,0.1,659279,0,7,-1.9796881675720215,-2.0422019958496094,-0.06251382827758789
literal,1236,8192,8192,0.1,659279,0,10,-1.9796881675720215,-1.958682696024577,0.021005471547444587
literal,1236,8192,8192,0.1,659279,0,0,-1.9796881675720215,-1.9588651657104492,0.020823001861572266
literal,1236,8192,8192,0.1,659279,0,3,-1.9796881675720215,-2.0213796297709146,-0.04169146219889308
literal,1236,8192,8192,0.1,659279,0,1,-1.9796881675720215,-1.990121841430664,-0.010433673858642578
literal,1236,8192,8192,0.1,659279,0,4,-1.9796881675720215,-2.0005332628885903,-0.020845095316568862
literal,1236,8192,8192,0.1,659279,20,11,-1.9796881675720215,-1.969252109527588,0.010436058044433594
literal,1236,8192,8192,0.1,659279,0,5,-1.9796881675720215,-1.9796640078226726,2.415974934888432e-05
literal,1237,8192,8191,0.1,255903,21,11,-2.2609168688456216,-2.282040596008301,-0.021123727162679184
literal,1237,8192,8191,0.1,255903,0,8,-2.2609168688456216,-2.302560647328695,-0.04164377848307321
literal,1237,8192,8191,0.1,255903,22,7,-2.2609168688456216,-2.365140120188395,-0.10422325134277344
literal,1237,8192,8191,0.1,255903,21,9,-2.2609168688456216,-2.1776134173075357,0.08330345153808594
literal,1237,8192,8191,0.1,255903,20,2,-2.2609168688456216,-2.2504990895589194,0.010417779286702178
literal,1237,8192,8191,0.1,255903,20,9,-2.2609168688456216,-2.302578608194987,-0.041661739349365234
literal,1237,8192,8191,0.1,255903,17,3,-2.2609168688456216,-2.250440756479899,0.010476112365722656
literal,1237,8192,8191,0.1,255903,20,3,-2.2609168688456216,-2.3234686851501465,-0.06255181630452489
literal,1237,8192,8191,0.1,255903,19,1,-2.2609168688456216,-2.250520388285319,0.010396480560302734
literal,1237,8192,8191,0.1,255903,18,3,-2.2609168688456216,-2.3338890075683594,-0.07297213872273778
literal,1237,8192,8191,0.1,255903,20,5,-2.2609168688456216,-2.1463281313578286,0.11458873748779297
literal,1237,8192,8191,0.1,255903,22,10,-2.2609168688456216,-2.292153835296631,-0.031236966451009263
literal,1237,8192,8191,0.1,255903,0,11,-2.2609168688456216,-2.250492731730143,0.010424137115478516
literal,1237,8192,8191,0.1,255903,23,4,-2.2609168688456216,-2.292161146799723,-0.031244277954101562
literal,1237,8192,8191,0.1,255903,0,2,-2.2609168688456216,-2.2504959106445312,0.010420958201090347
literal,1237,8192,8191,0.1,255903,0,6,-2.2609168688456216,-2.1774826844533286,0.083434184392293
literal,1237,8192,8191,0.1,255903,0,7,-2.2609168688456216,-2.3130313555399575,-0.05211448669433594
literal,1237,8192,8191,0.1,255903,0,10,-2.2609168688456216,-2.208736260732015,0.052180608113606475
literal,1237,8192,8191,0.1,255903,0,0,-2.2609168688456216,-2.2088499069213867,0.05206696192423488
literal,1237,8192,8191,0.1,255903,0,3,-2.2609168688456216,-2.281788190205892,-0.02087132136027048
literal,1237,8192,8191,0.1,255903,0,1,-2.2609168688456216,-2.2504711151123047,0.01044575373331691
literal,1237,8192,8191,0.1,255903,0,4,-2.2609168688456216,-2.2505367596944175,0.010380109151204131
literal,1237,8192,8191,0.1,255903,20,11,-2.2609168688456216,-2.156754970550537,0.10416189829508449
literal,1237,8192,8191,0.1,255903,0,5,-2.2609168688456216,-2.2505170504252114,0.010399818420410156
literal,1238,8192,8192,0.1,127404,21,11,-2.104977607727051,-2.0635964075724282,0.041381200154622544
literal,1238,8192,8192,0.1,127404,0,8,-2.104977607727051,-2.084105650583903,0.020871957143147934
literal,1238,8192,8192,0.1,127404,22,7,-2.104977607727051,-2.115384896596273,-0.010407288869222153
literal,1238,8192,8192,0.1,127404,21,9,-2.104977607727051,-2.0320307413736978,0.07294686635335301
literal,1238,8192,8192,0.1,127404,20,2,-2.104977607727051,-2.1049655278523765,1.2079874674331137e-05
literal,1238,8192,8192,0.1,127404,20,9,-2.104977607727051,-2.23000160853068,-0.1250240008036294
literal,1238,8192,8192,0.1,127404,17,3,-2.104977607727051,-2.084059715270996,0.020917892456054688
literal,1238,8192,8192,0.1,127404,20,3,-2.104977607727051,-2.146663506825765,-0.04168589909871434
literal,1238,8192,8192,0.1,127404,19,1,-2.104977607727051,-2.1153697967529297,-0.010392189025878906
literal,1238,8192,8192,0.1,127404,18,3,-2.104977607727051,-2.1779394149780273,-0.07296180725097656
literal,1238,8192,8192,0.1,127404,20,5,-2.104977607727051,-2.0528526306152344,0.052124977111816406
literal,1238,8192,8192,0.1,127404,22,10,-2.104977607727051,-2.1153666178385415,-0.010389010111490737
literal,1238,8192,8192,0.1,127404,0,11,-2.104977607727051,-2.104931195576986,4.641215006495614e-05
literal,1238,8192,8192,0.1,127404,23,4,-2.104977607727051,-2.1674652099609375,-0.06248760223388672
literal,1238,8192,8192,0.1,127404,0,2,-2.104977607727051,-2.06332794825236,0.0416496594746909
literal,1238,8192,8192,0.1,127404,0,6,-2.104977607727051,-2.0528810818990073,0.05209652582804347
literal,1238,8192,8192,0.1,127404,0,7,-2.104977607727051,-2.104992230733236,-1.4623006185043863e-05
literal,1238,8192,8192,0.1,127404,0,10,-2.104977607727051,-2.052744706471761,0.052232901255289566
literal,1238,8192,8192,0.1,127404,0,0,-2.104977607727051,-2.0633214314778647,0.04165617624918605
literal,1238,8192,8192,0.1,127404,0,3,-2.104977607727051,-2.094573656717936,0.010403951009114731
literal,1238,8192,8192,0.1,127404,0,1,-2.104977607727051,-2.084151268005371,0.020826339721679688
literal,1238,8192,8192,0.1,127404,0,4,-2.104977607727051,-2.1153895060221353,-0.010411898295084487
literal,1238,8192,8192,0.1,127404,20,11,-2.104977607727051,-2.094505945841471,0.010471661885579575
literal,1238,8192,8192,0.1,127404,0,5,-2.104977607727051,-2.1049707730611167,6.834665934096762e-06
literal,1239,8192,8192,0.1,178315,21,11,-2.0737412770589194,-2.0741453170776367,-0.0004040400187172999
literal,1239,8192,8192,0.1,178315,0,8,-2.0737412770589194,-2.073756535847982,-1.52587890625e-05
literal,1239,8192,8192,0.1,178315,22,7,-2.0737412770589194,-2.125868479410807,-0.052127202351887725
literal,1239,8192,8192,0.1,178315,21,9,-2.0737412770589194,-2.0111862818400064,0.06255499521891306
literal,1239,8192,8192,0.1,178315,20,2,-2.0737412770589194,-2.0633039474487305,0.01043732961018895
literal,1239,8192,8192,0.1,178315,20,9,-2.0737412770589194,-2.1987269719441733,-0.1249856948852539
literal,1239,8192,8192,0.1,178315,17,3,-2.0737412770589194,-2.1153311729431152,-0.041589895884195816
literal,1239,8192,8192,0.1,178315,20,3,-2.0737412770589194,-2.0841830571492515,-0.010441780090332031
literal,1239,8192,8192,0.1,178315,19,1,-2.0737412770589194,-2.084138552347819,-0.010397275288899444
literal,1239,8192,8192,0.1,178315,18,3,-2.0737412770589194,-2.1258955001831055,-0.05215422312418605
literal,1239,8192,8192,0.1,178315,20,5,-2.0737412770589194,-2.0007688204447427,0.07297245661417673
literal,1239,8192,8192,0.1,178315,22,10,-2.0737412770589194,-2.073734919230143,6.357828776337726e-06
literal,1239,8192,8192,0.1,178315,0,11,-2.0737412770589194,-2.032022794087728,0.041718482971191406
literal,1239,8192,8192,0.1,178315,23,4,-2.0737412770589194,-2.1049582163492837,-0.031216939290364287
literal,1239,8192,8192,0.1,178315,0,2,-2.0737412770589194,-2.042537053426107,0.0312042236328125
literal,1239,8192,8192,0.1,178315,0,6,-2.0737412770589194,-1.990634282430013,0.08310699462890647
literal,1239,8192,8192,0.1,178315,0,7,-2.0737412770589194,-2.084167798360189,-0.010426521301269531
literal,1239,8192,8192,0.1,178315,0,10,-2.0737412770589194,-2.01124636332194,0.06249491373697946
literal,1239,8192,8192,0.1,178315,0,0,-2.0737412770589194,-2.000844955444336,0.07289632161458348
literal,1239,8192,8192,0.1,178315,0,3,-2.0737412770589194,-2.0737810134887695,-3.973642985011239e-05
literal,1239,8192,8192,0.1,178315,0,1,-2.0737412770589194,-2.0633506774902344,0.010390599568685044
literal,1239,8192,8192,0.1,178315,0,4,-2.0737412770589194,-2.0633761088053384,0.010365168253581025
literal,1239,8192,8192,0.1,178315,20,11,-2.0737412770589194,-2.0111870765686035,0.0625542004903159
literal,1239,8192,8192,0.1,178315,0,5,-2.0737412770589194,-2.04246457417806,0.031276702880859375
literal,1240,8192,8191,0.1,779361,21,11,-1.9174858729044597,-2.063558260599772,-0.14607238769531228
literal,1240,8192,8191,0.1,779361,0,8,-1.9174858729044597,-1.8861549695332844,0.03133090337117528
literal,1240,8192,8191,0.1,779361,22,7,-1.9174858729044597,-2.0633713404337564,-0.14588546752929665
literal,1240,8192,8191,0.1,779361,21,9,-1.9174858729044597,-1.875846227010091,0.04163964589436864
literal,1240,8192,8191,0.1,779361,20,2,-1.9174858729044597,-1.8758323987325032,0.04165347417195653
literal,1240,8192,8191,0.1,779361,20,9,-1.9174858729044597,-1.9695777893066406,-0.052091916402180916
literal,1240,8192,8191,0.1,779361,17,3,-1.9174858729044597,-1.906873067220052,0.0106128056844077
literal,1240,8192,8191,0.1,779361,20,3,-1.9174858729044597,-1.9591905275980632,-0.041704654693603516
literal,1240,8192,8191,0.1,779361,19,1,-1.9174858729044597,-1.8966819445292156,0.02080392837524414
literal,1240,8192,8191,0.1,779361,18,3,-1.9174858729044597,-1.990559736887614,-0.0730738639831543
literal,1240,8192,8191,0.1,779361,20,5,-1.9174858729044597,-1.9070816040039062,0.01040426890055346
literal,1240,8192,8191,0.1,779361,22,10,-1.9174858729044597,-1.9383438428243,-0.020857969919840347
literal,1240,8192,8191,0.1,779361,0,11,-1.9174858729044597,-1.8551090558369954,0.06237681706746434
literal,1240,8192,8191,0.1,779361,23,4,-1.9174858729044597,-1.9487476348876953,-0.0312617619832356
literal,1240,8192,8191,0.1,779361,0,2,-1.9174858729044597,-1.8863232930501301,0.031162579854329575
literal,1240,8192,8191,0.1,779361,0,6,-1.9174858729044597,-1.8546207745869954,0.06286509831746434
literal,1240,8192,8191,0.1,779361,0,7,-1.9174858729044597,-1.8965932528177898,0.020892620086669922
literal,1240,8192,8191,0.1,779361,0,10,-1.9174858729044597,-1.8651183446248372,0.052367528279622544
literal,1240,8192,8191,0.1,779361,0,0,-1.9174858729044597,-1.8657423655192058,0.051743507385253906
literal,1240,8192,8191,0.1,779361,0,3,-1.9174858729044597,-1.917502721150716,-1.6848246256362387e-05
literal,1240,8192,8191,0.1,779361,0,1,-1.9174858729044597,-1.9071377118428547,0.010348161061604966
literal,1240,8192,8191,0.1,779361,0,4,-1.9174858729044597,-1.8967811266581218,0.02070474624633789
literal,1240,8192,8191,0.1,779361,20,11,-1.9174858729044597,-1.865420659383138,0.05206521352132176
literal,1240,8192,8191,0.1,779361,0,5,-1.9174858729044597,-1.886228084564209,0.031257788340250725
literal,1241,8192,8192,0.1,731022,21,11,-1.9490454991658528,-2.0951876640319824,-0.14614216486612963
literal,1241,8192,8192,0.1,731022,0,8,-1.9490454991658528,-1.9385103384653728,0.010535160700479995
literal,1241,8192,8192,0.1,731022,22,7,-1.9490454991658528,-2.074216604232788,-0.1251711050669353
literal,1241,8192,8192,0.1,731022,21,9,-1.9490454991658528,-1.9178509712219238,0.031194527943928962
literal,1241,8192,8192,0.1,731022,20,2,-1.9490454991658528,-1.949039061864217,6.4373016357421875e-06
literal,1241,8192,8192,0.1,731022,20,9,-1.9490454991658528,-2.0219852129618325,-0.07293971379597974
literal,1241,8192,8192,0.1,731022,17,3,-1.9490454991658528,-1.9904004732767742,-0.04135497411092137
literal,1241,8192,8192,0.1,731022,20,3,-1.9490454991658528,-2.01154891649882,-0.06250341733296705
literal,1241,8192,8192,0.1,731022,19,1,-1.9490454991658528,-1.9699331124623616,-0.02088761329650879
literal,1241,8192,8192,0.1,731022,18,3,-1.9490454991658528,-2.0950133005777993,-0.14596780141194654
literal,1241,8192,8192,0.1,731022,20,5,-1.9490454991658528,-1.9282710552215576,0.020774443944295173
literal,1241,8192,8192,0.1,731022,22,10,-1.9490454991658528,-2.0012216567993164,-0.052176157633463616
literal,1241,8192,8192,0.1,731022,0,11,-1.9490454991658528,-1.9282182852427165,0.020827213923136245
literal,1241,8192,8192,0.1,731022,23,4,-1.9490454991658528,-1.9907634258270264,-0.04171792666117358
literal,1241,8192,8192,0.1,731022,0,2,-1.9490454991658528,-1.94913649559021,-9.099642435717037e-05
literal,1241,8192,8192,0.1,731022,0,6,-1.9490454991658528,-1.9590221246083577,-0.009976625442504883
literal,1241,8192,8192,0.1,731022,0,7,-1.9490454991658528,-1.9699375629425049,-0.020892063776652092
literal,1241,8192,8192,0.1,731022,0,10,-1.9490454991658528,-1.9173805713653564,0.031664927800496345
literal,1241,8192,8192,0.1,731022,0,0,-1.9490454991658528,-1.9283422629038494,0.020703236262003433
literal,1241,8192,8192,0.1,731022,0,3,-1.9490454991658528,-1.9387733936309814,0.010272105534871345
literal,1241,8192,8192,0.1,731022,0,1,-1.9490454991658528,-1.93876846631368,0.010277032852172852
literal,1241,8192,8192,0.1,731022,0,4,-1.9490454991658528,-1.9386914571126301,0.010354042053222656
literal,1241,8192,8192,0.1,731022,20,11,-1.9490454991658528,-1.896937370300293,0.05210812886555982
literal,1241,8192,8192,0.1,731022,0,5,-1.9490454991658528,-1.9699602921803792,-0.020914793014526367
alias,101234,8192,8192,0.1,476403,21,11,-1.9529555638631184,-2.1743481953938804,-0.22139263153076194
alias,101234,8192,8192,0.1,476403,0,8,-1.9529555638631184,-1.9316781361897786,0.021277427673339844
alias,101234,8192,8192,0.1,476403,22,7,-1.9529555638631184,-2.067915916442871,-0.11496035257975268
alias,101234,8192,8192,0.1,476403,21,9,-1.9529555638631184,-1.943076769510905,0.009878794352213394
alias,101234,8192,8192,0.1,476403,20,2,-1.9529555638631184,-1.9843308130900066,-0.03137524922688817
alias,101234,8192,8192,0.1,476403,20,9,-1.9529555638631184,-1.9845304489135742,-0.0315748850504558
alias,101234,8192,8192,0.1,476403,17,3,-1.9529555638631184,-1.9537172317504883,-0.0007616678873698657
alias,101234,8192,8192,0.1,476403,20,3,-1.9529555638631184,-1.99486509958903,-0.041909535725911606
alias,101234,8192,8192,0.1,476403,19,1,-1.9529555638631184,-1.9530808130900066,-0.00012524922688816886
alias,101234,8192,8192,0.1,476403,18,3,-1.9529555638631184,-2.0502904256184897,-0.09733486175537132
alias,101234,8192,8192,0.1,476403,20,5,-1.9529555638631184,-1.9639348983764648,-0.010979334513346428
alias,101234,8192,8192,0.1,476403,22,10,-1.9529555638631184,-1.973981539408366,-0.021025975545247544
alias,101234,8192,8192,0.1,476403,0,11,-1.9529555638631184,-1.909502347310384,0.043453216552734375
alias,101234,8192,8192,0.1,476403,23,4,-1.9529555638631184,-1.9946797688802083,-0.041724205017089844
alias,101234,8192,8192,0.1,476403,0,2,-1.9529555638631184,-1.952461878458659,0.0004936854044594874
alias,101234,8192,8192,0.1,476403,0,6,-1.9529555638631184,-2.033454418182373,-0.08049885431925463
alias,101234,8192,8192,0.1,476403,0,7,-1.9529555638631184,-1.9742902119954426,-0.02133464813232422
alias,101234,8192,8192,0.1,476403,0,10,-1.9529555638631184,-1.992238998413086,-0.03928343454996752
alias,101234,8192,8192,0.1,476403,0,0,-1.9529555638631184,-1.9327716827392578,0.020183881123860603
alias,101234,8192,8192,0.1,476403,0,3,-1.9529555638631184,-1.9626658757527669,-0.009710311889648438
alias,101234,8192,8192,0.1,476403,0,1,-1.9529555638631184,-1.9830640157063801,-0.03010845184326172
alias,101234,8192,8192,0.1,476403,0,4,-1.9529555638631184,-1.984326680501302,-0.031371116638183594
alias,101234,8192,8192,0.1,476403,20,11,-1.9529555638631184,-2.0050477981567383,-0.052092234293619866
alias,101234,8192,8192,0.1,476403,0,5,-1.9529555638631184,-1.9844099680582683,-0.03145440419514989
alias,101235,8192,8192,0.1,419257,21,11,-1.919932206471761,-2.1400553385416665,-0.22012313206990552
alias,101235,8192,8192,0.1,419257,0,8,-1.919932206471761,-1.878008206685384,0.04192399978637695
alias,101235,8192,8192,0.1,419257,22,7,-1.919932206471761,-1.9719772338867188,-0.052045027414957756
alias,101235,8192,8192,0.1,419257,21,9,-1.919932206471761,-1.9097706476847331,0.010161558787027847
alias,101235,8192,8192,0.1,419257,20,2,-1.919932206471761,-1.9196213086446126,0.0003108978271484375
alias,101235,8192,8192,0.1,419257,20,9,-1.919932206471761,-1.9406719207763672,-0.020739714304606194
alias,101235,8192,8192,0.1,419257,17,3,-1.919932206471761,-1.9298025767008464,-0.009870370229085434
alias,101235,8192,8192,0.1,419257,20,3,-1.919932206471761,-1.930138111114502,-0.01020590464274096
alias,101235,8192,8192,0.1,419257,19,1,-1.919932206471761,-1.9092699686686199,0.010662237803141128
alias,101235,8192,8192,0.1,419257,18,3,-1.919932206471761,-1.9943647384643555,-0.07443253199259448
alias,101235,8192,8192,0.1,419257,20,5,-1.919932206471761,-1.9095040957132976,0.010428110758463394
alias,101235,8192,8192,0.1,419257,22,10,-1.919932206471761,-1.9304720560709636,-0.010539849599202622
alias,101235,8192,8192,0.1,419257,0,11,-1.919932206471761,-1.8886841138203938,0.031248092651367188
alias,101235,8192,8192,0.1,419257,23,4,-1.919932206471761,-1.95130189259847,-0.031369686126708984
alias,101235,8192,8192,0.1,419257,0,2,-1.919932206471761,-1.8903958002726238,0.029536406199137222
alias,101235,8192,8192,0.1,419257,0,6,-1.919932206471761,-1.9493762652079265,-0.029444058736165513
alias,101235,8192,8192,0.1,419257,0,7,-1.919932206471761,-1.9097801844278972,0.010152022043863784
alias,101235,8192,8192,0.1,419257,0,10,-1.919932206471761,-1.9075134595235188,0.012418746948242188
alias,101235,8192,8192,0.1,419257,0,0,-1.919932206471761,-1.8785289128621419,0.04140329360961914
alias,101235,8192,8192,0.1,419257,0,3,-1.919932206471761,-1.910697301228841,0.009234905242919922
alias,101235,8192,8192,0.1,419257,0,1,-1.919932206471761,-1.8996933301289876,0.020238876342773438
alias,101235,8192,8192,0.1,419257,0,4,-1.919932206471761,-1.9303223292032878,-0.01039012273152684
alias,101235,8192,8192,0.1,419257,20,11,-1.919932206471761,-1.930107593536377,-0.01017538706461596
alias,101235,8192,8192,0.1,419257,0,5,-1.919932206471761,-1.899289608001709,0.02064259847005201
alias,101236,8192,8192,0.1,896301,21,11,-1.7837336858113606,-2.055691401163737,-0.27195771535237623
alias,101236,8192,8192,0.1,896301,0,8,-1.7837336858113606,-1.762264569600423,0.0214691162109375
alias,101236,8192,8192,0.1,896301,22,7,-1.7837336858113606,-1.8778874079386394,-0.0941537221272788
alias,101236,8192,8192,0.1,896301,21,9,-1.7837336858113606,-1.7421865463256836,0.04154713948567701
alias,101236,8192,8192,0.1,896301,20,2,-1.7837336858113606,-1.7628974914550781,0.020836194356282478
alias,101236,8192,8192,0.1,896301,20,9,-1.7837336858113606,-1.7316322326660156,0.05210145314534498
alias,101236,8192,8192,0.1,896301,17,3,-1.7837336858113606,-1.7732083002726238,0.010525385538736831
alias,101236,8192,8192,0.1,896301,20,3,-1.7837336858113606,-1.8359305063883464,-0.052196820576985825
alias,101236,8192,8192,0.1,896301,19,1,-1.7837336858113606,-1.7629753748575847,0.020758310953775894
alias,101236,8192,8192,0.1,896301,18,3,-1.7837336858113606,-1.836605707804362,-0.05287202199300145
alias,101236,8192,8192,0.1,896301,20,5,-1.7837336858113606,-1.794267972310384,-0.010534286499023438
alias,101236,8192,8192,0.1,896301,22,10,-1.7837336858113606,-1.8150758743286133,-0.03134218851725268
alias,101236,8192,8192,0.1,896301,0,11,-1.7837336858113606,-1.7314338684082031,0.05229981740315748
alias,101236,8192,8192,0.1,896301,23,4,-1.7837336858113606,-1.8150027592976887,-0.031269073486328125
alias,101236,8192,8192,0.1,896301,0,2,-1.7837336858113606,-1.7732073465983074,0.010526339213053237
alias,101236,8192,8192,0.1,896301,0,6,-1.7837336858113606,-1.8348105748494465,-0.05107688903808594
alias,101236,8192,8192,0.1,896301,0,7,-1.7837336858113606,-1.7525415420532227,0.031192143758137947
alias,101236,8192,8192,0.1,896301,0,10,-1.7837336858113606,-1.8452564875284831,-0.061522801717122544
alias,101236,8192,8192,0.1,896301,0,0,-1.7837336858113606,-1.7430330912272136,0.04070059458414699
alias,101236,8192,8192,0.1,896301,0,3,-1.7837336858113606,-1.783831278483073,-9.759267171238761e-05
alias,101236,8192,8192,0.1,896301,0,1,-1.7837336858113606,-1.7420056660970051,0.04172801971435547
alias,101236,8192,8192,0.1,896301,0,4,-1.7837336858113606,-1.7526273727416992,0.031106313069661384
alias,101236,8192,8192,0.1,896301,20,11,-1.7837336858113606,-1.7837931315104167,-5.944569905613761e-05
alias,101236,8192,8192,0.1,896301,0,5,-1.7837336858113606,-1.773447036743164,0.01028664906819654
alias,101237,8192,8192,0.1,847571,21,11,-1.7244116465250652,-2.0494887034098306,-0.3250770568847654
alias,101237,8192,8192,0.1,847571,0,8,-1.7244116465250652,-1.7537689208984375,-0.029357274373372322
alias,101237,8192,8192,0.1,847571,22,7,-1.7244116465250652,-1.8808739980061848,-0.15646235148111964
alias,101237,8192,8192,0.1,847571,21,9,-1.7244116465250652,-1.734827995300293,-0.01041634877522779
alias,101237,8192,8192,0.1,847571,20,2,-1.7244116465250652,-1.755324363708496,-0.030912717183430916
alias,101237,8192,8192,0.1,847571,20,9,-1.7244116465250652,-1.7253700892130535,-0.0009584426879882812
alias,101237,8192,8192,0.1,847571,17,3,-1.7244116465250652,-1.7759679158528645,-0.05155626932779933
alias,101237,8192,8192,0.1,847571,20,3,-1.7244116465250652,-1.807350476582845,-0.0829388300577798
alias,101237,8192,8192,0.1,847571,19,1,-1.7244116465250652,-1.7555449803670247,-0.031133333841959487
alias,101237,8192,8192,0.1,847571,18,3,-1.7244116465250652,-1.8414424260457356,-0.11703077952067042
alias,101237,8192,8192,0.1,847571,20,5,-1.7244116465250652,-1.766043980916341,-0.041632334391275894
alias,101237,8192,8192,0.1,847571,22,10,-1.7244116465250652,-1.7870362599690754,-0.06262461344401027
alias,101237,8192,8192,0.1,847571,0,11,-1.7244116465250652,-1.7429332733154297,-0.01852162679036451
alias,101237,8192,8192,0.1,847571,23,4,-1.7244116465250652,-1.7452700932820637,-0.02085844675699855
alias,101237,8192,8192,0.1,847571,0,2,-1.7244116465250652,-1.7459497451782227,-0.021538098653157478
alias,101237,8192,8192,0.1,847571,0,6,-1.7244116465250652,-1.8135430018107097,-0.08913135528564453
alias,101237,8192,8192,0.1,847571,0,7,-1.7244116465250652,-1.7447754542032878,-0.020363807678222656
alias,101237,8192,8192,0.1,847571,0,10,-1.7244116465250652,-1.8243109385172527,-0.0998992919921875
alias,101237,8192,8192,0.1,847571,0,0,-1.7244116465250652,-1.7137819925944011,0.010629653930664062
alias,101237,8192,8192,0.1,847571,0,3,-1.7244116465250652,-1.7569538752237956,-0.03254222869873047
alias,101237,8192,8192,0.1,847571,0,1,-1.7244116465250652,-1.7764218648274739,-0.052010218302408706
alias,101237,8192,8192,0.1,847571,0,4,-1.7244116465250652,-1.75505797068278,-0.030646324157714844
alias,101237,8192,8192,0.1,847571,20,11,-1.7244116465250652,-1.766018231709798,-0.041606585184732925
alias,101237,8192,8192,0.1,847571,0,5,-1.7244116465250652,-1.7770414352416992,-0.05262978871663404
alias,101238,8192,8193,0.1,223928,21,11,-1.9181777636210124,-2.12715212504069,-0.2089743614196775
alias,101238,8192,8193,0.1,223928,0,8,-1.9181777636210124,-1.9176788330078125,0.0004989306131999438
alias,101238,8192,8193,0.1,223928,22,7,-1.9181777636210124,-1.8452784220377605,0.07289934158325195
alias,101238,8192,8193,0.1,223928,21,9,-1.9181777636210124,-1.8454658190409343,0.07271194458007812
alias,101238,8192,8193,0.1,223928,20,2,-1.9181777636210124,-1.897222359975179,0.02095540364583348
alias,101238,8192,8193,0.1,223928,20,9,-1.9181777636210124,-1.897239367167155,0.020938396453857422
alias,101238,8192,8193,0.1,223928,17,3,-1.9181777636210124,-1.8562200864156086,0.061957677205403794
alias,101238,8192,8193,0.1,223928,20,3,-1.9181777636210124,-1.9183642069498699,-0.00018644332885742188
alias,101238,8192,8193,0.1,223928,19,1,-1.9181777636210124,-1.897519588470459,0.02065817515055346
alias,101238,8192,8193,0.1,223928,18,3,-1.9181777636210124,-1.9820278485616047,-0.0638500849405923
alias,101238,8192,8193,0.1,223928,20,5,-1.9181777636210124,-1.8972498575846355,0.020927906036376953
alias,101238,8192,8193,0.1,223928,22,10,-1.9181777636210124,-1.9390201568603516,-0.02084239323933912
alias,101238,8192,8193,0.1,223928,0,11,-1.9181777636210124,-1.8969677289326985,0.02121003468831395
alias,101238,8192,8193,0.1,223928,23,4,-1.9181777636210124,-1.9183478355407715,-0.00017007191975904057
alias,101238,8192,8193,0.1,223928,0,2,-1.9181777636210124,-1.9389511744181316,-0.02077341079711914
alias,101238,8192,8193,0.1,223928,0,6,-1.9181777636210124,-2.0134572982788086,-0.09527953465779615
alias,101238,8192,8193,0.1,223928,0,7,-1.9181777636210124,-1.8970925013224285,0.021085262298583984
alias,101238,8192,8193,0.1,223928,0,10,-1.9181777636210124,-1.939665158589681,-0.021487394968668472
alias,101238,8192,8193,0.1,223928,0,0,-1.9181777636210124,-1.8871248563130696,0.031052907307942856
alias,101238,8192,8193,0.1,223928,0,3,-1.9181777636210124,-1.928679625193278,-0.010501861572265625
alias,101238,8192,8193,0.1,223928,0,1,-1.9181777636210124,-1.8973623911539714,0.020815372467041016
alias,101238,8192,8193,0.1,223928,0,4,-1.9181777636210124,-1.9184128443400066,-0.00023508071899414062
alias,101238,8192,8193,0.1,223928,20,11,-1.9181777636210124,-1.8975094159444172,0.0206683476765952
alias,101238,8192,8193,0.1,223928,0,5,-1.9181777636210124,-1.9178566932678223,0.0003210703531901782
alias,101239,8192,8192,0.1,548522,21,11,-1.8470934232076008,-1.9004755020141602,-0.05338207880655932
alias,101239,8192,8192,0.1,548522,0,8,-1.8470934232076008,-1.825515588124593,0.021577835083007812
alias,101239,8192,8192,0.1,548522,22,7,-1.8470934232076008,-1.8679798444112141,-0.02088642120361328
alias,101239,8192,8192,0.1,548522,21,9,-1.8470934232076008,-1.816420555114746,0.030672868092854744
alias,101239,8192,8192,0.1,548522,20,2,-1.8470934232076008,-1.8158823649088542,0.031211058298746597
alias,101239,8192,8192,0.1,548522,20,9,-1.8470934232076008,-1.8995752334594727,-0.05248181025187182
alias,101239,8192,8192,0.1,548522,17,3,-1.8470934232076008,-1.8257617950439453,0.021331628163655525
alias,101239,8192,8192,0.1,548522,20,3,-1.8470934232076008,-1.8577429453531902,-0.01064952214558934
alias,101239,8192,8192,0.1,548522,19,1,-1.8470934232076008,-1.8368822733561199,0.010211149851480972
alias,101239,8192,8192,0.1,548522,18,3,-1.8470934232076008,-1.9530941645304363,-0.10600074132283543
alias,101239,8192,8192,0.1,548522,20,5,-1.8470934232076008,-1.878648281097412,-0.03155485788981127
alias,101239,8192,8192,0.1,548522,22,10,-1.8470934232076008,-1.8369169235229492,0.010176499684651619
alias,101239,8192,8192,0.1,548522,0,11,-1.8470934232076008,-1.7941293716430664,0.05296405156453443
alias,101239,8192,8192,0.1,548522,23,4,-1.8470934232076008,-1.867813269297282,-0.020719846089681138
alias,101239,8192,8192,0.1,548522,0,2,-1.8470934232076008,-1.8369026184082031,0.010190804799397712
alias,101239,8192,8192,0.1,548522,0,6,-1.8470934232076008,-1.9278270403544109,-0.08073361714681004
alias,101239,8192,8192,0.1,548522,0,7,-1.8470934232076008,-1.8364847501118977,0.010608673095703125
alias,101239,8192,8192,0.1,548522,0,10,-1.8470934232076008,-1.917665958404541,-0.07057253519694018
alias,101239,8192,8192,0.1,548522,0,0,-1.8470934232076008,-1.8155148824055989,0.03157854080200195
alias,101239,8192,8192,0.1,548522,0,3,-1.8470934232076008,-1.8267475763956706,0.02034584681193019
alias,101239,8192,8192,0.1,548522,0,1,-1.8470934232076008,-1.8150453567504883,0.032048066457112556
alias,101239,8192,8192,0.1,548522,0,4,-1.8470934232076008,-1.8367940584818523,0.01029936472574855
alias,101239,8192,8192,0.1,548522,20,11,-1.8470934232076008,-1.8787555694580078,-0.031662146250406975
alias,101239,8192,8192,0.1,548522,0,5,-1.8470934232076008,-1.8365971247355144,0.01049629847208644
alias,101240,8192,8192,0.1,890717,21,11,-1.8134337266286213,-2.0846873919169107,-0.2712536652882893
alias,101240,8192,8192,0.1,890717,0,8,-1.8134337266286213,-1.7820257345835369,0.03140799204508449
alias,101240,8192,8192,0.1,890717,22,7,-1.8134337266286213,-1.8759978612263997,-0.06256413459777832
alias,101240,8192,8192,0.1,890717,21,9,-1.8134337266286213,-1.7926489512125652,0.020784775416056167
alias,101240,8192,8192,0.1,890717,20,2,-1.8134337266286213,-1.792554457982381,0.020879268646240234
alias,101240,8192,8192,0.1,890717,20,9,-1.8134337266286213,-1.7718123594919841,0.04162136713663722
alias,101240,8192,8192,0.1,890717,17,3,-1.8134337266286213,-1.823874791463216,-0.010441064834594727
alias,101240,8192,8192,0.1,890717,20,3,-1.8134337266286213,-1.8654975891113281,-0.05206386248270678
alias,101240,8192,8192,0.1,890717,19,1,-1.8134337266286213,-1.8133970101674397,3.6716461181640625e-05
alias,101240,8192,8192,0.1,890717,18,3,-1.8134337266286213,-1.896982987721761,-0.08354926109313965
alias,101240,8192,8192,0.1,890717,20,5,-1.8134337266286213,-1.8134667873382568,-3.306070963549068e-05
alias,101240,8192,8192,0.1,890717,22,10,-1.8134337266286213,-1.82387113571167,-0.010437409083048577
alias,101240,8192,8192,0.1,890717,0,11,-1.8134337266286213,-1.7821531295776367,0.031280597050984627
alias,101240,8192,8192,0.1,890717,23,4,-1.8134337266286213,-1.8446795145670574,-0.03124578793843602
alias,101240,8192,8192,0.1,890717,0,2,-1.8134337266286213,-1.8134508927663167,-1.71661376953125e-05
alias,101240,8192,8192,0.1,890717,0,6,-1.8134337266286213,-1.8754793008168538,-0.06204557418823242
alias,101240,8192,8192,0.1,890717,0,7,-1.8134337266286213,-1.7925548553466797,0.020878871281941658
alias,101240,8192,8192,0.1,890717,0,10,-1.8134337266286213,-1.8652288913726807,-0.05179516474405932
alias,101240,8192,8192,0.1,890717,0,0,-1.8134337266286213,-1.7928649584452312,0.02056876818339015
alias,101240,8192,8192,0.1,890717,0,3,-1.8134337266286213,-1.8030455907185872,0.01038813591003418
alias,101240,8192,8192,0.1,890717,0,1,-1.8134337266286213,-1.8030388355255127,0.01039489110310865
alias,101240,8192,8192,0.1,890717,0,4,-1.8134337266286213,-1.7926812966664631,0.020752429962158203
alias,101240,8192,8192,0.1,890717,20,11,-1.8134337266286213,-1.8238461017608643,-0.010412375132242913
alias,101240,8192,8192,0.1,890717,0,5,-1.8134337266286213,-1.7925602595011394,0.02087346712748195
alias,101241,8192,8192,0.1,184514,21,11,-1.8434791564941406,-1.8954070409138997,-0.05192788441975904
alias,101241,8192,8192,0.1,184514,0,8,-1.8434791564941406,-1.8602298100789387,-0.016750653584798103
alias,101241,8192,8192,0.1,184514,22,7,-1.8434791564941406,-1.8983640670776367,-0.054884910583496094
alias,101241,8192,8192,0.1,184514,21,9,-1.8434791564941406,-1.8125756581624348,0.030903498331705803
alias,101241,8192,8192,0.1,184514,20,2,-1.8434791564941406,-1.841530164082845,0.001948992411295647
alias,101241,8192,8192,0.1,184514,20,9,-1.8434791564941406,-1.8918816248575847,-0.048402468363444084
alias,101241,8192,8192,0.1,184514,17,3,-1.8434791564941406,-1.8776826858520508,-0.034203529357910156
alias,101241,8192,8192,0.1,184514,20,3,-1.8434791564941406,-1.879952112833659,-0.0364729563395183
alias,101241,8192,8192,0.1,184514,19,1,-1.8434791564941406,-1.8355073928833008,0.007971763610839844
alias,101241,8192,8192,0.1,184514,18,3,-1.8434791564941406,-1.9377047220865886,-0.09422556559244799
alias,101241,8192,8192,0.1,184514,20,5,-1.8434791564941406,-1.8334051767985027,0.010073979695637947
alias,101241,8192,8192,0.1,184514,22,10,-1.8434791564941406,-1.8458925882975261,-0.0024134318033854907
alias,101241,8192,8192,0.1,184514,0,11,-1.8434791564941406,-1.8256171544392903,0.017862002054850334
alias,101241,8192,8192,0.1,184514,23,4,-1.8434791564941406,-1.8851381937662761,-0.04165903727213549
alias,101241,8192,8192,0.1,184514,0,2,-1.8434791564941406,-1.8590866724650066,-0.01560751597086596
alias,101241,8192,8192,0.1,184514,0,6,-1.8434791564941406,-1.8826335271199544,-0.03915437062581373
alias,101241,8192,8192,0.1,184514,0,7,-1.8434791564941406,-1.872769037882487,-0.029289881388346428
alias,101241,8192,8192,0.1,184514,0,10,-1.8434791564941406,-1.9033740361531575,-0.05989487965901685
alias,101241,8192,8192,0.1,184514,0,0,-1.8434791564941406,-1.8275623321533203,0.015916824340820312
alias,101241,8192,8192,0.1,184514,0,3,-1.8434791564941406,-1.8651316960652669,-0.021652539571126228
alias,101241,8192,8192,0.1,184514,0,1,-1.8434791564941406,-1.846047083536784,-0.002567927042643303
alias,101241,8192,8192,0.1,184514,0,4,-1.8434791564941406,-1.858289400736491,-0.014810244242350334
alias,101241,8192,8192,0.1,184514,20,11,-1.8434791564941406,-1.8644603093465169,-0.020981152852376228
alias,101241,8192,8192,0.1,184514,0,5,-1.8434791564941406,-1.858925183614095,-0.015446027119954353
paraphrase,201234,8192,8192,0.1,193786,21,11,-2.250237226486206,-2.2399149338404336,0.010322292645772446
paraphrase,201234,8192,8192,0.1,193786,0,8,-2.250237226486206,-2.208584745724996,0.041652480761209976
paraphrase,201234,8192,8192,0.1,193786,22,7,-2.250237226486206,-2.333573857943217,-0.08333663145701076
paraphrase,201234,8192,8192,0.1,193786,21,9,-2.250237226486206,-2.187738021214803,0.06249920527140285
paraphrase,201234,8192,8192,0.1,193786,20,2,-2.250237226486206,-2.2606376012166343,-0.010400374730428208
paraphrase,201234,8192,8192,0.1,193786,20,9,-2.250237226486206,-2.3648131688435874,-0.11457594235738133
paraphrase,201234,8192,8192,0.1,193786,17,3,-2.250237226486206,-2.3752353191375732,-0.12499809265136719
paraphrase,201234,8192,8192,0.1,193786,20,3,-2.250237226486206,-2.25024143854777,-4.2120615639795744e-06
paraphrase,201234,8192,8192,0.1,193786,19,1,-2.250237226486206,-2.2189793984095254,0.03125782807668065
paraphrase,201234,8192,8192,0.1,193786,18,3,-2.250237226486206,-2.312753200531006,-0.0625159740447998
paraphrase,201234,8192,8192,0.1,193786,20,5,-2.250237226486206,-2.2502392530441284,-2.0265579223632812e-06
paraphrase,201234,8192,8192,0.1,193786,22,10,-2.250237226486206,-2.239806334177653,0.010430892308553208
paraphrase,201234,8192,8192,0.1,193786,0,11,-2.250237226486206,-2.19815723101298,0.05207999547322606
paraphrase,201234,8192,8192,0.1,193786,23,4,-2.250237226486206,-2.28147029876709,-0.03123307228088379
paraphrase,201234,8192,8192,0.1,193786,0,2,-2.250237226486206,-2.2189817428588867,0.031255483627319336
paraphrase,201234,8192,8192,0.1,193786,0,6,-2.250237226486206,-2.1876416206359863,0.06259560585021973
paraphrase,201234,8192,8192,0.1,193786,0,7,-2.250237226486206,-2.218986392021179,0.031250834465026855
paraphrase,201234,8192,8192,0.1,193786,0,10,-2.250237226486206,-2.145975867907206,0.10426135857899999
paraphrase,201234,8192,8192,0.1,193786,0,0,-2.250237226486206,-2.1981480916341147,0.05208913485209132
paraphrase,201234,8192,8192,0.1,193786,0,3,-2.250237226486206,-2.2398218711217246,0.01041535536448146
paraphrase,201234,8192,8192,0.1,193786,0,1,-2.250237226486206,-2.2398213942845664,0.010415832201639663
paraphrase,201234,8192,8192,0.1,193786,0,4,-2.250237226486206,-2.2085517247517905,0.04168550173441554
paraphrase,201234,8192,8192,0.1,193786,20,11,-2.250237226486206,-2.2189842462539673,0.03125298023223877
paraphrase,201234,8192,8192,0.1,193786,0,5,-2.250237226486206,-2.2189738750457764,0.03126335144042969
paraphrase,201235,8192,8192,0.1,207278,21,11,-2.3249409993489585,-2.3578457037607827,-0.03290470441182425
paraphrase,201235,8192,8192,0.1,207278,0,8,-2.3249409993489585,-2.3142946561177573,0.010646343231201172
paraphrase,201235,8192,8192,0.1,207278,22,7,-2.3249409993489585,-2.4085254669189453,-0.08358446756998683
paraphrase,201235,8192,8192,0.1,207278,21,9,-2.3249409993489585,-2.231438716252645,0.09350228309631348
paraphrase,201235,8192,8192,0.1,207278,20,2,-2.3249409993489585,-2.3251888751983643,-0.00024787584940577645
paraphrase,201235,8192,8192,0.1,207278,20,9,-2.3249409993489585,-2.4085110823313394,-0.08357008298238089
paraphrase,201235,8192,8192,0.1,207278,17,3,-2.3249409993489585,-2.4615348180135093,-0.13659381866455078
paraphrase,201235,8192,8192,0.1,207278,20,3,-2.3249409993489585,-2.3353569507598877,-0.010415951410929214
paraphrase,201235,8192,8192,0.1,207278,19,1,-2.3249409993489585,-2.2844675381978354,0.04047346115112305
paraphrase,201235,8192,8192,0.1,207278,18,3,-2.3249409993489585,-2.378232796986898,-0.05329179763793945
paraphrase,201235,8192,8192,0.1,207278,20,5,-2.3249409993489585,-2.272850831349691,0.05209016799926758
paraphrase,201235,8192,8192,0.1,207278,22,10,-2.3249409993489585,-2.3770229816436768,-0.052081982294718276
paraphrase,201235,8192,8192,0.1,207278,0,11,-2.3249409993489585,-2.3150457541147866,0.009895245234171846
paraphrase,201235,8192,8192,0.1,207278,23,4,-2.3249409993489585,-2.366611878077189,-0.0416708787282305
paraphrase,201235,8192,8192,0.1,207278,0,2,-2.3249409993489585,-2.314318895339966,0.010622104008992661
paraphrase,201235,8192,8192,0.1,207278,0,6,-2.3249409993489585,-2.2302754720052085,0.09466552734375
paraphrase,201235,8192,8192,0.1,207278,0,7,-2.3249409993489585,-2.3254710038503013,-0.0005300045013427734
paraphrase,201235,8192,8192,0.1,207278,0,10,-2.3249409993489585,-2.209439277648926,0.1155017217000327
paraphrase,201235,8192,8192,0.1,207278,0,0,-2.3249409993489585,-2.3038970629374185,0.02104393641154001
paraphrase,201235,8192,8192,0.1,207278,0,3,-2.3249409993489585,-2.335146188735962,-0.010205189387003433
paraphrase,201235,8192,8192,0.1,207278,0,1,-2.3249409993489585,-2.3037057717641196,0.021235227584838867
paraphrase,201235,8192,8192,0.1,207278,0,4,-2.3249409993489585,-2.293276309967041,0.031664689381917466
paraphrase,201235,8192,8192,0.1,207278,20,11,-2.3249409993489585,-2.2731031576792398,0.05183784166971872
paraphrase,201235,8192,8192,0.1,207278,0,5,-2.3249409993489585,-2.3035195668538413,0.021421432495117188
paraphrase,201236,8192,8191,0.1,331504,21,11,-2.178695241610209,-2.2621596256891885,-0.08346438407897949
paraphrase,201236,8192,8191,0.1,331504,0,8,-2.178695241610209,-2.1682878732681274,0.010407368342081558
paraphrase,201236,8192,8191,0.1,331504,22,7,-2.178695241610209,-2.3139383792877197,-0.13524313767751073
paraphrase,201236,8192,8191,0.1,331504,21,9,-2.178695241610209,-2.1681135495503745,0.010581692059834502
paraphrase,201236,8192,8191,0.1,331504,20,2,-2.178695241610209,-2.168125589688619,0.010569651921589873
paraphrase,201236,8192,8191,0.1,331504,20,9,-2.178695241610209,-2.2930701971054077,-0.11437495549519872
paraphrase,201236,8192,8191,0.1,331504,17,3,-2.178695241610209,-2.323994755744934,-0.14529951413472508
paraphrase,201236,8192,8191,0.1,331504,20,3,-2.178695241610209,-2.199462413787842,-0.020767172177632798
paraphrase,201236,8192,8191,0.1,331504,19,1,-2.178695241610209,-2.1785661379496255,0.0001291036605834961
paraphrase,201236,8192,8191,0.1,331504,18,3,-2.178695241610209,-2.3044209082921348,-0.12572566668192575
paraphrase,201236,8192,8191,0.1,331504,20,5,-2.178695241610209,-2.2412161032358804,-0.06252086162567139
paraphrase,201236,8192,8191,0.1,331504,22,10,-2.178695241610209,-2.2098335425059,-0.031138300895690918
paraphrase,201236,8192,8191,0.1,331504,0,11,-2.178695241610209,-2.157704989115397,0.02099025249481201
paraphrase,201236,8192,8191,0.1,331504,23,4,-2.178695241610209,-2.2203789552052817,-0.041683713595072724
paraphrase,201236,8192,8191,0.1,331504,0,2,-2.178695241610209,-2.147513826688131,0.031181414922078154
paraphrase,201236,8192,8191,0.1,331504,0,6,-2.178695241610209,-2.18825356165568,-0.009558320045471191
paraphrase,201236,8192,8191,0.1,331504,0,7,-2.178695241610209,-2.1678492625554404,0.010845979054768584
paraphrase,201236,8192,8191,0.1,331504,0,10,-2.178695241610209,-2.125749190648397,0.05294605096181204
paraphrase,201236,8192,8191,0.1,331504,0,0,-2.178695241610209,-2.1266247431437173,0.0520704984664917
paraphrase,201236,8192,8191,0.1,331504,0,3,-2.178695241610209,-2.1683435837427774,0.01035165786743164
paraphrase,201236,8192,8191,0.1,331504,0,1,-2.178695241610209,-2.199237863222758,-0.020542621612548828
paraphrase,201236,8192,8191,0.1,331504,0,4,-2.178695241610209,-2.1683226823806763,0.01037255922953273
paraphrase,201236,8192,8191,0.1,331504,20,11,-2.178695241610209,-2.189157327016195,-0.01046208540598581
paraphrase,201236,8192,8191,0.1,331504,0,5,-2.178695241610209,-2.178026795387268,0.0006684462229409327
paraphrase,201237,8192,8192,0.1,888821,21,11,-2.145953814188639,-2.135549545288086,0.010404268900553237
paraphrase,201237,8192,8192,0.1,888821,0,8,-2.145953814188639,-2.1459455490112305,8.265177408706137e-06
paraphrase,201237,8192,8192,0.1,888821,22,7,-2.145953814188639,-2.1459592978159585,-5.4836273193359375e-06
paraphrase,201237,8192,8192,0.1,888821,21,9,-2.145953814188639,-2.1147023836771646,0.03125143051147461
paraphrase,201237,8192,8192,0.1,888821,20,2,-2.145953814188639,-2.156369209289551,-0.010415395100911606
paraphrase,201237,8192,8192,0.1,888821,20,9,-2.145953814188639,-2.2084474563598633,-0.062493642171224106
paraphrase,201237,8192,8192,0.1,888821,17,3,-2.145953814188639,-2.1980273723602295,-0.05207355817159032
paraphrase,201237,8192,8192,0.1,888821,20,3,-2.145953814188639,-2.1251206398010254,0.020833174387613784
paraphrase,201237,8192,8192,0.1,888821,19,1,-2.145953814188639,-2.1042840480804443,0.04166976610819484
paraphrase,201237,8192,8192,0.1,888821,18,3,-2.145953814188639,-2.177225112915039,-0.03127129872639989
paraphrase,201237,8192,8192,0.1,888821,20,5,-2.145953814188639,-2.1667937437693277,-0.020839929580688477
paraphrase,201237,8192,8192,0.1,888821,22,10,-2.145953814188639,-2.1876158714294434,-0.041662057240804184
paraphrase,201237,8192,8192,0.1,888821,0,11,-2.145953814188639,-2.1147099335988364,0.031243880589802764
paraphrase,201237,8192,8192,0.1,888821,23,4,-2.145953814188639,-2.1772021452585855,-0.03124833106994629
paraphrase,201237,8192,8192,0.1,888821,0,2,-2.145953814188639,-2.0938587586085,0.05209505558013916
paraphrase,201237,8192,8192,0.1,888821,0,6,-2.145953814188639,-2.062576095263163,0.08337771892547607
paraphrase,201237,8192,8192,0.1,888821,0,7,-2.145953814188639,-2.1459521452585855,1.6689300537109375e-06
paraphrase,201237,8192,8192,0.1,888821,0,10,-2.145953814188639,-2.0417433977127075,0.10421041647593166
paraphrase,201237,8192,8192,0.1,888821,0,0,-2.145953814188639,-2.0834567546844482,0.06249705950419093
paraphrase,201237,8192,8192,0.1,888821,0,3,-2.145953814188639,-2.1355419953664145,0.010411818822224639
paraphrase,201237,8192,8192,0.1,888821,0,1,-2.145953814188639,-2.1355267763137817,0.010427037874857437
paraphrase,201237,8192,8192,0.1,888821,0,4,-2.145953814188639,-2.125105341275533,0.020848472913105986
paraphrase,201237,8192,8192,0.1,888821,20,11,-2.145953814188639,-2.1459497610727944,4.0531158447265625e-06
paraphrase,201237,8192,8192,0.1,888821,0,5,-2.145953814188639,-2.114689310391744,0.03126450379689505
paraphrase,201238,8192,8193,0.1,987809,21,11,-2.062677542368571,-2.0523014863332114,0.010376056035359404
paraphrase,201238,8192,8193,0.1,987809,0,8,-2.062677542368571,-2.0418524742126465,0.02082506815592433
paraphrase,201238,8192,8193,0.1,987809,22,7,-2.062677542368571,-2.1251844565073648,-0.06250691413879395
paraphrase,201238,8192,8193,0.1,987809,21,9,-2.062677542368571,-2.062682310740153,-4.76837158203125e-06
paraphrase,201238,8192,8193,0.1,987809,20,2,-2.062677542368571,-2.083502451578776,-0.020824909210205078
paraphrase,201238,8192,8193,0.1,987809,20,9,-2.062677542368571,-2.125181198120117,-0.06250365575154637
paraphrase,201238,8192,8193,0.1,987809,17,3,-2.062677542368571,-2.114728053410848,-0.052050511042277314
paraphrase,201238,8192,8193,0.1,987809,20,3,-2.062677542368571,-2.093933582305908,-0.03125603993733739
paraphrase,201238,8192,8193,0.1,987809,19,1,-2.062677542368571,-2.062682628631592,-5.086263020981363e-06
paraphrase,201238,8192,8193,0.1,987809,18,3,-2.062677542368571,-2.1460389296213784,-0.08336138725280762
paraphrase,201238,8192,8193,0.1,987809,20,5,-2.062677542368571,-2.093923489252726,-0.031245946884155273
paraphrase,201238,8192,8193,0.1,987809,22,10,-2.062677542368571,-2.09393048286438,-0.03125294049580907
paraphrase,201238,8192,8193,0.1,987809,0,11,-2.062677542368571,-2.0210370222727456,0.041640520095825195
paraphrase,201238,8192,8193,0.1,987809,23,4,-2.062677542368571,-2.093921502431234,-0.031243960062663056
paraphrase,201238,8192,8193,0.1,987809,0,2,-2.062677542368571,-2.0314098596572876,0.03126768271128322
paraphrase,201238,8192,8193,0.1,987809,0,6,-2.062677542368571,-2.052179495493571,0.010498046875
paraphrase,201238,8192,8193,0.1,987809,0,7,-2.062677542368571,-2.0626811583836875,-3.6160151166697574e-06
paraphrase,201238,8192,8193,0.1,987809,0,10,-2.062677542368571,-2.010513106981913,0.052164435386657715
paraphrase,201238,8192,8193,0.1,987809,0,0,-2.062677542368571,-2.0314172903696694,0.03126025199890137
paraphrase,201238,8192,8193,0.1,987809,0,3,-2.062677542368571,-2.073079506556193,-0.01040196418762207
paraphrase,201238,8192,8193,0.1,987809,0,1,-2.062677542368571,-2.0730809768040976,-0.010403434435526826
paraphrase,201238,8192,8193,0.1,987809,0,4,-2.062677542368571,-2.0730624198913574,-0.010384877522786606
paraphrase,201238,8192,8193,0.1,987809,20,11,-2.062677542368571,-2.0626793702443442,-1.8278757734080386e-06
paraphrase,201238,8192,8193,0.1,987809,0,5,-2.062677542368571,-2.052240173021952,0.010437369346618652
paraphrase,201239,8192,8192,0.1,845811,21,11,-2.136019706726074,-2.156929691632589,-0.020909984906514634
paraphrase,201239,8192,8192,0.1,845811,0,8,-2.136019706726074,-2.135981639226278,3.806749979640145e-05
paraphrase,201239,8192,8192,0.1,845811,22,7,-2.136019706726074,-2.281887173652649,-0.1458674669265747
paraphrase,201239,8192,8192,0.1,845811,21,9,-2.136019706726074,-2.1048169136047363,0.03120279312133789
paraphrase,201239,8192,8192,0.1,845811,20,2,-2.136019706726074,-2.177677790323893,-0.04165808359781886
paraphrase,201239,8192,8192,0.1,845811,20,9,-2.136019706726074,-2.219290574391683,-0.08327086766560887
paraphrase,201239,8192,8192,0.1,845811,17,3,-2.136019706726074,-2.240055203437805,-0.10403549671173096
paraphrase,201239,8192,8192,0.1,845811,20,3,-2.136019706726074,-2.1673222382863364,-0.03130253156026219
paraphrase,201239,8192,8192,0.1,845811,19,1,-2.136019706726074,-2.1672943433125815,-0.03127463658650731
paraphrase,201239,8192,8192,0.1,845811,18,3,-2.136019706726074,-2.219645102818807,-0.0836253960927329
paraphrase,201239,8192,8192,0.1,845811,20,5,-2.136019706726074,-2.1464762687683105,-0.010456562042236328
paraphrase,201239,8192,8192,0.1,845811,22,10,-2.136019706726074,-2.1776885191599527,-0.04166881243387843
paraphrase,201239,8192,8192,0.1,845811,0,11,-2.136019706726074,-2.1151699225107827,0.02084978421529149
paraphrase,201239,8192,8192,0.1,845811,23,4,-2.136019706726074,-2.1985154151916504,-0.06249570846557617
paraphrase,201239,8192,8192,0.1,845811,0,2,-2.136019706726074,-2.1254218419392905,0.010597864786783706
paraphrase,201239,8192,8192,0.1,845811,0,6,-2.136019706726074,-2.1356430848439536,0.0003766218821206202
paraphrase,201239,8192,8192,0.1,845811,0,7,-2.136019706726074,-2.125489870707194,0.010529836018880356
paraphrase,201239,8192,8192,0.1,845811,0,10,-2.136019706726074,-2.1045367320378623,0.03148297468821193
paraphrase,201239,8192,8192,0.1,845811,0,0,-2.136019706726074,-2.1048501332600913,0.031169573465982925
paraphrase,201239,8192,8192,0.1,845811,0,3,-2.136019706726074,-2.13596518834432,5.451838175440926e-05
paraphrase,201239,8192,8192,0.1,845811,0,1,-2.136019706726074,-2.167256514231364,-0.031236807505289566
paraphrase,201239,8192,8192,0.1,845811,0,4,-2.136019706726074,-2.1567806402842202,-0.02076093355814601
paraphrase,201239,8192,8192,0.1,845811,20,11,-2.136019706726074,-2.125623941421509,0.01039576530456543
paraphrase,201239,8192,8192,0.1,845811,0,5,-2.136019706726074,-2.1464213132858276,-0.010401606559753418
paraphrase,201240,8192,8192,0.1,825220,21,11,-2.198137044906616,-2.177333196004232,0.020803848902384292
paraphrase,201240,8192,8192,0.1,825220,0,8,-2.198137044906616,-2.1876973311106362,0.010439713795979966
paraphrase,201240,8192,8192,0.1,825220,22,7,-2.198137044906616,-2.3439826170603433,-0.14584557215372707
paraphrase,201240,8192,8192,0.1,825220,21,9,-2.198137044906616,-2.177298386891683,0.02083865801493312
paraphrase,201240,8192,8192,0.1,825220,20,2,-2.198137044906616,-2.198136250178019,7.947285971532381e-07
paraphrase,201240,8192,8192,0.1,825220,20,9,-2.198137044906616,-2.2606329123179116,-0.062495867411295425
paraphrase,201240,8192,8192,0.1,825220,17,3,-2.198137044906616,-2.3126885096232095,-0.11455146471659328
paraphrase,201240,8192,8192,0.1,825220,20,3,-2.198137044906616,-2.18774143854777,0.010395606358846177
paraphrase,201240,8192,8192,0.1,825220,19,1,-2.198137044906616,-2.1877203782399497,0.010416666666666519
paraphrase,201240,8192,8192,0.1,825220,18,3,-2.198137044906616,-2.271090825398763,-0.07295378049214696
paraphrase,201240,8192,8192,0.1,825220,20,5,-2.198137044906616,-2.2085625330607095,-0.010425488154093276
paraphrase,201240,8192,8192,0.1,825220,22,10,-2.198137044906616,-2.239804824193319,-0.04166777928670262
paraphrase,201240,8192,8192,0.1,825220,0,11,-2.198137044906616,-2.13563863436381,0.06249841054280614
paraphrase,201240,8192,8192,0.1,825220,23,4,-2.198137044906616,-2.2398006121317544,-0.0416635672251382
paraphrase,201240,8192,8192,0.1,825220,0,2,-2.198137044906616,-2.1772871812184653,0.020849863688150894
paraphrase,201240,8192,8192,0.1,825220,0,6,-2.198137044906616,-2.1667929887771606,0.031344056129455566
paraphrase,201240,8192,8192,0.1,825220,0,7,-2.198137044906616,-2.1877209345499673,0.010416110356648911
paraphrase,201240,8192,8192,0.1,825220,0,10,-2.198137044906616,-2.135551333427429,0.06258571147918701
paraphrase,201240,8192,8192,0.1,825220,0,0,-2.198137044906616,-2.1773180961608887,0.02081894874572754
paraphrase,201240,8192,8192,0.1,825220,0,3,-2.198137044906616,-2.2189879417419434,-0.02085089683532715
paraphrase,201240,8192,8192,0.1,825220,0,1,-2.198137044906616,-2.1981355349222818,1.5099843344579256e-06
paraphrase,201240,8192,8192,0.1,825220,0,4,-2.198137044906616,-2.198120594024658,1.6450881958007812e-05
paraphrase,201240,8192,8192,0.1,825220,20,11,-2.198137044906616,-2.166891098022461,0.031245946884155273
paraphrase,201240,8192,8192,0.1,825220,0,5,-2.198137044906616,-2.1773093541463218,0.02082769076029445
paraphrase,201241,8192,8192,0.1,844590,21,11,-2.073101202646891,-2.0939515431722007,-0.02085034052530954
paraphrase,201241,8192,8192,0.1,844590,0,8,-2.073101202646891,-2.093935410181681,-0.02083420753479004
paraphrase,201241,8192,8192,0.1,844590,22,7,-2.073101202646891,-2.2085296312967935,-0.13542842864990234
paraphrase,201241,8192,8192,0.1,844590,21,9,-2.073101202646891,-2.041857878367106,0.031243324279785156
paraphrase,201241,8192,8192,0.1,844590,20,2,-2.073101202646891,-2.1043481826782227,-0.031246980031331528
paraphrase,201241,8192,8192,0.1,844590,20,9,-2.073101202646891,-2.1460052331288657,-0.07290403048197458
paraphrase,201241,8192,8192,0.1,844590,17,3,-2.073101202646891,-2.1668272018432617,-0.09372599919637059
paraphrase,201241,8192,8192,0.1,844590,20,3,-2.073101202646891,-2.083524227142334,-0.010423024495442856
paraphrase,201241,8192,8192,0.1,844590,19,1,-2.073101202646891,-2.062692483266195,0.010408719380696319
paraphrase,201241,8192,8192,0.1,844590,18,3,-2.073101202646891,-2.1668628056844077,-0.09376160303751657
paraphrase,201241,8192,8192,0.1,844590,20,5,-2.073101202646891,-2.104358355204264,-0.03125715255737305
paraphrase,201241,8192,8192,0.1,844590,22,10,-2.073101202646891,-2.1043546994527182,-0.03125349680582712
paraphrase,201241,8192,8192,0.1,844590,0,11,-2.073101202646891,-2.0522728761037192,0.020828326543171904
paraphrase,201241,8192,8192,0.1,844590,23,4,-2.073101202646891,-2.093939781188965,-0.020838578542073716
paraphrase,201241,8192,8192,0.1,844590,0,2,-2.073101202646891,-2.0835013389587402,-0.010400136311849106
paraphrase,201241,8192,8192,0.1,844590,0,6,-2.073101202646891,-2.104273557662964,-0.03117235501607274
paraphrase,201241,8192,8192,0.1,844590,0,7,-2.073101202646891,-2.06268040339152,0.010420799255371094
paraphrase,201241,8192,8192,0.1,844590,0,10,-2.073101202646891,-2.0626140435536704,0.010487159093220733
paraphrase,201241,8192,8192,0.1,844590,0,0,-2.073101202646891,-2.0731166203816733,-1.54177347821971e-05
paraphrase,201241,8192,8192,0.1,844590,0,3,-2.073101202646891,-2.1251973311106362,-0.05209612846374512
paraphrase,201241,8192,8192,0.1,844590,0,1,-2.073101202646891,-2.135603189468384,-0.06250198682149266
paraphrase,201241,8192,8192,0.1,844590,0,4,-2.073101202646891,-2.104334751764933,-0.031233549118041992
paraphrase,201241,8192,8192,0.1,844590,20,11,-2.073101202646891,-2.031435966491699,0.04166523615519191
paraphrase,201241,8192,8192,0.1,844590,0,5,-2.073101202646891,-2.0939361254374185,-0.020834922790527344
relational,301234,8192,8192,0.1,994066,21,11,-1.979209582010905,-2.069607734680176,-0.09039815266927076
relational,301234,8192,8192,0.1,994066,0,8,-1.979209582010905,-1.9574025472005208,0.021807034810384263
relational,301234,8192,8192,0.1,994066,22,7,-1.979209582010905,-1.970444679260254,0.008764902750651116
relational,301234,8192,8192,0.1,994066,21,9,-1.979209582010905,-2.004935105641683,-0.02572552363077807
relational,301234,8192,8192,0.1,994066,20,2,-1.979209582010905,-1.977571169535319,0.0016384124755859375
relational,301234,8192,8192,0.1,994066,20,9,-1.979209582010905,-2.0908617973327637,-0.11165221532185865
relational,301234,8192,8192,0.1,994066,17,3,-1.979209582010905,-2.0342849095662436,-0.055075327555338616
relational,301234,8192,8192,0.1,994066,20,3,-1.979209582010905,-2.0225098927815757,-0.04330031077067065
relational,301234,8192,8192,0.1,994066,19,1,-1.979209582010905,-1.9792035420735676,6.039937337387613e-06
relational,301234,8192,8192,0.1,994066,18,3,-1.979209582010905,-2.0811781883239746,-0.10196860631306959
relational,301234,8192,8192,0.1,994066,20,5,-1.979209582010905,-1.979242483774821,-3.2901763916015625e-05
relational,301234,8192,8192,0.1,994066,22,10,-1.979209582010905,-2.0605807304382324,-0.0813711484273274
relational,301234,8192,8192,0.1,994066,0,11,-1.979209582010905,-1.9558385213216145,0.023371060689290513
relational,301234,8192,8192,0.1,994066,23,4,-1.979209582010905,-2.004279454549154,-0.025069872538248772
relational,301234,8192,8192,0.1,994066,0,2,-1.979209582010905,-1.9906786282857258,-0.011469046274820816
relational,301234,8192,8192,0.1,994066,0,6,-1.979209582010905,-1.9729655583699544,0.006244023640950669
relational,301234,8192,8192,0.1,994066,0,7,-1.979209582010905,-1.962976296742757,0.016233285268147934
relational,301234,8192,8192,0.1,994066,0,10,-1.979209582010905,-1.9376002152760823,0.04160936673482274
relational,301234,8192,8192,0.1,994066,0,0,-1.979209582010905,-1.9978772799173992,-0.01866769790649414
relational,301234,8192,8192,0.1,994066,0,3,-1.979209582010905,-2.0251601537068686,-0.045950571695963616
relational,301234,8192,8192,0.1,994066,0,1,-1.979209582010905,-1.9893566767374675,-0.0101470947265625
relational,301234,8192,8192,0.1,994066,0,4,-1.979209582010905,-2.0121326446533203,-0.03292306264241529
relational,301234,8192,8192,0.1,994066,20,11,-1.979209582010905,-1.9684537251790364,0.010755856831868638
relational,301234,8192,8192,0.1,994066,0,5,-1.979209582010905,-2.013739744822184,-0.034530162811279075
relational,301235,8192,8192,0.1,726316,21,11,-1.856849988301595,-1.9413070678710938,-0.08445707956949877
relational,301235,8192,8192,0.1,726316,0,8,-1.856849988301595,-1.8767999013264973,-0.019949913024902344
relational,301235,8192,8192,0.1,726316,22,7,-1.856849988301595,-1.992282549540202,-0.13543256123860692
relational,301235,8192,8192,0.1,726316,21,9,-1.856849988301595,-1.836180051167806,0.020669937133789062
relational,301235,8192,8192,0.1,726316,20,2,-1.856849988301595,-1.8779592514038086,-0.021109263102213616
relational,301235,8192,8192,0.1,726316,20,9,-1.856849988301595,-1.9193857510884602,-0.06253576278686523
relational,301235,8192,8192,0.1,726316,17,3,-1.856849988301595,-1.919309139251709,-0.062459150950114006
relational,301235,8192,8192,0.1,726316,20,3,-1.856849988301595,-1.9091809590657551,-0.052330970764160156
relational,301235,8192,8192,0.1,726316,19,1,-1.856849988301595,-1.8568611145019531,-1.1126200358146932e-05
relational,301235,8192,8192,0.1,726316,18,3,-1.856849988301595,-1.9722509384155273,-0.11540095011393237
relational,301235,8192,8192,0.1,726316,20,5,-1.856849988301595,-1.856827735900879,2.225240071607182e-05
relational,301235,8192,8192,0.1,726316,22,10,-1.856849988301595,-1.929794470469157,-0.072944482167562
relational,301235,8192,8192,0.1,726316,0,11,-1.856849988301595,-1.8039493560791016,0.052900632222493416
relational,301235,8192,8192,0.1,726316,23,4,-1.856849988301595,-1.8880608876546223,-0.031210899353027344
relational,301235,8192,8192,0.1,726316,0,2,-1.856849988301595,-1.877687136332194,-0.020837148030599106
relational,301235,8192,8192,0.1,726316,0,6,-1.856849988301595,-1.8866877555847168,-0.02983776728312182
relational,301235,8192,8192,0.1,726316,0,7,-1.856849988301595,-1.8779048919677734,-0.02105490366617846
relational,301235,8192,8192,0.1,726316,0,10,-1.856849988301595,-1.8764101664225261,-0.019560178120931138
relational,301235,8192,8192,0.1,726316,0,0,-1.856849988301595,-1.805477460225423,0.051372528076171875
relational,301235,8192,8192,0.1,726316,0,3,-1.856849988301595,-1.8778025309244792,-0.020952542622884263
relational,301235,8192,8192,0.1,726316,0,1,-1.856849988301595,-1.8464365005493164,0.010413487752278572
relational,301235,8192,8192,0.1,726316,0,4,-1.856849988301595,-1.8880152702331543,-0.03116528193155932
relational,301235,8192,8192,0.1,726316,20,11,-1.856849988301595,-1.8255949020385742,0.03125508626302076
relational,301235,8192,8192,0.1,726316,0,5,-1.856849988301595,-1.8570542335510254,-0.00020424524943041256
relational,301236,8192,8192,0.1,708819,21,11,-1.7402187983194988,-1.8341283798217773,-0.09390958150227857
relational,301236,8192,8192,0.1,708819,0,8,-1.7402187983194988,-1.7609675725301106,-0.02074877421061183
relational,301236,8192,8192,0.1,708819,22,7,-1.7402187983194988,-1.9068907101949055,-0.16667191187540675
relational,301236,8192,8192,0.1,708819,21,9,-1.7402187983194988,-1.7402636210123699,-4.482269287109375e-05
relational,301236,8192,8192,0.1,708819,20,2,-1.7402187983194988,-1.7714993158976238,-0.031280517578125
relational,301236,8192,8192,0.1,708819,20,9,-1.7402187983194988,-1.7922813097635906,-0.0520625114440918
relational,301236,8192,8192,0.1,708819,17,3,-1.7402187983194988,-1.7922492027282715,-0.05203040440877271
relational,301236,8192,8192,0.1,708819,20,3,-1.7402187983194988,-1.7818865776062012,-0.0416677792867024
relational,301236,8192,8192,0.1,708819,19,1,-1.7402187983194988,-1.7506542205810547,-0.010435422261555916
relational,301236,8192,8192,0.1,708819,18,3,-1.7402187983194988,-1.875750223795573,-0.13553142547607422
relational,301236,8192,8192,0.1,708819,20,5,-1.7402187983194988,-1.750686486562093,-0.010467688242594253
relational,301236,8192,8192,0.1,708819,22,10,-1.7402187983194988,-1.8026995658874512,-0.0624807675679524
relational,301236,8192,8192,0.1,708819,0,11,-1.7402187983194988,-1.7297972043355305,0.010421593983968247
relational,301236,8192,8192,0.1,708819,23,4,-1.7402187983194988,-1.7818779945373535,-0.041659196217854744
relational,301236,8192,8192,0.1,708819,0,2,-1.7402187983194988,-1.7506419817606609,-0.01042318344116211
relational,301236,8192,8192,0.1,708819,0,6,-1.7402187983194988,-1.7816522121429443,-0.041433413823445564
relational,301236,8192,8192,0.1,708819,0,7,-1.7402187983194988,-1.750531514485677,-0.010312716166178237
relational,301236,8192,8192,0.1,708819,0,10,-1.7402187983194988,-1.7713281313578289,-0.031109333038330078
relational,301236,8192,8192,0.1,708819,0,0,-1.7402187983194988,-1.7299542427062988,0.010264555613199944
relational,301236,8192,8192,0.1,708819,0,3,-1.7402187983194988,-1.7610279719034831,-0.020809173583984375
relational,301236,8192,8192,0.1,708819,0,1,-1.7402187983194988,-1.771583875020345,-0.031365076700846206
relational,301236,8192,8192,0.1,708819,0,4,-1.7402187983194988,-1.7714896202087402,-0.03127082188924146
relational,301236,8192,8192,0.1,708819,20,11,-1.7402187983194988,-1.7298215230305989,0.010397275288899888
relational,301236,8192,8192,0.1,708819,0,5,-1.7402187983194988,-1.7610270182291667,-0.02080821990966797
relational,301237,8192,8192,0.1,227126,21,11,-1.9262503782908122,-1.951324462890625,-0.02507408459981275
relational,301237,8192,8192,0.1,227126,0,8,-1.9262503782908122,-1.9335187276204426,-0.007268349329630386
relational,301237,8192,8192,0.1,227126,22,7,-1.9262503782908122,-1.9052704175313313,0.020979960759480942
relational,301237,8192,8192,0.1,227126,21,9,-1.9262503782908122,-1.8742916584014893,0.05195871988932299
relational,301237,8192,8192,0.1,227126,20,2,-1.9262503782908122,-1.9253132343292236,0.0009371439615886157
relational,301237,8192,8192,0.1,227126,20,9,-1.9262503782908122,-1.9778026739756267,-0.05155229568481445
relational,301237,8192,8192,0.1,227126,17,3,-1.9262503782908122,-1.9887723922729492,-0.06252201398213697
relational,301237,8192,8192,0.1,227126,20,3,-1.9262503782908122,-1.925899585088094,0.000350793202718247
relational,301237,8192,8192,0.1,227126,19,1,-1.9262503782908122,-1.9266862869262695,-0.00043590863545728276
relational,301237,8192,8192,0.1,227126,18,3,-1.9262503782908122,-2.04148268699646,-0.11523230870564771
relational,301237,8192,8192,0.1,227126,20,5,-1.9262503782908122,-1.9251577854156494,0.0010925928751628344
relational,301237,8192,8192,0.1,227126,22,10,-1.9262503782908122,-2.030360698699951,-0.10411032040913892
relational,301237,8192,8192,0.1,227126,0,11,-1.9262503782908122,-1.9139057000478108,0.01234467824300145
relational,301237,8192,8192,0.1,227126,23,4,-1.9262503782908122,-1.9470263322194417,-0.02077595392862941
relational,301237,8192,8192,0.1,227126,0,2,-1.9262503782908122,-1.9482691287994385,-0.022018750508626228
relational,301237,8192,8192,0.1,227126,0,6,-1.9262503782908122,-1.9745595455169678,-0.048309167226155525
relational,301237,8192,8192,0.1,227126,0,7,-1.9262503782908122,-1.9260882536570232,0.0001621246337890625
relational,301237,8192,8192,0.1,227126,0,10,-1.9262503782908122,-1.9424463907877605,-0.016196012496948242
relational,301237,8192,8192,0.1,227126,0,0,-1.9262503782908122,-1.9067366123199463,0.01951376597086596
relational,301237,8192,8192,0.1,227126,0,3,-1.9262503782908122,-1.9707767963409424,-0.044526418050130134
relational,301237,8192,8192,0.1,227126,0,1,-1.9262503782908122,-1.924929141998291,0.0013212362925212329
relational,301237,8192,8192,0.1,227126,0,4,-1.9262503782908122,-1.960084040959676,-0.033833662668863784
relational,301237,8192,8192,0.1,227126,20,11,-1.9262503782908122,-1.8844977219899495,0.04175265630086278
relational,301237,8192,8192,0.1,227126,0,5,-1.9262503782908122,-1.9046019713083904,0.021648406982421875
relational,301238,8192,8192,0.1,112467,21,11,-1.8965892791748047,-1.9074287414550781,-0.010839462280273438
relational,301238,8192,8192,0.1,112467,0,8,-1.8965892791748047,-1.9485410054524739,-0.0519517262776692
relational,301238,8192,8192,0.1,112467,22,7,-1.8965892791748047,-1.9487101236979167,-0.05212084452311205
relational,301238,8192,8192,0.1,112467,21,9,-1.8965892791748047,-1.8758150736490886,0.020774205525716072
relational,301238,8192,8192,0.1,112467,20,2,-1.8965892791748047,-1.9069619178771973,-0.010372638702392578
relational,301238,8192,8192,0.1,112467,20,9,-1.8965892791748047,-2.0007851918538413,-0.1041959126790366
relational,301238,8192,8192,0.1,112467,17,3,-1.8965892791748047,-2.0008721351623535,-0.10428285598754883
relational,301238,8192,8192,0.1,112467,20,3,-1.8965892791748047,-1.9695076942443848,-0.07291841506958008
relational,301238,8192,8192,0.1,112467,19,1,-1.8965892791748047,-1.9174116452534993,-0.020822366078694587
relational,301238,8192,8192,0.1,112467,18,3,-1.8965892791748047,-2.0321359634399414,-0.13554668426513672
relational,301238,8192,8192,0.1,112467,20,5,-1.8965892791748047,-1.8966356913248699,-4.641215006517818e-05
relational,301238,8192,8192,0.1,112467,22,10,-1.8965892791748047,-1.9486506779988606,-0.052061398824055916
relational,301238,8192,8192,0.1,112467,0,11,-1.8965892791748047,-1.9068945248921711,-0.010305245717366462
relational,301238,8192,8192,0.1,112467,23,4,-1.8965892791748047,-1.9486918449401855,-0.05210256576538086
relational,301238,8192,8192,0.1,112467,0,2,-1.8965892791748047,-1.9279507001241047,-0.031361420949300056
relational,301238,8192,8192,0.1,112467,0,6,-1.8965892791748047,-1.959029992421468,-0.06244071324666334
relational,301238,8192,8192,0.1,112467,0,7,-1.8965892791748047,-1.9173909823099773,-0.0208017031351726
relational,301238,8192,8192,0.1,112467,0,10,-1.8965892791748047,-1.9277208646138508,-0.03113158543904615
relational,301238,8192,8192,0.1,112467,0,0,-1.8965892791748047,-1.906972090403239,-0.010382811228434319
relational,301238,8192,8192,0.1,112467,0,3,-1.8965892791748047,-1.9487032890319824,-0.052114009857177734
relational,301238,8192,8192,0.1,112467,0,1,-1.8965892791748047,-1.896579106648763,1.0172526041740682e-05
relational,301238,8192,8192,0.1,112467,0,4,-1.8965892791748047,-1.9174968401590984,-0.020907560984293694
relational,301238,8192,8192,0.1,112467,20,11,-1.8965892791748047,-1.8966019948323567,-1.2715657552009318e-05
relational,301238,8192,8192,0.1,112467,0,5,-1.8965892791748047,-1.9069959322611492,-0.010406653086344475
relational,301239,8192,8192,0.1,367666,21,11,-2.0757907231648765,-2.0869925816853843,-0.011201858520507812
relational,301239,8192,8192,0.1,367666,0,8,-2.0757907231648765,-2.065406004587809,0.010384718577067353
relational,301239,8192,8192,0.1,367666,22,7,-2.0757907231648765,-2.1279446283976235,-0.0521539052327471
relational,301239,8192,8192,0.1,367666,21,9,-2.0757907231648765,-2.023721694946289,0.05206902821858739
relational,301239,8192,8192,0.1,367666,20,2,-2.0757907231648765,-2.0756893157958984,0.00010140736897801261
relational,301239,8192,8192,0.1,367666,20,9,-2.0757907231648765,-2.1384452184041343,-0.06265449523925781
relational,301239,8192,8192,0.1,367666,17,3,-2.0757907231648765,-2.10721222559611,-0.03142150243123343
relational,301239,8192,8192,0.1,367666,20,3,-2.0757907231648765,-2.096669832865397,-0.020879109700520537
relational,301239,8192,8192,0.1,367666,19,1,-2.0757907231648765,-2.0547855695088706,0.02100515365600586
relational,301239,8192,8192,0.1,367666,18,3,-2.0757907231648765,-2.170085906982422,-0.09429518381754542
relational,301239,8192,8192,0.1,367666,20,5,-2.0757907231648765,-2.0445289611816406,0.031261761983235825
relational,301239,8192,8192,0.1,367666,22,10,-2.0757907231648765,-2.11750062306722,-0.04170989990234375
relational,301239,8192,8192,0.1,367666,0,11,-2.0757907231648765,-2.023507754007975,0.05228296915690134
relational,301239,8192,8192,0.1,367666,23,4,-2.0757907231648765,-2.0862266222635903,-0.010435899098713897
relational,301239,8192,8192,0.1,367666,0,2,-2.0757907231648765,-2.045193672180176,0.03059705098470067
relational,301239,8192,8192,0.1,367666,0,6,-2.0757907231648765,-2.0846622784932456,-0.00887155532836914
relational,301239,8192,8192,0.1,367666,0,7,-2.0757907231648765,-2.065566380818685,0.010224342346191406
relational,301239,8192,8192,0.1,367666,0,10,-2.0757907231648765,-2.07425864537557,0.0015320777893066406
relational,301239,8192,8192,0.1,367666,0,0,-2.0757907231648765,-2.0347701708475747,0.04102055231730173
relational,301239,8192,8192,0.1,367666,0,3,-2.0757907231648765,-2.0867042541503906,-0.010913530985514175
relational,301239,8192,8192,0.1,367666,0,1,-2.0757907231648765,-2.054855982462565,0.020934740702311494
relational,301239,8192,8192,0.1,367666,0,4,-2.0757907231648765,-2.0653905868530273,0.010400136311849106
relational,301239,8192,8192,0.1,367666,20,11,-2.0757907231648765,-2.0445473988850913,0.031243324279785156
relational,301239,8192,8192,0.1,367666,0,5,-2.0757907231648765,-2.0755203564961753,0.0002703666687011719
relational,301240,8192,8192,0.1,321185,21,11,-1.9910899798075359,-2.033323605855306,-0.042233626047770256
relational,301240,8192,8192,0.1,321185,0,8,-1.9910899798075359,-1.9803613026936848,0.01072867711385106
relational,301240,8192,8192,0.1,321185,22,7,-1.9910899798075359,-2.0640451113382974,-0.0729551315307615
relational,301240,8192,8192,0.1,321185,21,9,-1.9910899798075359,-1.9806952476501465,0.010394732157389397
relational,301240,8192,8192,0.1,321185,20,2,-1.9910899798075359,-1.9910845756530762,5.4041544597094315e-06
relational,301240,8192,8192,0.1,321185,20,9,-1.9910899798075359,-2.0222983360290527,-0.031208356221516853
relational,301240,8192,8192,0.1,321185,17,3,-1.9910899798075359,-2.0637529691060386,-0.07266298929850268
relational,301240,8192,8192,0.1,321185,20,3,-1.9910899798075359,-2.0431524912516275,-0.052062511444091575
relational,301240,8192,8192,0.1,321185,19,1,-1.9910899798075359,-2.001502513885498,-0.010412534077962166
relational,301240,8192,8192,0.1,321185,18,3,-1.9910899798075359,-2.0850632985432944,-0.09397331873575854
relational,301240,8192,8192,0.1,321185,20,5,-1.9910899798075359,-1.9807084401448567,0.010381539662679184
relational,301240,8192,8192,0.1,321185,22,10,-1.9910899798075359,-2.053629239400228,-0.06253925959269213
relational,301240,8192,8192,0.1,321185,0,11,-1.9910899798075359,-1.9700531959533691,0.02103678385416674
relational,301240,8192,8192,0.1,321185,23,4,-1.9910899798075359,-2.0223217010498047,-0.031231721242268806
relational,301240,8192,8192,0.1,321185,0,2,-1.9910899798075359,-1.9598495165507,0.031240463256835938
relational,301240,8192,8192,0.1,321185,0,6,-1.9910899798075359,-2.000617822011312,-0.009527842203776116
relational,301240,8192,8192,0.1,321185,0,7,-1.9910899798075359,-2.001542886098226,-0.010452906290690178
relational,301240,8192,8192,0.1,321185,0,10,-1.9910899798075359,-1.969384988149007,0.021704991658528794
relational,301240,8192,8192,0.1,321185,0,0,-1.9910899798075359,-1.9501803716023762,0.04090960820515965
relational,301240,8192,8192,0.1,321185,0,3,-1.9910899798075359,-2.0225113232930503,-0.0314213434855144
relational,301240,8192,8192,0.1,321185,0,1,-1.9910899798075359,-1.9909214973449707,0.00016848246256517818
relational,301240,8192,8192,0.1,321185,0,4,-1.9910899798075359,-2.0120391845703125,-0.02094920476277662
relational,301240,8192,8192,0.1,321185,20,11,-1.9910899798075359,-1.959770679473877,0.03131930033365893
relational,301240,8192,8192,0.1,321185,0,5,-1.9910899798075359,-1.9803573290507,0.010732650756835938
relational,301241,8192,8192,0.1,795577,21,11,-1.8352765242258708,-1.898484230041504,-0.06320770581563306
relational,301241,8192,8192,0.1,795577,0,8,-1.8352765242258708,-1.8558360735575359,-0.02055954933166504
relational,301241,8192,8192,0.1,795577,22,7,-1.8352765242258708,-1.9603300889333088,-0.125053564707438
relational,301241,8192,8192,0.1,795577,21,9,-1.8352765242258708,-1.7934921582539876,0.041784365971883286
relational,301241,8192,8192,0.1,795577,20,2,-1.8352765242258708,-1.8455081780751545,-0.010231653849283706
relational,301241,8192,8192,0.1,795577,20,9,-1.8352765242258708,-1.897771914800008,-0.06249539057413722
relational,301241,8192,8192,0.1,795577,17,3,-1.8352765242258708,-1.929186741511027,-0.09391021728515625
relational,301241,8192,8192,0.1,795577,20,3,-1.8352765242258708,-1.876918872197469,-0.04164234797159816
relational,301241,8192,8192,0.1,795577,19,1,-1.8352765242258708,-1.8560664653778076,-0.020789941151936775
relational,301241,8192,8192,0.1,795577,18,3,-1.8352765242258708,-1.9293049176534016,-0.09402839342753078
relational,301241,8192,8192,0.1,795577,20,5,-1.8352765242258708,-1.835321346918742,-4.482269287109375e-05
relational,301241,8192,8192,0.1,795577,22,10,-1.8352765242258708,-1.866460879643758,-0.031184355417887222
relational,301241,8192,8192,0.1,795577,0,11,-1.8352765242258708,-1.8142982323964436,0.02097829182942723
relational,301241,8192,8192,0.1,795577,23,4,-1.8352765242258708,-1.8666307926177979,-0.03135426839192701
relational,301241,8192,8192,0.1,795577,0,2,-1.8352765242258708,-1.835452636082967,-0.00017611185709620614
relational,301241,8192,8192,0.1,795577,0,6,-1.8352765242258708,-1.8761173884073894,-0.040840864181518555
relational,301241,8192,8192,0.1,795577,0,7,-1.8352765242258708,-1.8458136717478435,-0.010537147521972656
relational,301241,8192,8192,0.1,795577,0,10,-1.8352765242258708,-1.886713186899821,-0.051436662673950195
relational,301241,8192,8192,0.1,795577,0,0,-1.8352765242258708,-1.8145120938618977,0.02076443036397313
relational,301241,8192,8192,0.1,795577,0,3,-1.8352765242258708,-1.8561147054036458,-0.020838181177774917
relational,301241,8192,8192,0.1,795577,0,1,-1.8352765242258708,-1.8456003665924072,-0.010323842366536384
relational,301241,8192,8192,0.1,795577,0,4,-1.8352765242258708,-1.8353323141733806,-5.5789947509765625e-05
relational,301241,8192,8192,0.1,795577,20,11,-1.8352765242258708,-1.8040577570597331,0.031218767166137695
relational,301241,8192,8192,0.1,795577,0,5,-1.8352765242258708,-1.856104056040446,-0.020827531814575195
distractor_heavy,401234,8192,8193,0.1,210681,21,11,-2.2505248387654624,-2.4280544916788735,-0.17752965291341116
distractor_heavy,401234,8192,8193,0.1,210681,0,8,-2.2505248387654624,-2.1983648935953775,0.05215994517008493
distractor_heavy,401234,8192,8193,0.1,210681,22,7,-2.2505248387654624,-2.417285919189453,-0.16676108042399074
distractor_heavy,401234,8192,8193,0.1,210681,21,9,-2.2505248387654624,-2.1776501337687173,0.07287470499674509
distractor_heavy,401234,8192,8193,0.1,210681,20,2,-2.2505248387654624,-2.240114212036133,0.010410626729329575
distractor_heavy,401234,8192,8193,0.1,210681,20,9,-2.2505248387654624,-2.240102450052897,0.0104223887125654
distractor_heavy,401234,8192,8193,0.1,210681,17,3,-2.2505248387654624,-2.26092529296875,-0.010400454203287612
distractor_heavy,401234,8192,8193,0.1,210681,20,3,-2.2505248387654624,-2.2714128494262695,-0.020888010660807144
distractor_heavy,401234,8192,8193,0.1,210681,19,1,-2.2505248387654624,-2.208871523539225,0.041653315226237275
distractor_heavy,401234,8192,8193,0.1,210681,18,3,-2.2505248387654624,-2.29228146870931,-0.041756629943847656
distractor_heavy,401234,8192,8193,0.1,210681,20,5,-2.2505248387654624,-2.260991414388021,-0.010466575622558594
distractor_heavy,401234,8192,8193,0.1,210681,22,10,-2.2505248387654624,-2.32346248626709,-0.07293764750162746
distractor_heavy,401234,8192,8193,0.1,210681,0,11,-2.2505248387654624,-2.208852450052897,0.0416723887125654
distractor_heavy,401234,8192,8193,0.1,210681,23,4,-2.2505248387654624,-2.2922048568725586,-0.041680018107096206
distractor_heavy,401234,8192,8193,0.1,210681,0,2,-2.2505248387654624,-2.2193034489949546,0.031221389770507812
distractor_heavy,401234,8192,8193,0.1,210681,0,6,-2.2505248387654624,-2.2191861470540366,0.03133869171142578
distractor_heavy,401234,8192,8193,0.1,210681,0,7,-2.2505248387654624,-2.240131378173828,0.010393460591634263
distractor_heavy,401234,8192,8193,0.1,210681,0,10,-2.2505248387654624,-2.1566519737243652,0.09387286504109715
distractor_heavy,401234,8192,8193,0.1,210681,0,0,-2.2505248387654624,-2.198497772216797,0.05202706654866551
distractor_heavy,401234,8192,8193,0.1,210681,0,3,-2.2505248387654624,-2.26094913482666,-0.010424296061197769
distractor_heavy,401234,8192,8193,0.1,210681,0,1,-2.2505248387654624,-2.1984888712565103,0.05203596750895212
distractor_heavy,401234,8192,8193,0.1,210681,0,4,-2.2505248387654624,-2.24016539255778,0.010359446207682588
distractor_heavy,401234,8192,8193,0.1,210681,20,11,-2.2505248387654624,-2.219313939412435,0.031210899353027344
distractor_heavy,401234,8192,8193,0.1,210681,0,5,-2.2505248387654624,-2.229694048563639,0.020830790201823213
distractor_heavy,401235,8192,8193,0.1,639039,21,11,-2.0219222704569497,-2.1889456113179526,-0.1670233408610029
distractor_heavy,401235,8192,8193,0.1,639039,0,8,-2.0219222704569497,-2.073803424835205,-0.051881154378255356
distractor_heavy,401235,8192,8193,0.1,639039,22,7,-2.0219222704569497,-2.230404535929362,-0.2084822654724121
distractor_heavy,401235,8192,8193,0.1,639039,21,9,-2.0219222704569497,-2.0116278330485025,0.010294437408447266
distractor_heavy,401235,8192,8193,0.1,639039,20,2,-2.0219222704569497,-2.032429854075114,-0.010507583618164062
distractor_heavy,401235,8192,8193,0.1,639039,20,9,-2.0219222704569497,-2.0844074885050454,-0.0624852180480957
distractor_heavy,401235,8192,8193,0.1,639039,17,3,-2.0219222704569497,-2.094815731048584,-0.07289346059163426
distractor_heavy,401235,8192,8193,0.1,639039,20,3,-2.0219222704569497,-2.0635832150777182,-0.041660944620768525
distractor_heavy,401235,8192,8193,0.1,639039,19,1,-2.0219222704569497,-2.032433350880941,-0.010511080423991181
distractor_heavy,401235,8192,8193,0.1,639039,18,3,-2.0219222704569497,-2.0952868461608887,-0.07336457570393895
distractor_heavy,401235,8192,8193,0.1,639039,20,5,-2.0219222704569497,-2.0428544680277505,-0.02093219757080078
distractor_heavy,401235,8192,8193,0.1,639039,22,10,-2.0219222704569497,-2.063612620035807,-0.04169034957885742
distractor_heavy,401235,8192,8193,0.1,639039,0,11,-2.0219222704569497,-1.9800786972045898,0.04184357325235988
distractor_heavy,401235,8192,8193,0.1,639039,23,4,-2.0219222704569497,-2.07403294245402,-0.05211067199707031
distractor_heavy,401235,8192,8193,0.1,639039,0,2,-2.0219222704569497,-2.0429526964823403,-0.021030426025390625
distractor_heavy,401235,8192,8193,0.1,639039,0,6,-2.0219222704569497,-2.042064666748047,-0.020142396291097153
distractor_heavy,401235,8192,8193,0.1,639039,0,7,-2.0219222704569497,-2.0218488375345864,7.343292236328125e-05
distractor_heavy,401235,8192,8193,0.1,639039,0,10,-2.0219222704569497,-2.010871251424154,0.011051019032795928
distractor_heavy,401235,8192,8193,0.1,639039,0,0,-2.0219222704569497,-2.0222851435343423,-0.0003628730773925781
distractor_heavy,401235,8192,8193,0.1,639039,0,3,-2.0219222704569497,-2.0743117332458496,-0.05238946278889989
distractor_heavy,401235,8192,8193,0.1,639039,0,1,-2.0219222704569497,-2.021886666615804,3.5603841145537274e-05
distractor_heavy,401235,8192,8193,0.1,639039,0,4,-2.0219222704569497,-2.053475538889567,-0.03155326843261719
distractor_heavy,401235,8192,8193,0.1,639039,20,11,-2.0219222704569497,-2.032355308532715,-0.010433038075765122
distractor_heavy,401235,8192,8193,0.1,639039,0,5,-2.0219222704569497,-2.04261843363444,-0.020696163177490234
distractor_heavy,401236,8192,8192,0.1,705589,21,11,-1.9497793515523274,-2.231471061706543,-0.28169171015421557
distractor_heavy,401236,8192,8192,0.1,705589,0,8,-1.9497793515523274,-1.959214210510254,-0.009434858957926506
distractor_heavy,401236,8192,8192,0.1,705589,22,7,-1.9497793515523274,-2.189368565877279,-0.2395892143249514
distractor_heavy,401236,8192,8192,0.1,705589,21,9,-1.9497793515523274,-1.918745517730713,0.03103383382161451
distractor_heavy,401236,8192,8192,0.1,705589,20,2,-1.9497793515523274,-1.980810006459554,-0.031030654907226562
distractor_heavy,401236,8192,8192,0.1,705589,20,9,-1.9497793515523274,-1.9498470624287922,-6.771087646484375e-05
distractor_heavy,401236,8192,8192,0.1,705589,17,3,-1.9497793515523274,-2.0019167264302573,-0.05213737487792991
distractor_heavy,401236,8192,8192,0.1,705589,20,3,-1.9497793515523274,-2.0123825073242188,-0.06260315577189135
distractor_heavy,401236,8192,8192,0.1,705589,19,1,-1.9497793515523274,-1.9706196784973145,-0.020840326944987053
distractor_heavy,401236,8192,8192,0.1,705589,18,3,-1.9497793515523274,-2.012746969858805,-0.06296761830647779
distractor_heavy,401236,8192,8192,0.1,705589,20,5,-1.9497793515523274,-1.9914924303690593,-0.04171307881673192
distractor_heavy,401236,8192,8192,0.1,705589,22,10,-1.9497793515523274,-2.0122292836507163,-0.062449932098388894
distractor_heavy,401236,8192,8192,0.1,705589,0,11,-1.9497793515523274,-1.907710075378418,0.04206927617390943
distractor_heavy,401236,8192,8192,0.1,705589,23,4,-1.9497793515523274,-1.9914296468098958,-0.04165029525756836
distractor_heavy,401236,8192,8192,0.1,705589,0,2,-1.9497793515523274,-1.9706714948018391,-0.02089214324951172
distractor_heavy,401236,8192,8192,0.1,705589,0,6,-1.9497793515523274,-1.9692559242248535,-0.019476572672526116
distractor_heavy,401236,8192,8192,0.1,705589,0,7,-1.9497793515523274,-1.950135866800944,-0.0003565152486166845
distractor_heavy,401236,8192,8192,0.1,705589,0,10,-1.9497793515523274,-1.9381672541300456,0.011612097422281753
distractor_heavy,401236,8192,8192,0.1,705589,0,0,-1.9497793515523274,-1.9084936777750652,0.04128567377726222
distractor_heavy,401236,8192,8192,0.1,705589,0,3,-1.9497793515523274,-1.9810867309570312,-0.03130737940470385
distractor_heavy,401236,8192,8192,0.1,705589,0,1,-1.9497793515523274,-1.9497876167297363,-8.265177408928182e-06
distractor_heavy,401236,8192,8192,0.1,705589,0,4,-1.9497793515523274,-1.9397087097167969,0.010070641835530525
distractor_heavy,401236,8192,8192,0.1,705589,20,11,-1.9497793515523274,-1.949940840403239,-0.00016148885091160636
distractor_heavy,401236,8192,8192,0.1,705589,0,5,-1.9497793515523274,-1.9599734942118328,-0.010194142659505356
distractor_heavy,401237,8192,8192,0.1,577255,21,11,-2.0298563639322915,-2.133366584777832,-0.10351022084554051
distractor_heavy,401237,8192,8192,0.1,577255,0,8,-2.0298563639322915,-2.0125389099121094,0.017317454020182144
distractor_heavy,401237,8192,8192,0.1,577255,22,7,-2.0298563639322915,-2.15588108698527,-0.12602472305297852
distractor_heavy,401237,8192,8192,0.1,577255,21,9,-2.0298563639322915,-2.0432844161987305,-0.01342805226643895
distractor_heavy,401237,8192,8192,0.1,577255,20,2,-2.0298563639322915,-1.999395529429118,0.030460834503173606
distractor_heavy,401237,8192,8192,0.1,577255,20,9,-2.0298563639322915,-2.105186144510905,-0.07532978057861328
distractor_heavy,401237,8192,8192,0.1,577255,17,3,-2.0298563639322915,-2.040952523549398,-0.011096159617106416
distractor_heavy,401237,8192,8192,0.1,577255,20,3,-2.0298563639322915,-2.050640265146891,-0.02078390121459961
distractor_heavy,401237,8192,8192,0.1,577255,19,1,-2.0298563639322915,-2.0321172078450522,-0.0022608439127607127
distractor_heavy,401237,8192,8192,0.1,577255,18,3,-2.0298563639322915,-2.1302973429361978,-0.10044097900390625
distractor_heavy,401237,8192,8192,0.1,577255,20,5,-2.0298563639322915,-2.0717384020487466,-0.04188203811645508
distractor_heavy,401237,8192,8192,0.1,577255,22,10,-2.0298563639322915,-2.0511250495910645,-0.021268685658772934
distractor_heavy,401237,8192,8192,0.1,577255,0,11,-2.0298563639322915,-2.0070624351501465,0.022793928782145034
distractor_heavy,401237,8192,8192,0.1,577255,23,4,-2.0298563639322915,-2.0720001856486,-0.042143821716308594
distractor_heavy,401237,8192,8192,0.1,577255,0,2,-2.0298563639322915,-2.0106215476989746,0.01923481623331691
distractor_heavy,401237,8192,8192,0.1,577255,0,6,-2.0298563639322915,-1.9910188515981038,0.03883751233418775
distractor_heavy,401237,8192,8192,0.1,577255,0,7,-2.0298563639322915,-2.0273669560750327,0.0024894078572588185
distractor_heavy,401237,8192,8192,0.1,577255,0,10,-2.0298563639322915,-2.0248827934265137,0.004973570505777847
distractor_heavy,401237,8192,8192,0.1,577255,0,0,-2.0298563639322915,-1.9961331685384114,0.033723195393880134
distractor_heavy,401237,8192,8192,0.1,577255,0,3,-2.0298563639322915,-2.055760701497396,-0.025904337565104463
distractor_heavy,401237,8192,8192,0.1,577255,0,1,-2.0298563639322915,-1.9907374382019043,0.03911892573038722
distractor_heavy,401237,8192,8192,0.1,577255,0,4,-2.0298563639322915,-2.032133102416992,-0.002276738484700669
distractor_heavy,401237,8192,8192,0.1,577255,20,11,-2.0298563639322915,-2.0606816609700522,-0.030825297037760713
distractor_heavy,401237,8192,8192,0.1,577255,0,5,-2.0298563639322915,-2.0142807960510254,0.015575567881266128
distractor_heavy,401238,8192,8192,0.1,984712,21,11,-2.0761286417643228,-2.2958828608194985,-0.21975421905517578
distractor_heavy,401238,8192,8192,0.1,984712,0,8,-2.0761286417643228,-2.0750983556111655,0.001030286153157256
distractor_heavy,401238,8192,8192,0.1,984712,22,7,-2.0761286417643228,-2.2847229639689126,-0.20859432220458984
distractor_heavy,401238,8192,8192,0.1,984712,21,9,-2.0761286417643228,-2.0657777786254883,0.010350863138834487
distractor_heavy,401238,8192,8192,0.1,984712,20,2,-2.0761286417643228,-2.0865914026896157,-0.010462760925292969
distractor_heavy,401238,8192,8192,0.1,984712,20,9,-2.0761286417643228,-2.075845718383789,0.00028292338053370614
distractor_heavy,401238,8192,8192,0.1,984712,17,3,-2.0761286417643228,-2.1584787368774414,-0.08235009511311864
distractor_heavy,401238,8192,8192,0.1,984712,20,3,-2.0761286417643228,-2.127950668334961,-0.05182202657063817
distractor_heavy,401238,8192,8192,0.1,984712,19,1,-2.0761286417643228,-2.0865564346313477,-0.010427792867024888
distractor_heavy,401238,8192,8192,0.1,984712,18,3,-2.0761286417643228,-2.1809717814127603,-0.1048431396484375
distractor_heavy,401238,8192,8192,0.1,984712,20,5,-2.0761286417643228,-2.1074091593424478,-0.031280517578125
distractor_heavy,401238,8192,8192,0.1,984712,22,10,-2.0761286417643228,-2.1595948537190757,-0.0834662119547529
distractor_heavy,401238,8192,8192,0.1,984712,0,11,-2.0761286417643228,-2.05532169342041,0.020806948343912612
distractor_heavy,401238,8192,8192,0.1,984712,23,4,-2.0761286417643228,-2.127992630004883,-0.051863988240560044
distractor_heavy,401238,8192,8192,0.1,984712,0,2,-2.0761286417643228,-2.0568135579427085,0.019315083821614287
distractor_heavy,401238,8192,8192,0.1,984712,0,6,-2.0761286417643228,-2.042416572570801,0.03371206919352199
distractor_heavy,401238,8192,8192,0.1,984712,0,7,-2.0761286417643228,-2.1082372665405273,-0.032108624776204575
distractor_heavy,401238,8192,8192,0.1,984712,0,10,-2.0761286417643228,-2.032522360483805,0.04360628128051758
distractor_heavy,401238,8192,8192,0.1,984712,0,0,-2.0761286417643228,-2.0277980168660483,0.048330624898274444
distractor_heavy,401238,8192,8192,0.1,984712,0,3,-2.0761286417643228,-2.0971498489379883,-0.021021207173665513
distractor_heavy,401238,8192,8192,0.1,984712,0,1,-2.0761286417643228,-2.077236811319987,-0.0011081695556640625
distractor_heavy,401238,8192,8192,0.1,984712,0,4,-2.0761286417643228,-2.099440574645996,-0.023311932881673325
distractor_heavy,401238,8192,8192,0.1,984712,20,11,-2.0761286417643228,-2.0865532557169595,-0.010424613952636719
distractor_heavy,401238,8192,8192,0.1,984712,0,5,-2.0761286417643228,-2.0979785919189453,-0.021849950154622544
distractor_heavy,401239,8192,8192,0.1,836886,21,11,-1.9511070251464844,-2.171349207560221,-0.22024218241373683
distractor_heavy,401239,8192,8192,0.1,836886,0,8,-1.9511070251464844,-1.9503262837727864,0.0007807413736979907
distractor_heavy,401239,8192,8192,0.1,836886,22,7,-1.9511070251464844,-2.0766092936197915,-0.12550226847330714
distractor_heavy,401239,8192,8192,0.1,836886,21,9,-1.9511070251464844,-1.8990227381388347,0.052084287007649666
distractor_heavy,401239,8192,8192,0.1,836886,20,2,-1.9511070251464844,-1.930310567220052,0.020796457926432366
distractor_heavy,401239,8192,8192,0.1,836886,20,9,-1.9511070251464844,-1.9614877700805664,-0.010380744934082031
distractor_heavy,401239,8192,8192,0.1,836886,17,3,-1.9511070251464844,-1.9930661519368489,-0.04195912679036451
distractor_heavy,401239,8192,8192,0.1,836886,20,3,-1.9511070251464844,-1.9719231923421223,-0.020816167195637947
distractor_heavy,401239,8192,8192,0.1,836886,19,1,-1.9511070251464844,-1.9200426737467449,0.03106435139973951
distractor_heavy,401239,8192,8192,0.1,836886,18,3,-1.9511070251464844,-1.993239402770996,-0.04213237762451172
distractor_heavy,401239,8192,8192,0.1,836886,20,5,-1.9511070251464844,-2.0135978062947593,-0.06249078114827489
distractor_heavy,401239,8192,8192,0.1,836886,22,10,-1.9511070251464844,-2.0034914016723633,-0.052384376525878906
distractor_heavy,401239,8192,8192,0.1,836886,0,11,-1.9511070251464844,-1.9092464447021484,0.04186058044433594
distractor_heavy,401239,8192,8192,0.1,836886,23,4,-1.9511070251464844,-1.98253599802653,-0.03142897288004565
distractor_heavy,401239,8192,8192,0.1,836886,0,2,-1.9511070251464844,-1.9196945826212566,0.03141244252522779
distractor_heavy,401239,8192,8192,0.1,836886,0,6,-1.9511070251464844,-1.9501829147338867,0.0009241104125976562
distractor_heavy,401239,8192,8192,0.1,836886,0,7,-1.9511070251464844,-1.9403785069783528,0.010728518168131584
distractor_heavy,401239,8192,8192,0.1,836886,0,10,-1.9511070251464844,-1.9608248074849446,-0.009717782338460212
distractor_heavy,401239,8192,8192,0.1,836886,0,0,-1.9511070251464844,-1.9105761845906575,0.0405308405558269
distractor_heavy,401239,8192,8192,0.1,836886,0,3,-1.9511070251464844,-1.9823106129964192,-0.031203587849934822
distractor_heavy,401239,8192,8192,0.1,836886,0,1,-1.9511070251464844,-1.9511435826619465,-3.655751546216557e-05
distractor_heavy,401239,8192,8192,0.1,836886,0,4,-1.9511070251464844,-1.9206835428873699,0.03042348225911451
distractor_heavy,401239,8192,8192,0.1,836886,20,11,-1.9511070251464844,-1.9408124287923176,0.01029459635416674
distractor_heavy,401239,8192,8192,0.1,836886,0,5,-1.9511070251464844,-1.9299736022949219,0.0211334228515625
distractor_heavy,401240,8192,8193,0.1,453754,21,11,-2.1962440808614097,-2.3796873092651367,-0.18344322840372707
distractor_heavy,401240,8192,8193,0.1,453754,0,8,-2.1962440808614097,-2.172532240549723,0.023711840311686494
distractor_heavy,401240,8192,8193,0.1,453754,22,7,-2.1962440808614097,-2.341314156850179,-0.14507007598876953
distractor_heavy,401240,8192,8193,0.1,453754,21,9,-2.1962440808614097,-2.1863320668538413,0.00991201400756836
distractor_heavy,401240,8192,8193,0.1,453754,20,2,-2.1962440808614097,-2.1632180213928223,0.03302605946858739
distractor_heavy,401240,8192,8193,0.1,453754,20,9,-2.1962440808614097,-2.20163631439209,-0.0053922335306801905
distractor_heavy,401240,8192,8193,0.1,453754,17,3,-2.1962440808614097,-2.167085647583008,0.02915843327840184
distractor_heavy,401240,8192,8193,0.1,453754,20,3,-2.1962440808614097,-2.2157793045043945,-0.019535223642984878
distractor_heavy,401240,8192,8193,0.1,453754,19,1,-2.1962440808614097,-2.17362912495931,0.02261495590209961
distractor_heavy,401240,8192,8193,0.1,453754,18,3,-2.1962440808614097,-2.237124443054199,-0.040880362192789566
distractor_heavy,401240,8192,8193,0.1,453754,20,5,-2.1962440808614097,-2.2066699663798013,-0.010425885518391631
distractor_heavy,401240,8192,8193,0.1,453754,22,10,-2.1962440808614097,-2.1943012873331704,0.0019427935282392284
distractor_heavy,401240,8192,8193,0.1,453754,0,11,-2.1962440808614097,-2.1412301063537598,0.05501397450764989
distractor_heavy,401240,8192,8193,0.1,453754,23,4,-2.1962440808614097,-2.23645814259847,-0.04021406173706055
distractor_heavy,401240,8192,8193,0.1,453754,0,2,-2.1962440808614097,-2.182098706563314,0.014145374298095703
distractor_heavy,401240,8192,8193,0.1,453754,0,6,-2.1962440808614097,-2.2009363174438477,-0.004692236582438003
distractor_heavy,401240,8192,8193,0.1,453754,0,7,-2.1962440808614097,-2.193485736846924,0.002758344014485825
distractor_heavy,401240,8192,8193,0.1,453754,0,10,-2.1962440808614097,-2.153005282084147,0.043238798777262666
distractor_heavy,401240,8192,8193,0.1,453754,0,0,-2.1962440808614097,-2.163722356160482,0.032521724700927734
distractor_heavy,401240,8192,8193,0.1,453754,0,3,-2.1962440808614097,-2.19887908299764,-0.0026350021362304688
distractor_heavy,401240,8192,8193,0.1,453754,0,1,-2.1962440808614097,-2.1952719688415527,0.0009721120198569189
distractor_heavy,401240,8192,8193,0.1,453754,0,4,-2.1962440808614097,-2.19432004292806,0.0019240379333496094
distractor_heavy,401240,8192,8193,0.1,453754,20,11,-2.1962440808614097,-2.152157465616862,0.04408661524454782
distractor_heavy,401240,8192,8193,0.1,453754,0,5,-2.1962440808614097,-2.195095698038737,0.001148382822672822
distractor_heavy,401241,8192,8192,0.1,395505,21,11,-2.2317377726236978,-2.380669911702474,-0.14893213907877634
distractor_heavy,401241,8192,8192,0.1,395505,0,8,-2.2317377726236978,-2.2406694094340005,-0.008931636810302734
distractor_heavy,401241,8192,8192,0.1,395505,22,7,-2.2317377726236978,-2.440388043721517,-0.2086502710978193
distractor_heavy,401241,8192,8192,0.1,395505,21,9,-2.2317377726236978,-2.2236204147338867,0.00811735788981105
distractor_heavy,401241,8192,8192,0.1,395505,20,2,-2.2317377726236978,-2.2109864552815757,0.0207513173421221
distractor_heavy,401241,8192,8192,0.1,395505,20,9,-2.2317377726236978,-2.2844433784484863,-0.05270560582478856
distractor_heavy,401241,8192,8192,0.1,395505,17,3,-2.2317377726236978,-2.3080323537190757,-0.0762945810953779
distractor_heavy,401241,8192,8192,0.1,395505,20,3,-2.2317377726236978,-2.2850669225056968,-0.053329149881998994
distractor_heavy,401241,8192,8192,0.1,395505,19,1,-2.2317377726236978,-2.233195940653483,-0.0014581680297851562
distractor_heavy,401241,8192,8192,0.1,395505,18,3,-2.2317377726236978,-2.2791932423909507,-0.0474554697672529
distractor_heavy,401241,8192,8192,0.1,395505,20,5,-2.2317377726236978,-2.2437012990315757,-0.0119635264078779
distractor_heavy,401241,8192,8192,0.1,395505,22,10,-2.2317377726236978,-2.2733961741129556,-0.04165840148925781
distractor_heavy,401241,8192,8192,0.1,395505,0,11,-2.2317377726236978,-2.199181238810221,0.03255653381347656
distractor_heavy,401241,8192,8192,0.1,395505,23,4,-2.2317377726236978,-2.252471923828125,-0.02073415120442723
distractor_heavy,401241,8192,8192,0.1,395505,0,2,-2.2317377726236978,-2.2525316874186196,-0.020793914794921875
distractor_heavy,401241,8192,8192,0.1,395505,0,6,-2.2317377726236978,-2.2222228050231934,0.00951496760050441
distractor_heavy,401241,8192,8192,0.1,395505,0,7,-2.2317377726236978,-2.239398638407389,-0.007660865783691406
distractor_heavy,401241,8192,8192,0.1,395505,0,10,-2.2317377726236978,-2.2232611974080405,0.008476575215657256
distractor_heavy,401241,8192,8192,0.1,395505,0,0,-2.2317377726236978,-2.2571210861206055,-0.0253833134969077
distractor_heavy,401241,8192,8192,0.1,395505,0,3,-2.2317377726236978,-2.270355224609375,-0.03861745198567723
distractor_heavy,401241,8192,8192,0.1,395505,0,1,-2.2317377726236978,-2.2606024742126465,-0.028864701588948716
distractor_heavy,401241,8192,8192,0.1,395505,0,4,-2.2317377726236978,-2.2759780883789062,-0.04424031575520848
distractor_heavy,401241,8192,8192,0.1,395505,20,11,-2.2317377726236978,-2.191437085469564,0.04030068715413382
distractor_heavy,401241,8192,8192,0.1,395505,0,5,-2.2317377726236978,-2.2589184443155923,-0.02718067169189453
