variant,seed,target_tokens,actual_tokens,needle_frac,gold,layer,head,gold_span_start,gold_span_end,needle_span_start,needle_span_end,n_distractor_spans,gold_mass,gold_max,gold_rank,needle_mass,distractor_mass,argmax_token_index,argmax_in_gold,argmax_in_needle
literal,1234,16384,16384,0.9,915965,20,7,14699,14705,14688,14712,1,0.002425670623779297,0.00099945068359375,32,0.0066092610359191895,0.0104217529296875,16383,0,0
literal,1234,16384,16384,0.9,915965,21,11,14699,14705,14688,14712,1,0.73193359375,0.25390625,1,0.8014659881591797,0.03693389892578125,14700,1,1
literal,1234,16384,16384,0.9,915965,22,7,14699,14705,14688,14712,1,0.32713890075683594,0.314453125,1,0.8778512477874756,0.007906079292297363,14699,1,1
literal,1234,16384,16384,0.9,915965,18,3,14699,14705,14688,14712,1,0.007228851318359375,0.0017852783203125,48,0.1105126440525055,0.01806640625,0,0,0
literal,1234,16384,16384,0.9,915965,17,10,14699,14705,14688,14712,1,0.0025463104248046875,0.00078582763671875,75,0.1427593231201172,0.00798797607421875,0,0,0
literal,1234,16384,16384,0.9,915965,20,8,14699,14705,14688,14712,1,0.0004398822784423828,0.00018024444580078125,42,0.002837034873664379,0.0023255348205566406,16383,0,0
literal,1234,16384,16384,0.9,915965,22,0,14699,14705,14688,14712,1,2.8763897716999054e-06,1.7881393432617188e-06,1383,0.00023416290059685707,8.915364742279053e-05,16383,0,0
literal,1234,16384,16384,0.9,915965,22,4,14699,14705,14688,14712,1,0.0010192394256591797,0.0005645751953125,26,0.005959630012512207,0.0030646324157714844,16376,0,0
literal,1234,16384,16384,0.9,915965,21,0,14699,14705,14688,14712,1,0.01776123046875,0.004486083984375,9,0.050427019596099854,0.0045108795166015625,0,0,0
literal,1234,16384,16384,0.9,915965,20,6,14699,14705,14688,14712,1,0.00034296512603759766,0.00011682510375976562,74,0.03593337535858154,0.00038492679595947266,0,0,0
literal,1234,16384,16384,0.9,915965,20,9,14699,14705,14688,14712,1,0.01528167724609375,0.0034637451171875,13,0.022292189300060272,0.020954132080078125,16382,0,0
literal,1234,16384,16384,0.9,915965,21,3,14699,14705,14688,14712,1,0.00018212199211120605,7.343292236328125e-05,87,0.016156241297721863,0.001775503158569336,0,0,0
literal,1234,16384,16384,0.9,915965,21,1,14699,14705,14688,14712,1,0.000522613525390625,0.0001735687255859375,88,0.0489044189453125,0.0013513565063476562,0,0,0
literal,1234,16384,16384,0.9,915965,21,4,14699,14705,14688,14712,1,0.0052509307861328125,0.00174713134765625,28,0.032378941774368286,0.00518798828125,16382,0,0
literal,1234,16384,16384,0.9,915965,21,5,14699,14705,14688,14712,1,0.00441741943359375,0.00091552734375,58,0.07821846008300781,0.0009288787841796875,0,0,0
literal,1234,16384,16384,0.9,915965,17,3,14699,14705,14688,14712,1,0.0008282661437988281,0.0003986358642578125,57,0.01778554916381836,0.008953094482421875,16383,0,0
literal,1234,16384,16384,0.9,915965,22,10,14699,14705,14688,14712,1,0.085845947265625,0.0294189453125,8,0.6925188302993774,0.003001689910888672,14706,0,1
literal,1234,16384,16384,0.9,915965,23,4,14699,14705,14688,14712,1,0.03478240966796875,0.0238037109375,9,0.31696605682373047,0.009727954864501953,0,0,0
literal,1234,16384,16384,0.9,915965,20,3,14699,14705,14688,14712,1,0.0007768869400024414,0.0003566741943359375,57,0.030314266681671143,0.0013959407806396484,16383,0,0
literal,1235,16384,16383,0.9,822782,20,7,14732,14738,14721,14745,1,0.0006284713745117188,0.000247955322265625,51,0.0074547529220581055,0.00859832763671875,16382,0,0
literal,1235,16384,16383,0.9,822782,21,11,14732,14738,14721,14745,1,0.700927734375,0.2333984375,1,0.7839961051940918,0.0363616943359375,14735,1,1
literal,1235,16384,16383,0.9,822782,22,7,14732,14738,14721,14745,1,0.32913827896118164,0.322265625,1,0.9325175285339355,0.004862964153289795,14732,1,1
literal,1235,16384,16383,0.9,822782,18,3,14732,14738,14721,14745,1,0.009745597839355469,0.0037384033203125,35,0.1586313247680664,0.014125823974609375,0,0,0
literal,1235,16384,16383,0.9,822782,17,10,14732,14738,14721,14745,1,0.0029773712158203125,0.000873565673828125,73,0.15216636657714844,0.0082244873046875,0,0,0
literal,1235,16384,16383,0.9,822782,20,8,14732,14738,14721,14745,1,0.001201033592224121,0.00083160400390625,25,0.004707557149231434,0.0022830963134765625,16381,0,0
literal,1235,16384,16383,0.9,822782,22,0,14732,14738,14721,14745,1,1.2093689292669296e-05,5.7220458984375e-06,572,0.00017097173258662224,7.77021050453186e-05,0,0,0
literal,1235,16384,16383,0.9,822782,22,4,14732,14738,14721,14745,1,0.0017108917236328125,0.000537872314453125,31,0.01847618818283081,0.003143310546875,16375,0,0
literal,1235,16384,16383,0.9,822782,21,0,14732,14738,14721,14745,1,0.01959228515625,0.005035400390625,9,0.044727623462677,0.004192352294921875,0,0,0
literal,1235,16384,16383,0.9,822782,20,6,14732,14738,14721,14745,1,0.0003708302974700928,0.0001316070556640625,71,0.03632083535194397,0.0005161762237548828,0,0,0
literal,1235,16384,16383,0.9,822782,20,9,14732,14738,14721,14745,1,0.009918212890625,0.0025482177734375,11,0.013438080437481403,0.01616668701171875,16381,0,0
literal,1235,16384,16383,0.9,822782,21,3,14732,14738,14721,14745,1,0.00014701485633850098,7.343292236328125e-05,97,0.031865984201431274,0.001975536346435547,0,0,0
literal,1235,16384,16383,0.9,822782,21,1,14732,14738,14721,14745,1,0.00048220157623291016,0.0002803802490234375,74,0.04212534427642822,0.0015206336975097656,0,0,0
literal,1235,16384,16383,0.9,822782,21,4,14732,14738,14721,14745,1,0.017303466796875,0.00823974609375,15,0.06154954433441162,0.00652313232421875,16381,0,0
literal,1235,16384,16383,0.9,822782,21,5,14732,14738,14721,14745,1,0.0045490264892578125,0.0014801025390625,47,0.0674142837524414,0.0009262561798095703,0,0,0
literal,1235,16384,16383,0.9,822782,17,3,14732,14738,14721,14745,1,0.0007574558258056641,0.0003376007080078125,60,0.015265703201293945,0.0087432861328125,16382,0,0
literal,1235,16384,16383,0.9,822782,22,10,14732,14738,14721,14745,1,0.095611572265625,0.036865234375,7,0.6499903202056885,0.0020742416381835938,14738,0,1
literal,1235,16384,16383,0.9,822782,23,4,14732,14738,14721,14745,1,0.023958206176757812,0.01544189453125,14,0.2580118179321289,0.012661933898925781,0,0,0
literal,1235,16384,16383,0.9,822782,20,3,14732,14738,14721,14745,1,0.0017940998077392578,0.000591278076171875,49,0.027305781841278076,0.0019409656524658203,16382,0,0
literal,1236,16384,16384,0.9,659279,20,7,14698,14704,14687,14711,1,0.002872943878173828,0.00104522705078125,31,0.0073223114013671875,0.008823394775390625,16383,0,0
literal,1236,16384,16384,0.9,659279,21,11,14698,14704,14687,14711,1,0.734130859375,0.177734375,1,0.8091306686401367,0.0275726318359375,14699,1,1
literal,1236,16384,16384,0.9,659279,22,7,14698,14704,14687,14711,1,0.6679563522338867,0.65234375,1,0.956760048866272,0.00573933869600296,14698,1,1
literal,1236,16384,16384,0.9,659279,18,3,14698,14704,14687,14711,1,0.009319305419921875,0.0023193359375,45,0.12404340505599976,0.016277313232421875,0,0,0
literal,1236,16384,16384,0.9,659279,17,10,14698,14704,14687,14711,1,0.0024671554565429688,0.00072479248046875,75,0.15067577362060547,0.007900238037109375,0,0,0
literal,1236,16384,16384,0.9,659279,20,8,14698,14704,14687,14711,1,0.0005328655242919922,0.000179290771484375,44,0.0032256850972771645,0.0015859603881835938,16382,0,0
literal,1236,16384,16384,0.9,659279,22,0,14698,14704,14687,14711,1,2.7259811758995056e-06,1.1026859283447266e-06,1950,0.00027033593505620956,8.927285671234131e-05,16383,0,0
literal,1236,16384,16384,0.9,659279,22,4,14698,14704,14687,14711,1,0.0010249614715576172,0.000598907470703125,26,0.006965130567550659,0.002808094024658203,16376,0,0
literal,1236,16384,16384,0.9,659279,21,0,14698,14704,14687,14711,1,0.02187347412109375,0.005828857421875,5,0.04650771617889404,0.0035991668701171875,0,0,0
literal,1236,16384,16384,0.9,659279,20,6,14698,14704,14687,14711,1,0.0003681182861328125,0.00012493133544921875,73,0.046540260314941406,0.0002789497375488281,0,0,0
literal,1236,16384,16384,0.9,659279,20,9,14698,14704,14687,14711,1,0.012981414794921875,0.0040283203125,8,0.01730974018573761,0.010372161865234375,16382,0,0
literal,1236,16384,16384,0.9,659279,21,3,14698,14704,14687,14711,1,0.00021150708198547363,7.534027099609375e-05,100,0.01569339632987976,0.0014262199401855469,0,0,0
literal,1236,16384,16384,0.9,659279,21,1,14698,14704,14687,14711,1,0.0005842447280883789,0.00020503997802734375,82,0.04028952121734619,0.0013437271118164062,0,0,0
literal,1236,16384,16384,0.9,659279,21,4,14698,14704,14687,14711,1,0.0057582855224609375,0.0018463134765625,29,0.031871527433395386,0.004059791564941406,16382,0,0
literal,1236,16384,16384,0.9,659279,21,5,14698,14704,14687,14711,1,0.0044460296630859375,0.0010528564453125,56,0.07543325424194336,0.0007978677749633789,0,0,0
literal,1236,16384,16384,0.9,659279,17,3,14698,14704,14687,14711,1,0.0010023117065429688,0.0003376007080078125,61,0.019640564918518066,0.007900238037109375,16383,0,0
literal,1236,16384,16384,0.9,659279,22,10,14698,14704,14687,14711,1,0.109039306640625,0.031494140625,9,0.6391066908836365,0.0018734931945800781,14704,0,1
literal,1236,16384,16384,0.9,659279,23,4,14698,14704,14687,14711,1,0.018863677978515625,0.01416015625,15,0.2681858539581299,0.009409904479980469,0,0,0
literal,1236,16384,16384,0.9,659279,20,3,14698,14704,14687,14711,1,0.001101374626159668,0.000614166259765625,47,0.029043734073638916,0.0006105899810791016,16371,0,0
literal,1237,16384,16384,0.9,255903,20,7,14711,14717,14700,14724,1,0.0012545585632324219,0.0003376007080078125,43,0.006796807050704956,0.00788116455078125,16383,0,0
literal,1237,16384,16384,0.9,255903,21,11,14711,14717,14700,14724,1,0.719482421875,0.271484375,1,0.7993130683898926,0.0355682373046875,14713,1,1
literal,1237,16384,16384,0.9,255903,22,7,14711,14717,14700,14724,1,0.5563879013061523,0.54296875,1,0.94066321849823,0.005625173449516296,14711,1,1
literal,1237,16384,16384,0.9,255903,18,3,14711,14717,14700,14724,1,0.01189422607421875,0.0034942626953125,33,0.1441354751586914,0.01761627197265625,0,0,0
literal,1237,16384,16384,0.9,255903,17,10,14711,14717,14700,14724,1,0.002262115478515625,0.00052642822265625,84,0.13797760009765625,0.007297515869140625,0,0,0
literal,1237,16384,16384,0.9,255903,20,8,14711,14717,14700,14724,1,0.0009601116180419922,0.0004062652587890625,31,0.003980823792517185,0.0015244483947753906,16382,0,0
literal,1237,16384,16384,0.9,255903,22,0,14711,14717,14700,14724,1,1.8363352864980698e-06,9.760260581970215e-07,1880,7.358170114457607e-05,5.8144330978393555e-05,16383,0,0
literal,1237,16384,16384,0.9,255903,22,4,14711,14717,14700,14724,1,0.0009894371032714844,0.000339508056640625,37,0.008787065744400024,0.0017709732055664062,16376,0,0
literal,1237,16384,16384,0.9,255903,21,0,14711,14717,14700,14724,1,0.02404022216796875,0.006988525390625,5,0.049172043800354004,0.00498199462890625,0,0,0
literal,1237,16384,16384,0.9,255903,20,6,14711,14717,14700,14724,1,0.0004832744598388672,0.00014972686767578125,70,0.037499427795410156,0.00036084651947021484,0,0,0
literal,1237,16384,16384,0.9,255903,20,9,14711,14717,14700,14724,1,0.0147552490234375,0.00384521484375,11,0.018676545470952988,0.01413726806640625,16382,0,0
literal,1237,16384,16384,0.9,255903,21,3,14711,14717,14700,14724,1,0.00022619962692260742,8.296966552734375e-05,88,0.011915843933820724,0.0018644332885742188,0,0,0
literal,1237,16384,16384,0.9,255903,21,1,14711,14717,14700,14724,1,0.0008410215377807617,0.000484466552734375,72,0.0458449125289917,0.0021905899047851562,0,0,0
literal,1237,16384,16384,0.9,255903,21,4,14711,14717,14700,14724,1,0.01224517822265625,0.00494384765625,15,0.04204706847667694,0.0054454803466796875,16382,0,0
literal,1237,16384,16384,0.9,255903,21,5,14711,14717,14700,14724,1,0.0072116851806640625,0.00286865234375,31,0.07098579406738281,0.0008218288421630859,0,0,0
literal,1237,16384,16384,0.9,255903,17,3,14711,14717,14700,14724,1,0.0011305809020996094,0.0004558563232421875,50,0.017298460006713867,0.00839996337890625,16383,0,0
literal,1237,16384,16384,0.9,255903,22,10,14711,14717,14700,14724,1,0.1568603515625,0.047607421875,5,0.6659843921661377,0.003631591796875,14718,0,1
literal,1237,16384,16384,0.9,255903,23,4,14711,14717,14700,14724,1,0.022449493408203125,0.01025390625,17,0.24904537200927734,0.014040470123291016,0,0,0
literal,1237,16384,16384,0.9,255903,20,3,14711,14717,14700,14724,1,0.002695798873901367,0.00128936767578125,33,0.033450424671173096,0.0016385316848754883,16383,0,0
literal,1238,16384,16384,0.9,127404,20,7,14698,14704,14687,14711,1,0.0023152828216552734,0.0008544921875,35,0.006854236125946045,0.009334564208984375,16383,0,0
literal,1238,16384,16384,0.9,127404,21,11,14698,14704,14687,14711,1,0.74072265625,0.359375,1,0.8122563362121582,0.035308837890625,14700,1,1
literal,1238,16384,16384,0.9,127404,22,7,14698,14704,14687,14711,1,0.32540035247802734,0.294921875,1,0.8641406297683716,0.0029257312417030334,14698,1,1
literal,1238,16384,16384,0.9,127404,18,3,14698,14704,14687,14711,1,0.006145477294921875,0.00183868408203125,48,0.1052505373954773,0.021631240844726562,0,0,0
literal,1238,16384,16384,0.9,127404,17,10,14698,14704,14687,14711,1,0.002742767333984375,0.000827789306640625,72,0.1561431884765625,0.006175994873046875,0,0,0
literal,1238,16384,16384,0.9,127404,20,8,14698,14704,14687,14711,1,0.0009170770645141602,0.0004558563232421875,30,0.003985785413533449,0.0021715164184570312,16382,0,0
literal,1238,16384,16384,0.9,127404,22,0,14698,14704,14687,14711,1,3.6994460970163345e-06,2.1904706954956055e-06,1268,0.0003943613264709711,7.604062557220459e-05,16383,0,0
literal,1238,16384,16384,0.9,127404,22,4,14698,14704,14687,14711,1,0.000881195068359375,0.0003204345703125,43,0.009459137916564941,0.0029425621032714844,16376,0,0
literal,1238,16384,16384,0.9,127404,21,0,14698,14704,14687,14711,1,0.03488922119140625,0.0218505859375,2,0.0719333291053772,0.005611419677734375,0,0,0
literal,1238,16384,16384,0.9,127404,20,6,14698,14704,14687,14711,1,0.0006504058837890625,0.0002880096435546875,64,0.040372371673583984,0.0005960464477539062,0,0,0
literal,1238,16384,16384,0.9,127404,20,9,14698,14704,14687,14711,1,0.00945281982421875,0.0024871826171875,13,0.014117471873760223,0.011676788330078125,16382,0,0
literal,1238,16384,16384,0.9,127404,21,3,14698,14704,14687,14711,1,0.00031572580337524414,0.00012969970703125,72,0.014654263854026794,0.0025587081909179688,0,0,0
literal,1238,16384,16384,0.9,127404,21,1,14698,14704,14687,14711,1,0.0004966259002685547,0.00020694732666015625,81,0.04102015495300293,0.0018887519836425781,0,0,0
literal,1238,16384,16384,0.9,127404,21,4,14698,14704,14687,14711,1,0.008129119873046875,0.0030975341796875,23,0.049954622983932495,0.00589752197265625,16382,0,0
literal,1238,16384,16384,0.9,127404,21,5,14698,14704,14687,14711,1,0.004574775695800781,0.001861572265625,41,0.08490943908691406,0.0010640621185302734,0,0,0
literal,1238,16384,16384,0.9,127404,17,3,14698,14704,14687,14711,1,0.0009202957153320312,0.000354766845703125,60,0.01783573627471924,0.0077724456787109375,16383,0,0
literal,1238,16384,16384,0.9,127404,22,10,14698,14704,14687,14711,1,0.11920166015625,0.031494140625,9,0.7031738758087158,0.0022745132446289062,14704,0,1
literal,1238,16384,16384,0.9,127404,23,4,14698,14704,14687,14711,1,0.040805816650390625,0.01422119140625,15,0.2930727005004883,0.022110462188720703,0,0,0
literal,1238,16384,16384,0.9,127404,20,3,14698,14704,14687,14711,1,0.0015494823455810547,0.0005340576171875,47,0.025514841079711914,0.0008578300476074219,16383,0,0
literal,1239,16384,16383,0.9,178315,20,7,14710,14716,14699,14723,1,0.0009212493896484375,0.00022792816162109375,48,0.006521493196487427,0.0077667236328125,16382,0,0
literal,1239,16384,16383,0.9,178315,21,11,14710,14716,14699,14723,1,0.699951171875,0.32421875,1,0.7809467315673828,0.0373687744140625,14713,1,1
literal,1239,16384,16383,0.9,178315,22,7,14710,14716,14699,14723,1,0.555790901184082,0.52734375,1,0.9583749771118164,0.004043981432914734,14710,1,1
literal,1239,16384,16383,0.9,178315,18,3,14710,14716,14699,14723,1,0.009604454040527344,0.00299072265625,38,0.145416259765625,0.0186767578125,0,0,0
literal,1239,16384,16383,0.9,178315,17,10,14710,14716,14699,14723,1,0.0018634796142578125,0.000392913818359375,84,0.13561058044433594,0.006908416748046875,0,0,0
literal,1239,16384,16383,0.9,178315,20,8,14710,14716,14699,14723,1,0.001040339469909668,0.000553131103515625,28,0.00463994313031435,0.0015826225280761719,16381,0,0
literal,1239,16384,16383,0.9,178315,22,0,14710,14716,14699,14723,1,1.6260892152786255e-06,5.066394805908203e-07,3029,8.137058466672897e-05,5.907565355300903e-05,16382,0,0
literal,1239,16384,16383,0.9,178315,22,4,14710,14716,14699,14723,1,0.001111745834350586,0.0003833770751953125,39,0.008651629090309143,0.0043735504150390625,16375,0,0
literal,1239,16384,16383,0.9,178315,21,0,14710,14716,14699,14723,1,0.02523040771484375,0.0101318359375,4,0.05314517021179199,0.00507354736328125,0,0,0
literal,1239,16384,16383,0.9,178315,20,6,14710,14716,14699,14723,1,0.00037789344787597656,0.00013065338134765625,76,0.039629340171813965,0.0004260540008544922,0,0,0
literal,1239,16384,16383,0.9,178315,20,9,14710,14716,14699,14723,1,0.013397216796875,0.00390625,10,0.01778610423207283,0.010583877563476562,16381,0,0
literal,1239,16384,16383,0.9,178315,21,3,14710,14716,14699,14723,1,0.00022670626640319824,7.343292236328125e-05,108,0.01619327813386917,0.0019016265869140625,0,0,0
literal,1239,16384,16383,0.9,178315,21,1,14710,14716,14699,14723,1,0.00041472911834716797,0.00020885467529296875,82,0.052379488945007324,0.0015444755554199219,0,0,0
literal,1239,16384,16383,0.9,178315,21,4,14710,14716,14699,14723,1,0.009334564208984375,0.00439453125,16,0.03835539519786835,0.0049648284912109375,16381,0,0
literal,1239,16384,16383,0.9,178315,21,5,14710,14716,14699,14723,1,0.0053997039794921875,0.0019073486328125,38,0.06593608856201172,0.0008263587951660156,0,0,0
literal,1239,16384,16383,0.9,178315,17,3,14710,14716,14699,14723,1,0.000965118408203125,0.0003032684326171875,60,0.01779913902282715,0.00867462158203125,16382,0,0
literal,1239,16384,16383,0.9,178315,22,10,14710,14716,14699,14723,1,0.135986328125,0.032470703125,7,0.6849985122680664,0.0030264854431152344,14716,0,1
literal,1239,16384,16383,0.9,178315,23,4,14710,14716,14699,14723,1,0.0156402587890625,0.00555419921875,20,0.23265504837036133,0.01621723175048828,0,0,0
literal,1239,16384,16383,0.9,178315,20,3,14710,14716,14699,14723,1,0.0024298429489135742,0.00128173828125,34,0.04112720489501953,0.0018124580383300781,16382,0,0
literal,1240,16384,16384,0.9,779361,20,7,14683,14689,14672,14696,1,0.0020427703857421875,0.000701904296875,37,0.007384896278381348,0.00966644287109375,16383,0,0
literal,1240,16384,16384,0.9,779361,21,11,14683,14689,14672,14696,1,0.74462890625,0.27734375,1,0.8210482597351074,0.03020477294921875,14684,1,1
literal,1240,16384,16384,0.9,779361,22,7,14683,14689,14672,14696,1,0.5495939254760742,0.54296875,1,0.927645742893219,0.010710500180721283,14683,1,1
literal,1240,16384,16384,0.9,779361,18,3,14683,14689,14672,14696,1,0.0063762664794921875,0.00179290771484375,48,0.10001015663146973,0.017547607421875,0,0,0
literal,1240,16384,16384,0.9,779361,17,10,14683,14689,14672,14696,1,0.00347137451171875,0.0009765625,72,0.1909332275390625,0.00736236572265625,0,0,0
literal,1240,16384,16384,0.9,779361,20,8,14683,14689,14672,14696,1,0.00033855438232421875,0.00011587142944335938,48,0.0020295779686421156,0.0020227432250976562,16383,0,0
literal,1240,16384,16384,0.9,779361,22,0,14683,14689,14672,14696,1,1.860782504081726e-06,9.5367431640625e-07,2021,5.5165786761790514e-05,6.48200511932373e-05,16383,0,0
literal,1240,16384,16384,0.9,779361,22,4,14683,14689,14672,14696,1,0.0004824399948120117,0.0002422332763671875,41,0.010561466217041016,0.0025196075439453125,16376,0,0
literal,1240,16384,16384,0.9,779361,21,0,14683,14689,14672,14696,1,0.028076171875,0.0101318359375,5,0.05931544303894043,0.0038661956787109375,0,0,0
literal,1240,16384,16384,0.9,779361,20,6,14683,14689,14672,14696,1,0.0005424022674560547,0.0001392364501953125,74,0.038419485092163086,0.0005803108215332031,0,0,0
literal,1240,16384,16384,0.9,779361,20,9,14683,14689,14672,14696,1,0.02529144287109375,0.01263427734375,4,0.03339478373527527,0.0178375244140625,16382,0,0
literal,1240,16384,16384,0.9,779361,21,3,14683,14689,14672,14696,1,0.0002576112747192383,7.295608520507812e-05,97,0.01855337619781494,0.0018534660339355469,0,0,0
literal,1240,16384,16384,0.9,779361,21,1,14683,14689,14672,14696,1,0.0005216598510742188,0.000164031982421875,87,0.0412750244140625,0.0012073516845703125,0,0,0
literal,1240,16384,16384,0.9,779361,21,4,14683,14689,14672,14696,1,0.0104522705078125,0.0028839111328125,24,0.0456780344247818,0.004543304443359375,16382,0,0
literal,1240,16384,16384,0.9,779361,21,5,14683,14689,14672,14696,1,0.00608062744140625,0.00153350830078125,45,0.08192253112792969,0.0006592273712158203,0,0,0
literal,1240,16384,16384,0.9,779361,17,3,14683,14689,14672,14696,1,0.0009999275207519531,0.0003070831298828125,62,0.017487287521362305,0.007228851318359375,16383,0,0
literal,1240,16384,16384,0.9,779361,22,10,14683,14689,14672,14696,1,0.0701904296875,0.02197265625,12,0.6032272577285767,0.0026972293853759766,14690,0,1
literal,1240,16384,16384,0.9,779361,23,4,14683,14689,14672,14696,1,0.026361465454101562,0.02294921875,10,0.31853675842285156,0.008784055709838867,0,0,0
literal,1240,16384,16384,0.9,779361,20,3,14683,14689,14672,14696,1,0.0018765926361083984,0.0007781982421875,44,0.03721490502357483,0.001630544662475586,16383,0,0
literal,1241,16384,16384,0.9,731022,20,7,14723,14729,14712,14736,1,0.0008823871612548828,0.000209808349609375,50,0.008311867713928223,0.00907135009765625,16383,0,0
literal,1241,16384,16384,0.9,731022,21,11,14723,14729,14712,14736,1,0.687255859375,0.1865234375,1,0.7772040367126465,0.0373992919921875,14724,1,1
literal,1241,16384,16384,0.9,731022,22,7,14723,14729,14712,14736,1,0.46787333488464355,0.4609375,1,0.8857971429824829,0.02223828434944153,14723,1,1
literal,1241,16384,16384,0.9,731022,18,3,14723,14729,14712,14736,1,0.0083465576171875,0.002197265625,43,0.1303766369819641,0.01082611083984375,16375,0,0
literal,1241,16384,16384,0.9,731022,17,10,14723,14729,14712,14736,1,0.0023136138916015625,0.000583648681640625,80,0.14661598205566406,0.00743865966796875,0,0,0
literal,1241,16384,16384,0.9,731022,20,8,14723,14729,14712,14736,1,0.0017161369323730469,0.000762939453125,29,0.006225000135600567,0.0012760162353515625,16383,0,0
literal,1241,16384,16384,0.9,731022,22,0,14723,14729,14712,14736,1,9.294599294662476e-06,2.5033950805664062e-06,970,5.203974433243275e-05,5.300343036651611e-05,16383,0,0
literal,1241,16384,16384,0.9,731022,22,4,14723,14729,14712,14736,1,0.0010933876037597656,0.00054168701171875,23,0.005657210946083069,0.0014564990997314453,16376,0,0
literal,1241,16384,16384,0.9,731022,21,0,14723,14729,14712,14736,1,0.02325439453125,0.00762939453125,6,0.052902817726135254,0.006130218505859375,0,0,0
literal,1241,16384,16384,0.9,731022,20,6,14723,14729,14712,14736,1,0.00037729740142822266,0.00011968612670898438,72,0.047425270080566406,0.00023758411407470703,0,0,0
literal,1241,16384,16384,0.9,731022,20,9,14723,14729,14712,14736,1,0.0145721435546875,0.0038299560546875,12,0.023078851401805878,0.018079757690429688,16382,0,0
literal,1241,16384,16384,0.9,731022,21,3,14723,14729,14712,14736,1,0.00020951032638549805,8.392333984375e-05,75,0.014074161648750305,0.0013594627380371094,0,0,0
literal,1241,16384,16384,0.9,731022,21,1,14723,14729,14712,14736,1,0.0004252195358276367,0.0001926422119140625,81,0.0573805570602417,0.0011148452758789062,0,0,0
literal,1241,16384,16384,0.9,731022,21,4,14723,14729,14712,14736,1,0.013195037841796875,0.006591796875,15,0.051170408725738525,0.00363922119140625,16383,0,0
literal,1241,16384,16384,0.9,731022,21,5,14723,14729,14712,14736,1,0.0036106109619140625,0.00121307373046875,53,0.07260370254516602,0.0004246234893798828,0,0,0
literal,1241,16384,16384,0.9,731022,17,3,14723,14729,14712,14736,1,0.001293182373046875,0.000560760498046875,46,0.02058720588684082,0.007843017578125,16383,0,0
literal,1241,16384,16384,0.9,731022,22,10,14723,14729,14712,14736,1,0.090576171875,0.0269775390625,11,0.5989847183227539,0.0020606517791748047,0,0,0
literal,1241,16384,16384,0.9,731022,23,4,14723,14729,14712,14736,1,0.025936126708984375,0.017822265625,12,0.28277158737182617,0.007510662078857422,0,0,0
literal,1241,16384,16384,0.9,731022,20,3,14723,14729,14712,14736,1,0.001399993896484375,0.000553131103515625,51,0.034149169921875,0.0010830163955688477,16383,0,0
alias,101234,16384,16384,0.9,476403,20,7,14704,14710,14689,14717,1,0.000629425048828125,0.00014400482177734375,63,0.00532609224319458,0.013138294219970703,16383,0,0
alias,101234,16384,16384,0.9,476403,21,11,14704,14710,14689,14717,1,0.666259765625,0.1767578125,1,0.7082533836364746,0.076873779296875,14706,1,1
alias,101234,16384,16384,0.9,476403,22,7,14704,14710,14689,14717,1,0.8995599746704102,0.87890625,1,0.9697885513305664,0.007910072803497314,14704,1,1
alias,101234,16384,16384,0.9,476403,18,3,14704,14710,14689,14717,1,0.008839607238769531,0.004608154296875,34,0.16236019134521484,0.0061321258544921875,14688,0,0
alias,101234,16384,16384,0.9,476403,17,10,14704,14710,14689,14717,1,0.0013170242309570312,0.000507354736328125,91,0.14709949493408203,0.00458526611328125,0,0,0
alias,101234,16384,16384,0.9,476403,20,8,14704,14710,14689,14717,1,0.0006260871887207031,0.00013256072998046875,40,0.0013939817436039448,0.0014200210571289062,16382,0,0
alias,101234,16384,16384,0.9,476403,22,0,14704,14710,14689,14717,1,1.7557758837938309e-06,7.078051567077637e-07,2779,6.495951674878597e-05,3.960728645324707e-05,0,0,0
alias,101234,16384,16384,0.9,476403,22,4,14704,14710,14689,14717,1,0.0080718994140625,0.00299072265625,22,0.01944291591644287,0.01181793212890625,0,0,0
alias,101234,16384,16384,0.9,476403,21,0,14704,14710,14689,14717,1,0.049713134765625,0.01129150390625,5,0.1253502368927002,0.0031747817993164062,0,0,0
alias,101234,16384,16384,0.9,476403,20,6,14704,14710,14689,14717,1,0.00043213367462158203,0.0002231597900390625,62,0.03822355717420578,0.0004788041114807129,0,0,0
alias,101234,16384,16384,0.9,476403,20,9,14704,14710,14689,14717,1,0.0006098747253417969,0.0001735687255859375,15,0.0010742153972387314,0.001384735107421875,16382,0,0
alias,101234,16384,16384,0.9,476403,21,3,14704,14710,14689,14717,1,0.0004996061325073242,0.00016689300537109375,82,0.010110169649124146,0.0034360885620117188,0,0,0
alias,101234,16384,16384,0.9,476403,21,1,14704,14710,14689,14717,1,0.00037860870361328125,9.107589721679688e-05,91,0.04124045372009277,0.001674652099609375,0,0,0
alias,101234,16384,16384,0.9,476403,21,4,14704,14710,14689,14717,1,0.04986572265625,0.01470947265625,11,0.14303290843963623,0.005295753479003906,16382,0,0
alias,101234,16384,16384,0.9,476403,21,5,14704,14710,14689,14717,1,0.009990692138671875,0.002655029296875,41,0.10758256912231445,0.0022361278533935547,0,0,0
alias,101234,16384,16384,0.9,476403,17,3,14704,14710,14689,14717,1,0.0010418891906738281,0.000408172607421875,61,0.016498088836669922,0.0056095123291015625,16383,0,0
alias,101234,16384,16384,0.9,476403,22,10,14704,14710,14689,14717,1,0.408203125,0.125,2,0.6854522228240967,0.012972354888916016,14710,0,1
alias,101234,16384,16384,0.9,476403,23,4,14704,14710,14689,14717,1,0.041065216064453125,0.0216064453125,8,0.1837024688720703,0.021711349487304688,0,0,0
alias,101234,16384,16384,0.9,476403,20,3,14704,14710,14689,14717,1,8.362531661987305e-05,5.7220458984375e-05,71,0.006257243454456329,0.0006160736083984375,16368,0,0
alias,101235,16384,16384,0.9,419257,20,7,14686,14692,14672,14699,1,0.0018253326416015625,0.00058746337890625,42,0.007115721702575684,0.011266708374023438,16383,0,0
alias,101235,16384,16384,0.9,419257,21,11,14686,14692,14672,14699,1,0.745849609375,0.2158203125,1,0.7935295104980469,0.04016876220703125,14689,1,1
alias,101235,16384,16384,0.9,419257,22,7,14686,14692,14672,14699,1,0.895416259765625,0.88671875,1,0.9716594219207764,0.006171092391014099,14686,1,1
alias,101235,16384,16384,0.9,419257,18,3,14686,14692,14672,14699,1,0.009785652160644531,0.004638671875,30,0.12051129341125488,0.0073833465576171875,16376,0,0
alias,101235,16384,16384,0.9,419257,17,10,14686,14692,14672,14699,1,0.0017347335815429688,0.0005645751953125,88,0.17564678192138672,0.004566192626953125,0,0,0
alias,101235,16384,16384,0.9,419257,20,8,14686,14692,14672,14699,1,0.00023424625396728516,5.364418029785156e-05,56,0.0007983781979419291,0.0015523433685302734,16382,0,0
alias,101235,16384,16384,0.9,419257,22,0,14686,14692,14672,14699,1,2.1222513169050217e-06,6.258487701416016e-07,3243,0.000213228864595294,6.690621376037598e-05,0,0,0
alias,101235,16384,16384,0.9,419257,22,4,14686,14692,14672,14699,1,0.00713348388671875,0.002044677734375,30,0.021475791931152344,0.0113067626953125,16383,0,0
alias,101235,16384,16384,0.9,419257,21,0,14686,14692,14672,14699,1,0.04437255859375,0.0107421875,5,0.1109766960144043,0.0015659332275390625,0,0,0
alias,101235,16384,16384,0.9,419257,20,6,14686,14692,14672,14699,1,0.0004163980484008789,0.00017261505126953125,71,0.03430040180683136,0.0012031793594360352,0,0,0
alias,101235,16384,16384,0.9,419257,20,9,14686,14692,14672,14699,1,0.0009937286376953125,0.00023365020751953125,17,0.0018743053078651428,0.002148151397705078,16382,0,0
alias,101235,16384,16384,0.9,419257,21,3,14686,14692,14672,14699,1,0.0008575916290283203,0.0002918243408203125,65,0.02429378032684326,0.0026903152465820312,0,0,0
alias,101235,16384,16384,0.9,419257,21,1,14686,14692,14672,14699,1,0.0005397796630859375,0.00011205673217773438,94,0.048923492431640625,0.0018110275268554688,0,0,0
alias,101235,16384,16384,0.9,419257,21,4,14686,14692,14672,14699,1,0.03839111328125,0.00921630859375,18,0.15862494707107544,0.0036683082580566406,16382,0,0
alias,101235,16384,16384,0.9,419257,21,5,14686,14692,14672,14699,1,0.01114654541015625,0.003173828125,38,0.14603710174560547,0.00173187255859375,0,0,0
alias,101235,16384,16384,0.9,419257,17,3,14686,14692,14672,14699,1,0.0011115074157714844,0.0003795623779296875,63,0.01867365837097168,0.006740570068359375,16383,0,0
alias,101235,16384,16384,0.9,419257,22,10,14686,14692,14672,14699,1,0.3897705078125,0.1328125,2,0.660456657409668,0.012765884399414062,14692,0,1
alias,101235,16384,16384,0.9,419257,23,4,14686,14692,14672,14699,1,0.029041290283203125,0.014892578125,12,0.1933591365814209,0.00824737548828125,0,0,0
alias,101235,16384,16384,0.9,419257,20,3,14686,14692,14672,14699,1,9.297579526901245e-05,5.984306335449219e-05,74,0.007744692265987396,0.001710057258605957,16369,0,0
alias,101236,16384,16383,0.9,896301,20,7,14712,14718,14698,14725,1,0.00164794921875,0.0003814697265625,45,0.005939304828643799,0.008630752563476562,16382,0,0
alias,101236,16384,16383,0.9,896301,21,11,14712,14718,14698,14725,1,0.730224609375,0.255859375,1,0.7768704891204834,0.02513885498046875,14714,1,1
alias,101236,16384,16383,0.9,896301,22,7,14712,14718,14698,14725,1,0.8383026123046875,0.8046875,1,0.9509844779968262,0.004624009132385254,14712,1,1
alias,101236,16384,16383,0.9,896301,18,3,14712,14718,14698,14725,1,0.013204574584960938,0.006103515625,28,0.14817965030670166,0.007565498352050781,16375,0,0
alias,101236,16384,16383,0.9,896301,17,10,14712,14718,14698,14725,1,0.0014195442199707031,0.0003910064697265625,89,0.12608003616333008,0.004711151123046875,0,0,0
alias,101236,16384,16383,0.9,896301,20,8,14712,14718,14698,14725,1,0.0005891323089599609,0.000244140625,29,0.0013427657540887594,0.0006773471832275391,16381,0,0
alias,101236,16384,16383,0.9,896301,22,0,14712,14718,14698,14725,1,6.602203939110041e-07,4.470348358154297e-07,3209,9.508631774224341e-05,4.903227090835571e-05,16382,0,0
alias,101236,16384,16383,0.9,896301,22,4,14712,14718,14698,14725,1,0.0054950714111328125,0.0019989013671875,22,0.013873934745788574,0.006137847900390625,16382,0,0
alias,101236,16384,16383,0.9,896301,21,0,14712,14718,14698,14725,1,0.05902099609375,0.0120849609375,3,0.10554337501525879,0.0024633407592773438,0,0,0
alias,101236,16384,16383,0.9,896301,20,6,14712,14718,14698,14725,1,0.0004886388778686523,0.00019359588623046875,63,0.0377284437417984,0.0002868771553039551,0,0,0
alias,101236,16384,16383,0.9,896301,20,9,14712,14718,14698,14725,1,0.0018610954284667969,0.000751495361328125,10,0.0024026427417993546,0.0016968250274658203,16381,0,0
alias,101236,16384,16383,0.9,896301,21,3,14712,14718,14698,14725,1,0.00034558773040771484,9.1552734375e-05,93,0.015715718269348145,0.002286195755004883,0,0,0
alias,101236,16384,16383,0.9,896301,21,1,14712,14718,14698,14725,1,0.0009217262268066406,0.00020313262939453125,80,0.05759263038635254,0.0011796951293945312,0,0,0
alias,101236,16384,16383,0.9,896301,21,4,14712,14718,14698,14725,1,0.03558349609375,0.00830078125,16,0.090486079454422,0.002440929412841797,16381,0,0
alias,101236,16384,16383,0.9,896301,21,5,14712,14718,14698,14725,1,0.011810302734375,0.0032196044921875,33,0.08954668045043945,0.0009856224060058594,0,0,0
alias,101236,16384,16383,0.9,896301,17,3,14712,14718,14698,14725,1,0.0015387535095214844,0.000728607177734375,43,0.01611471176147461,0.00605010986328125,16382,0,0
alias,101236,16384,16383,0.9,896301,22,10,14712,14718,14698,14725,1,0.58154296875,0.373046875,1,0.7589339017868042,0.005255699157714844,14717,1,1
alias,101236,16384,16383,0.9,896301,23,4,14712,14718,14698,14725,1,0.047748565673828125,0.0250244140625,9,0.20265161991119385,0.011796951293945312,0,0,0
alias,101236,16384,16383,0.9,896301,20,3,14712,14718,14698,14725,1,6.718561053276062e-05,4.267692565917969e-05,80,0.005164589732885361,0.0005099177360534668,16368,0,0
alias,101237,16384,16385,0.9,847571,20,7,14666,14672,14652,14679,1,0.001110076904296875,0.00038909912109375,44,0.005765438079833984,0.012722969055175781,16384,0,0
alias,101237,16384,16385,0.9,847571,21,11,14666,14672,14652,14679,1,0.7373046875,0.208984375,1,0.7947454452514648,0.037322998046875,14668,1,1
alias,101237,16384,16385,0.9,847571,22,7,14666,14672,14652,14679,1,0.8574028015136719,0.80859375,1,0.9645271301269531,0.0032798945903778076,14666,1,1
alias,101237,16384,16385,0.9,847571,18,3,14666,14672,14652,14679,1,0.00970458984375,0.004913330078125,28,0.14674711227416992,0.0074825286865234375,16377,0,0
alias,101237,16384,16385,0.9,847571,17,10,14666,14672,14652,14679,1,0.0015301704406738281,0.00049591064453125,89,0.1750187873840332,0.0043239593505859375,0,0,0
alias,101237,16384,16385,0.9,847571,20,8,14666,14672,14652,14679,1,0.0002269148826599121,0.00012302398681640625,36,0.0006389964837580919,0.00112152099609375,16383,0,0
alias,101237,16384,16385,0.9,847571,22,0,14666,14672,14652,14679,1,9.166105883195996e-07,5.21540641784668e-07,3166,5.3149720770306885e-05,7.328391075134277e-05,16384,0,0
alias,101237,16384,16385,0.9,847571,22,4,14666,14672,14652,14679,1,0.008062362670898438,0.00262451171875,25,0.019322872161865234,0.01255035400390625,16384,0,0
alias,101237,16384,16385,0.9,847571,21,0,14666,14672,14652,14679,1,0.07940673828125,0.0208740234375,2,0.13448190689086914,0.0021457672119140625,0,0,0
alias,101237,16384,16385,0.9,847571,20,6,14666,14672,14652,14679,1,0.0003800392150878906,0.00017261505126953125,64,0.026546433568000793,0.0005186796188354492,0,0,0
alias,101237,16384,16385,0.9,847571,20,9,14666,14672,14652,14679,1,0.0006465911865234375,0.000156402587890625,11,0.0009580305777490139,0.0010204315185546875,16383,0,0
alias,101237,16384,16385,0.9,847571,21,3,14666,14672,14652,14679,1,0.001422882080078125,0.000579833984375,51,0.015680700540542603,0.0031943321228027344,0,0,0
alias,101237,16384,16385,0.9,847571,21,1,14666,14672,14652,14679,1,0.0003910064697265625,9.059906005859375e-05,88,0.04713177680969238,0.0016126632690429688,0,0,0
alias,101237,16384,16385,0.9,847571,21,4,14666,14672,14652,14679,1,0.0373077392578125,0.015869140625,10,0.11884188652038574,0.0047893524169921875,16383,0,0
alias,101237,16384,16385,0.9,847571,21,5,14666,14672,14652,14679,1,0.01061248779296875,0.003448486328125,35,0.10687065124511719,0.0028913021087646484,0,0,0
alias,101237,16384,16385,0.9,847571,17,3,14666,14672,14652,14679,1,0.001332998275756836,0.00054931640625,50,0.018174171447753906,0.0074367523193359375,16384,0,0
alias,101237,16384,16385,0.9,847571,22,10,14666,14672,14652,14679,1,0.4669189453125,0.314453125,1,0.6774944067001343,0.012081146240234375,14671,1,1
alias,101237,16384,16385,0.9,847571,23,4,14666,14672,14652,14679,1,0.04825782775878906,0.029541015625,8,0.20533275604248047,0.0155181884765625,0,0,0
alias,101237,16384,16385,0.9,847571,20,3,14666,14672,14652,14679,1,6.451830267906189e-05,3.910064697265625e-05,68,0.0035432465374469757,0.00046105682849884033,16370,0,0
alias,101238,16384,16384,0.9,223928,20,7,14701,14707,14686,14714,1,0.0012600421905517578,0.000492095947265625,42,0.006368398666381836,0.010538101196289062,16383,0,0
alias,101238,16384,16384,0.9,223928,21,11,14701,14707,14686,14714,1,0.625,0.1865234375,1,0.6716704368591309,0.06170654296875,14703,1,1
alias,101238,16384,16384,0.9,223928,22,7,14701,14707,14686,14714,1,0.894667387008667,0.88671875,1,0.9720754623413086,0.00505375862121582,14701,1,1
alias,101238,16384,16384,0.9,223928,18,3,14701,14707,14686,14714,1,0.0085601806640625,0.004730224609375,34,0.16547203063964844,0.009220123291015625,14685,0,0
alias,101238,16384,16384,0.9,223928,17,10,14701,14707,14686,14714,1,0.0013566017150878906,0.0004673004150390625,94,0.13454675674438477,0.005229949951171875,0,0,0
alias,101238,16384,16384,0.9,223928,20,8,14701,14707,14686,14714,1,0.0004963874816894531,0.0001888275146484375,38,0.001126846531406045,0.0019621849060058594,16382,0,0
alias,101238,16384,16384,0.9,223928,22,0,14701,14707,14686,14714,1,6.915070116519928e-07,3.241002559661865e-07,3829,0.00013302220031619072,4.9591064453125e-05,16383,0,0
alias,101238,16384,16384,0.9,223928,22,4,14701,14707,14686,14714,1,0.0119781494140625,0.003875732421875,25,0.027899503707885742,0.0269927978515625,0,0,0
alias,101238,16384,16384,0.9,223928,21,0,14701,14707,14686,14714,1,0.045684814453125,0.01214599609375,4,0.11409568786621094,0.0021810531616210938,0,0,0
alias,101238,16384,16384,0.9,223928,20,6,14701,14707,14686,14714,1,0.0005035400390625,0.000308990478515625,59,0.046197399497032166,0.000804901123046875,0,0,0
alias,101238,16384,16384,0.9,223928,20,9,14701,14707,14686,14714,1,0.0007290840148925781,0.0002117156982421875,19,0.001541733741760254,0.0034732818603515625,16382,0,0
alias,101238,16384,16384,0.9,223928,21,3,14701,14707,14686,14714,1,0.0004162788391113281,0.0001506805419921875,87,0.009005934000015259,0.00382232666015625,0,0,0
alias,101238,16384,16384,0.9,223928,21,1,14701,14707,14686,14714,1,0.0006906986236572266,0.0003070831298828125,74,0.04175615310668945,0.0011992454528808594,0,0,0
alias,101238,16384,16384,0.9,223928,21,4,14701,14707,14686,14714,1,0.032867431640625,0.00762939453125,18,0.12405917048454285,0.006217002868652344,16382,0,0
alias,101238,16384,16384,0.9,223928,21,5,14701,14707,14686,14714,1,0.00894927978515625,0.0025177001953125,41,0.11098051071166992,0.0031452178955078125,0,0,0
alias,101238,16384,16384,0.9,223928,17,3,14701,14707,14686,14714,1,0.0009016990661621094,0.0003509521484375,63,0.016014575958251953,0.009464263916015625,16383,0,0
alias,101238,16384,16384,0.9,223928,22,10,14701,14707,14686,14714,1,0.52313232421875,0.232421875,1,0.7430441975593567,0.02141571044921875,14701,1,1
alias,101238,16384,16384,0.9,223928,23,4,14701,14707,14686,14714,1,0.0277557373046875,0.0181884765625,8,0.15617156028747559,0.01679849624633789,0,0,0
alias,101238,16384,16384,0.9,223928,20,3,14701,14707,14686,14714,1,5.023926496505737e-05,3.314018249511719e-05,84,0.00666886568069458,0.0006608963012695312,16368,0,0
alias,101239,16384,16384,0.9,548522,20,7,14737,14743,14722,14750,1,0.0007495880126953125,0.000232696533203125,55,0.005805492401123047,0.016162872314453125,16383,0,0
alias,101239,16384,16384,0.9,548522,21,11,14737,14743,14722,14750,1,0.434814453125,0.10693359375,2,0.49800682067871094,0.08416748046875,0,0,0
alias,101239,16384,16384,0.9,548522,22,7,14737,14743,14722,14750,1,0.7708530426025391,0.7421875,1,0.9359605312347412,0.006322979927062988,14737,1,1
alias,101239,16384,16384,0.9,548522,18,3,14737,14743,14722,14750,1,0.00675201416015625,0.003570556640625,37,0.170662522315979,0.010684013366699219,0,0,0
alias,101239,16384,16384,0.9,548522,17,10,14737,14743,14722,14750,1,0.001010894775390625,0.0003490447998046875,91,0.13165664672851562,0.004756927490234375,0,0,0
alias,101239,16384,16384,0.9,548522,20,8,14737,14743,14722,14750,1,0.00016635656356811523,5.888938903808594e-05,55,0.0010961046209558845,0.0015794038772583008,16382,0,0
alias,101239,16384,16384,0.9,548522,22,0,14737,14743,14722,14750,1,7.904134690761566e-06,6.198883056640625e-06,624,0.00032113282941281796,5.59389591217041e-05,0,0,0
alias,101239,16384,16384,0.9,548522,22,4,14737,14743,14722,14750,1,0.00751495361328125,0.0034332275390625,28,0.028052210807800293,0.02280426025390625,0,0,0
alias,101239,16384,16384,0.9,548522,21,0,14737,14743,14722,14750,1,0.028900146484375,0.0093994140625,6,0.0966958999633789,0.0029201507568359375,0,0,0
alias,101239,16384,16384,0.9,548522,20,6,14737,14743,14722,14750,1,9.179115295410156e-05,4.601478576660156e-05,85,0.032358795404434204,0.000823676586151123,0,0,0
alias,101239,16384,16384,0.9,548522,20,9,14737,14743,14722,14750,1,0.0002828836441040039,7.963180541992188e-05,22,0.0009458046406507492,0.0028183460235595703,16382,0,0
alias,101239,16384,16384,0.9,548522,21,3,14737,14743,14722,14750,1,0.0003514885902404785,0.00015926361083984375,86,0.04128926992416382,0.004842281341552734,0,0,0
alias,101239,16384,16384,0.9,548522,21,1,14737,14743,14722,14750,1,0.0006346702575683594,0.0002117156982421875,84,0.03466534614562988,0.0019893646240234375,0,0,0
alias,101239,16384,16384,0.9,548522,21,4,14737,14743,14722,14750,1,0.0461883544921875,0.015380859375,13,0.17671513557434082,0.006960868835449219,16382,0,0
alias,101239,16384,16384,0.9,548522,21,5,14737,14743,14722,14750,1,0.00699615478515625,0.00183868408203125,48,0.09078788757324219,0.0030393600463867188,0,0,0
alias,101239,16384,16384,0.9,548522,17,3,14737,14743,14722,14750,1,0.0006650686264038086,0.000370025634765625,62,0.014401793479919434,0.010173797607421875,16383,0,0
alias,101239,16384,16384,0.9,548522,22,10,14737,14743,14722,14750,1,0.49078369140625,0.18359375,1,0.6935137510299683,0.021511077880859375,14742,1,1
alias,101239,16384,16384,0.9,548522,23,4,14737,14743,14722,14750,1,0.034168243408203125,0.0216064453125,9,0.18432283401489258,0.018689632415771484,0,0,0
alias,101239,16384,16384,0.9,548522,20,3,14737,14743,14722,14750,1,5.6356191635131836e-05,3.981590270996094e-05,83,0.009815499186515808,0.0005730986595153809,16368,0,0
alias,101240,16384,16384,0.9,890717,20,7,14690,14696,14676,14703,1,0.0009145736694335938,0.00029754638671875,50,0.0047920942306518555,0.010996818542480469,16383,0,0
alias,101240,16384,16384,0.9,890717,21,11,14690,14696,14676,14703,1,0.743896484375,0.248046875,1,0.7950177192687988,0.0432281494140625,14692,1,1
alias,101240,16384,16384,0.9,890717,22,7,14690,14696,14676,14703,1,0.8257217407226562,0.8125,1,0.9582056999206543,0.0034868866205215454,14690,1,1
alias,101240,16384,16384,0.9,890717,18,3,14690,14696,14676,14703,1,0.012679100036621094,0.0069580078125,28,0.15094029903411865,0.008630752563476562,16376,0,0
alias,101240,16384,16384,0.9,890717,17,10,14690,14696,14676,14703,1,0.0017004013061523438,0.0006103515625,86,0.16457271575927734,0.0049419403076171875,0,0,0
alias,101240,16384,16384,0.9,890717,20,8,14690,14696,14676,14703,1,0.00023996829986572266,0.0001049041748046875,44,0.0007311992812901735,0.0013005733489990234,16382,0,0
alias,101240,16384,16384,0.9,890717,22,0,14690,14696,14676,14703,1,9.421783033758402e-07,6.146728992462158e-07,2546,0.00011968487524427474,7.0229172706604e-05,16383,0,0
alias,101240,16384,16384,0.9,890717,22,4,14690,14696,14676,14703,1,0.0056591033935546875,0.00213623046875,26,0.017600655555725098,0.012481689453125,16383,0,0
alias,101240,16384,16384,0.9,890717,21,0,14690,14696,14676,14703,1,0.045623779296875,0.01226806640625,4,0.10239505767822266,0.0022449493408203125,0,0,0
alias,101240,16384,16384,0.9,890717,20,6,14690,14696,14676,14703,1,0.0007005929946899414,0.00030517578125,58,0.030482381582260132,0.00048792362213134766,0,0,0
alias,101240,16384,16384,0.9,890717,20,9,14690,14696,14676,14703,1,0.0012142658233642578,0.000545501708984375,10,0.001836247742176056,0.0014438033103942871,16382,0,0
alias,101240,16384,16384,0.9,890717,21,3,14690,14696,14676,14703,1,0.0005621910095214844,0.0001926422119140625,77,0.014447450637817383,0.002731800079345703,0,0,0
alias,101240,16384,16384,0.9,890717,21,1,14690,14696,14676,14703,1,0.0006787776947021484,0.00023555755615234375,79,0.04677391052246094,0.0014133453369140625,0,0,0
alias,101240,16384,16384,0.9,890717,21,4,14690,14696,14676,14703,1,0.0334930419921875,0.0096435546875,13,0.12917686998844147,0.0046100616455078125,16382,0,0
alias,101240,16384,16384,0.9,890717,21,5,14690,14696,14676,14703,1,0.0102996826171875,0.0026397705078125,42,0.11138248443603516,0.0019381046295166016,0,0,0
alias,101240,16384,16384,0.9,890717,17,3,14690,14696,14676,14703,1,0.0011658668518066406,0.00049591064453125,55,0.017139196395874023,0.006999969482421875,16383,0,0
alias,101240,16384,16384,0.9,890717,22,10,14690,14696,14676,14703,1,0.4036865234375,0.11767578125,2,0.7056212425231934,0.0068645477294921875,14696,0,1
alias,101240,16384,16384,0.9,890717,23,4,14690,14696,14676,14703,1,0.067596435546875,0.03466796875,7,0.2509150505065918,0.014963746070861816,0,0,0
alias,101240,16384,16384,0.9,890717,20,3,14690,14696,14676,14703,1,5.825608968734741e-05,3.6716461181640625e-05,81,0.005219407379627228,0.0008440017700195312,16369,0,0
alias,101241,16384,16384,0.9,184514,20,7,14696,14702,14682,14709,1,0.0020564794540405273,0.000835418701171875,38,0.006960391998291016,0.012172698974609375,16383,0,0
alias,101241,16384,16384,0.9,184514,21,11,14696,14702,14682,14709,1,0.635009765625,0.2236328125,1,0.6949813365936279,0.053009033203125,14698,1,1
alias,101241,16384,16384,0.9,184514,22,7,14696,14702,14682,14709,1,0.8928108215332031,0.87109375,1,0.9786684513092041,0.0016045868396759033,14696,1,1
alias,101241,16384,16384,0.9,184514,18,3,14696,14702,14682,14709,1,0.008315086364746094,0.0028533935546875,45,0.15484589338302612,0.009204864501953125,16376,0,0
alias,101241,16384,16384,0.9,184514,17,10,14696,14702,14682,14709,1,0.0019054412841796875,0.000598907470703125,85,0.1498279571533203,0.0049228668212890625,0,0,0
alias,101241,16384,16384,0.9,184514,20,8,14696,14702,14682,14709,1,0.00030285120010375977,0.0001125335693359375,37,0.0007979567162692547,0.001033782958984375,16382,0,0
alias,101241,16384,16384,0.9,184514,22,0,14696,14702,14682,14709,1,7.23288394510746e-07,2.5890767574310303e-07,4476,0.0005429055308923125,6.923079490661621e-05,0,0,0
alias,101241,16384,16384,0.9,184514,22,4,14696,14702,14682,14709,1,0.009349822998046875,0.0025482177734375,23,0.02473294734954834,0.008411407470703125,0,0,0
alias,101241,16384,16384,0.9,184514,21,0,14696,14702,14682,14709,1,0.0323638916015625,0.0113525390625,2,0.08361339569091797,0.002162933349609375,0,0,0
alias,101241,16384,16384,0.9,184514,20,6,14696,14702,14682,14709,1,0.00033402442932128906,0.00017642974853515625,66,0.04526422917842865,0.0006979703903198242,0,0,0
alias,101241,16384,16384,0.9,184514,20,9,14696,14702,14682,14709,1,0.0005478858947753906,0.00021839141845703125,13,0.0011161444708704948,0.0018057823181152344,16382,0,0
alias,101241,16384,16384,0.9,184514,21,3,14696,14702,14682,14709,1,0.0006060302257537842,0.0002002716064453125,68,0.011007577180862427,0.003922462463378906,0,0,0
alias,101241,16384,16384,0.9,184514,21,1,14696,14702,14682,14709,1,0.0004799365997314453,0.00011873245239257812,89,0.039292097091674805,0.0017552375793457031,0,0,0
alias,101241,16384,16384,0.9,184514,21,4,14696,14702,14682,14709,1,0.01970672607421875,0.007110595703125,20,0.10246515274047852,0.0047092437744140625,16382,0,0
alias,101241,16384,16384,0.9,184514,21,5,14696,14702,14682,14709,1,0.008724212646484375,0.0026702880859375,40,0.11087822914123535,0.0018830299377441406,0,0,0
alias,101241,16384,16384,0.9,184514,17,3,14696,14702,14682,14709,1,0.0014438629150390625,0.00054931640625,51,0.014315366744995117,0.00811767578125,16383,0,0
alias,101241,16384,16384,0.9,184514,22,10,14696,14702,14682,14709,1,0.3948974609375,0.16796875,1,0.6557614803314209,0.010843276977539062,14696,1,1
alias,101241,16384,16384,0.9,184514,23,4,14696,14702,14682,14709,1,0.01764678955078125,0.00860595703125,15,0.14036822319030762,0.01616382598876953,0,0,0
alias,101241,16384,16384,0.9,184514,20,3,14696,14702,14682,14709,1,7.931888103485107e-05,5.340576171875e-05,75,0.00664849579334259,0.0005480051040649414,16369,0,0
paraphrase,201234,16384,16384,0.9,193786,20,7,14686,14692,14669,14699,1,0.0013127326965332031,0.00049591064453125,50,0.008148938417434692,0.016082763671875,16383,0,0
paraphrase,201234,16384,16384,0.9,193786,21,11,14686,14692,14669,14699,1,0.477783203125,0.2119140625,1,0.5656949281692505,0.127410888671875,14691,1,1
paraphrase,201234,16384,16384,0.9,193786,22,7,14686,14692,14669,14699,1,0.7497291564941406,0.67578125,1,0.9055393934249878,0.03679215908050537,14686,1,1
paraphrase,201234,16384,16384,0.9,193786,18,3,14686,14692,14669,14699,1,0.0066699981689453125,0.002655029296875,46,0.16413402557373047,0.0165252685546875,0,0,0
paraphrase,201234,16384,16384,0.9,193786,17,10,14686,14692,14669,14699,1,0.0026683807373046875,0.000682830810546875,80,0.20067214965820312,0.00623321533203125,0,0,0
paraphrase,201234,16384,16384,0.9,193786,20,8,14686,14692,14669,14699,1,0.0002148449420928955,6.4849853515625e-05,63,0.004834530409425497,0.0031328201293945312,16372,0,0
paraphrase,201234,16384,16384,0.9,193786,22,0,14686,14692,14669,14699,1,1.0416842997074127e-06,4.0978193283081055e-07,3602,0.00021127838408574462,0.0001672804355621338,16383,0,0
paraphrase,201234,16384,16384,0.9,193786,22,4,14686,14692,14669,14699,1,0.0035858154296875,0.00177764892578125,28,0.026617586612701416,0.02459716796875,0,0,0
paraphrase,201234,16384,16384,0.9,193786,21,0,14686,14692,14669,14699,1,0.0389404296875,0.0115966796875,4,0.11389148235321045,0.009534835815429688,0,0,0
paraphrase,201234,16384,16384,0.9,193786,20,6,14686,14692,14669,14699,1,0.00026679039001464844,0.00011205673217773438,81,0.03822089731693268,0.0011124610900878906,0,0,0
paraphrase,201234,16384,16384,0.9,193786,20,9,14686,14692,14669,14699,1,0.0081939697265625,0.0030517578125,14,0.02314624935388565,0.017791748046875,16382,0,0
paraphrase,201234,16384,16384,0.9,193786,21,3,14686,14692,14669,14699,1,0.0005209445953369141,0.0001659393310546875,121,0.018361449241638184,0.0070438385009765625,0,0,0
paraphrase,201234,16384,16384,0.9,193786,21,1,14686,14692,14669,14699,1,0.0002829134464263916,0.00017070770263671875,101,0.046335369348526,0.0036249160766601562,0,0,0
paraphrase,201234,16384,16384,0.9,193786,21,4,14686,14692,14669,14699,1,0.03499603271484375,0.0098876953125,13,0.23386156558990479,0.01555633544921875,16382,0,0
paraphrase,201234,16384,16384,0.9,193786,21,5,14686,14692,14669,14699,1,0.0149688720703125,0.004730224609375,26,0.07630634307861328,0.0035114288330078125,0,0,0
paraphrase,201234,16384,16384,0.9,193786,17,3,14686,14692,14669,14699,1,0.0007405281066894531,0.0003147125244140625,54,0.014039039611816406,0.012928009033203125,16383,0,0
paraphrase,201234,16384,16384,0.9,193786,22,10,14686,14692,14669,14699,1,0.295654296875,0.06689453125,4,0.5905766487121582,0.035717010498046875,0,0,0
paraphrase,201234,16384,16384,0.9,193786,23,4,14686,14692,14669,14699,1,0.018579483032226562,0.007171630859375,20,0.19163131713867188,0.05096435546875,0,0,0
paraphrase,201234,16384,16384,0.9,193786,20,3,14686,14692,14669,14699,1,0.0008714199066162109,0.000396728515625,45,0.016344815492630005,0.0017704963684082031,16369,0,0
paraphrase,201235,16384,16384,0.9,207278,20,7,14704,14710,14687,14717,1,0.0005774497985839844,0.0002422332763671875,69,0.010798275470733643,0.011077880859375,16383,0,0
paraphrase,201235,16384,16384,0.9,207278,21,11,14704,14710,14687,14717,1,0.5283203125,0.2470703125,1,0.6207742691040039,0.09771728515625,14709,1,1
paraphrase,201235,16384,16384,0.9,207278,22,7,14704,14710,14687,14717,1,0.464508056640625,0.388671875,1,0.8365724086761475,0.02326357364654541,14704,1,1
paraphrase,201235,16384,16384,0.9,207278,18,3,14704,14710,14687,14717,1,0.008203506469726562,0.00390625,30,0.1663188934326172,0.011993408203125,14686,0,0
paraphrase,201235,16384,16384,0.9,207278,17,10,14704,14710,14687,14717,1,0.0018072128295898438,0.000659942626953125,81,0.16351795196533203,0.00624847412109375,0,0,0
paraphrase,201235,16384,16384,0.9,207278,20,8,14704,14710,14687,14717,1,0.0012614727020263672,0.000713348388671875,36,0.00962095893919468,0.0052490234375,16372,0,0
paraphrase,201235,16384,16384,0.9,207278,22,0,14704,14710,14687,14717,1,1.609697937965393e-05,6.645917892456055e-06,625,8.995179086923599e-05,0.0001496821641921997,16383,0,0
paraphrase,201235,16384,16384,0.9,207278,22,4,14704,14710,14687,14717,1,0.009405136108398438,0.0036468505859375,23,0.038784146308898926,0.0230255126953125,16383,0,0
paraphrase,201235,16384,16384,0.9,207278,21,0,14704,14710,14687,14717,1,0.034820556640625,0.01287841796875,3,0.11306583881378174,0.0042476654052734375,0,0,0
paraphrase,201235,16384,16384,0.9,207278,20,6,14704,14710,14687,14717,1,0.0005002021789550781,0.00017452239990234375,80,0.047577619552612305,0.0020275115966796875,0,0,0
paraphrase,201235,16384,16384,0.9,207278,20,9,14704,14710,14687,14717,1,0.012531280517578125,0.003448486328125,13,0.0292886383831501,0.012340545654296875,16382,0,0
paraphrase,201235,16384,16384,0.9,207278,21,3,14704,14710,14687,14717,1,0.0006097555160522461,0.00022220611572265625,100,0.014319509267807007,0.00812530517578125,0,0,0
paraphrase,201235,16384,16384,0.9,207278,21,1,14704,14710,14687,14717,1,0.0002861917018890381,0.00021839141845703125,98,0.0447215735912323,0.003208160400390625,0,0,0
paraphrase,201235,16384,16384,0.9,207278,21,4,14704,14710,14687,14717,1,0.0471954345703125,0.0198974609375,10,0.2611992657184601,0.021678924560546875,16382,0,0
paraphrase,201235,16384,16384,0.9,207278,21,5,14704,14710,14687,14717,1,0.01438140869140625,0.00439453125,29,0.07646369934082031,0.003681182861328125,0,0,0
paraphrase,201235,16384,16384,0.9,207278,17,3,14704,14710,14687,14717,1,0.0004833340644836426,0.00019359588623046875,63,0.01199108362197876,0.010791778564453125,16383,0,0
paraphrase,201235,16384,16384,0.9,207278,22,10,14704,14710,14687,14717,1,0.3001708984375,0.0908203125,4,0.6050972938537598,0.02285003662109375,0,0,0
paraphrase,201235,16384,16384,0.9,207278,23,4,14704,14710,14687,14717,1,0.03140449523925781,0.0179443359375,11,0.23676824569702148,0.059803009033203125,0,0,0
paraphrase,201235,16384,16384,0.9,207278,20,3,14704,14710,14687,14717,1,0.0018398761749267578,0.000865936279296875,28,0.019377052783966064,0.0015230178833007812,16369,0,0
paraphrase,201236,16384,16384,0.9,331504,20,7,14702,14708,14685,14715,1,0.0012097358703613281,0.000537872314453125,45,0.00990438461303711,0.008724212646484375,16383,0,0
paraphrase,201236,16384,16384,0.9,331504,21,11,14702,14708,14685,14715,1,0.59228515625,0.142578125,1,0.6849168539047241,0.0831451416015625,14707,1,1
paraphrase,201236,16384,16384,0.9,331504,22,7,14702,14708,14685,14715,1,0.6764845848083496,0.6484375,1,0.9379603862762451,0.005177022889256477,14702,1,1
paraphrase,201236,16384,16384,0.9,331504,18,3,14702,14708,14685,14715,1,0.011241912841796875,0.005279541015625,25,0.1705862283706665,0.010828018188476562,14684,0,0
paraphrase,201236,16384,16384,0.9,331504,17,10,14702,14708,14685,14715,1,0.00206756591796875,0.00061798095703125,84,0.16962814331054688,0.0063495635986328125,0,0,0
paraphrase,201236,16384,16384,0.9,331504,20,8,14702,14708,14685,14715,1,0.0007407665252685547,0.0003528594970703125,44,0.009071233682334423,0.00432586669921875,16372,0,0
paraphrase,201236,16384,16384,0.9,331504,22,0,14702,14708,14685,14715,1,3.460794687271118e-06,9.5367431640625e-07,2489,7.445551455020905e-05,0.00020226091146469116,16383,0,0
paraphrase,201236,16384,16384,0.9,331504,22,4,14702,14708,14685,14715,1,0.0069580078125,0.0026092529296875,25,0.03761237859725952,0.012811660766601562,16383,0,0
paraphrase,201236,16384,16384,0.9,331504,21,0,14702,14708,14685,14715,1,0.0361175537109375,0.0157470703125,2,0.11337113380432129,0.003753662109375,0,0,0
paraphrase,201236,16384,16384,0.9,331504,20,6,14702,14708,14685,14715,1,0.0004935264587402344,0.0001220703125,81,0.05153350532054901,0.0021898746490478516,0,0,0
paraphrase,201236,16384,16384,0.9,331504,20,9,14702,14708,14685,14715,1,0.02120208740234375,0.00634765625,10,0.04101600870490074,0.01327657699584961,16382,0,0
paraphrase,201236,16384,16384,0.9,331504,21,3,14702,14708,14685,14715,1,0.0004973411560058594,0.00013637542724609375,135,0.01451098918914795,0.008670806884765625,0,0,0
paraphrase,201236,16384,16384,0.9,331504,21,1,14702,14708,14685,14715,1,0.0004273653030395508,0.000244140625,90,0.061582744121551514,0.003531932830810547,0,0,0
paraphrase,201236,16384,16384,0.9,331504,21,4,14702,14708,14685,14715,1,0.05260467529296875,0.017822265625,10,0.26986163854599,0.01674652099609375,16382,0,0
paraphrase,201236,16384,16384,0.9,331504,21,5,14702,14708,14685,14715,1,0.0194549560546875,0.00469970703125,30,0.0852508544921875,0.0035223960876464844,0,0,0
paraphrase,201236,16384,16384,0.9,331504,17,3,14702,14708,14685,14715,1,0.0005072355270385742,0.00018596649169921875,63,0.013646125793457031,0.0075626373291015625,16383,0,0
paraphrase,201236,16384,16384,0.9,331504,22,10,14702,14708,14685,14715,1,0.2752685546875,0.0693359375,5,0.6418502330780029,0.011941909790039062,0,0,0
paraphrase,201236,16384,16384,0.9,331504,23,4,14702,14708,14685,14715,1,0.025249481201171875,0.0111083984375,15,0.2144331932067871,0.041347503662109375,0,0,0
paraphrase,201236,16384,16384,0.9,331504,20,3,14702,14708,14685,14715,1,0.0015759468078613281,0.000736236572265625,31,0.016703158617019653,0.0010323524475097656,16369,0,0
paraphrase,201237,16384,16385,0.9,888821,20,7,14690,14696,14673,14703,1,0.0009891986846923828,0.0002727508544921875,65,0.010498881340026855,0.00962066650390625,16384,0,0
paraphrase,201237,16384,16385,0.9,888821,21,11,14690,14696,14673,14703,1,0.540283203125,0.1474609375,1,0.6072678565979004,0.075439453125,14693,1,1
paraphrase,201237,16384,16385,0.9,888821,22,7,14690,14696,14673,14703,1,0.5054826736450195,0.474609375,1,0.8396092653274536,0.02350151538848877,14690,1,1
paraphrase,201237,16384,16385,0.9,888821,18,3,14690,14696,14673,14703,1,0.006622314453125,0.0036773681640625,29,0.1654798984527588,0.00882720947265625,14672,0,0
paraphrase,201237,16384,16385,0.9,888821,17,10,14690,14696,14673,14703,1,0.0035915374755859375,0.000885009765625,75,0.1915721893310547,0.00646209716796875,0,0,0
paraphrase,201237,16384,16385,0.9,888821,20,8,14690,14696,14673,14703,1,0.00010246038436889648,4.0531158447265625e-05,72,0.005039277486503124,0.0039920806884765625,16373,0,0
paraphrase,201237,16384,16385,0.9,888821,22,0,14690,14696,14673,14703,1,1.2315576896071434e-06,5.885958671569824e-07,2589,6.628921255469322e-05,8.005276322364807e-05,16384,0,0
paraphrase,201237,16384,16385,0.9,888821,22,4,14690,14696,14673,14703,1,0.0020012855529785156,0.00061798095703125,39,0.015071660280227661,0.008579254150390625,16384,0,0
paraphrase,201237,16384,16385,0.9,888821,21,0,14690,14696,14673,14703,1,0.0340576171875,0.01263427734375,2,0.1054348349571228,0.0043487548828125,0,0,0
paraphrase,201237,16384,16385,0.9,888821,20,6,14690,14696,14673,14703,1,0.000202178955078125,7.390975952148438e-05,88,0.03436514735221863,0.002448558807373047,16384,0,0
paraphrase,201237,16384,16385,0.9,888821,20,9,14690,14696,14673,14703,1,0.010648727416992188,0.00408935546875,12,0.02276923693716526,0.010379791259765625,16383,0,0
paraphrase,201237,16384,16385,0.9,888821,21,3,14690,14696,14673,14703,1,0.0004076957702636719,0.00012302398681640625,161,0.014823377132415771,0.0075397491455078125,0,0,0
paraphrase,201237,16384,16385,0.9,888821,21,1,14690,14696,14673,14703,1,0.0004194974899291992,0.00016880035400390625,110,0.046578407287597656,0.0029649734497070312,0,0,0
paraphrase,201237,16384,16385,0.9,888821,21,4,14690,14696,14673,14703,1,0.0254974365234375,0.0086669921875,13,0.15836197137832642,0.01874542236328125,16383,0,0
paraphrase,201237,16384,16385,0.9,888821,21,5,14690,14696,14673,14703,1,0.01447296142578125,0.00439453125,27,0.06345176696777344,0.0025491714477539062,0,0,0
paraphrase,201237,16384,16385,0.9,888821,17,3,14690,14696,14673,14703,1,0.0011851787567138672,0.0006256103515625,40,0.013352632522583008,0.008388519287109375,16384,0,0
paraphrase,201237,16384,16385,0.9,888821,22,10,14690,14696,14673,14703,1,0.21661376953125,0.061767578125,5,0.5257426500320435,0.021820068359375,0,0,0
paraphrase,201237,16384,16385,0.9,888821,23,4,14690,14696,14673,14703,1,0.03216552734375,0.01806640625,11,0.2388472557067871,0.057407379150390625,0,0,0
paraphrase,201237,16384,16385,0.9,888821,20,3,14690,14696,14673,14703,1,0.0008422136306762695,0.000339508056640625,43,0.013539642095565796,0.0015377998352050781,16370,0,0
paraphrase,201238,16384,16384,0.9,987809,20,7,14694,14700,14677,14707,1,0.002149045467376709,0.00151824951171875,24,0.0077159106731414795,0.007389068603515625,16383,0,0
paraphrase,201238,16384,16384,0.9,987809,21,11,14694,14700,14677,14707,1,0.719482421875,0.1767578125,1,0.7853585481643677,0.022455215454101562,14696,1,1
paraphrase,201238,16384,16384,0.9,987809,22,7,14694,14700,14677,14707,1,0.6332817077636719,0.5078125,1,0.8883410096168518,0.00748782604932785,14694,1,1
paraphrase,201238,16384,16384,0.9,987809,18,3,14694,14700,14677,14707,1,0.009136199951171875,0.00555419921875,24,0.18295228481292725,0.0065326690673828125,0,0,0
paraphrase,201238,16384,16384,0.9,987809,17,10,14694,14700,14677,14707,1,0.0032215118408203125,0.0007781982421875,75,0.17032241821289062,0.005420684814453125,0,0,0
paraphrase,201238,16384,16384,0.9,987809,20,8,14694,14700,14677,14707,1,0.00025957822799682617,9.632110595703125e-05,58,0.004968762863427401,0.0041961669921875,16372,0,0
paraphrase,201238,16384,16384,0.9,987809,22,0,14694,14700,14677,14707,1,3.883615136146545e-06,1.4528632164001465e-06,1816,0.00012298417277634144,7.870793342590332e-05,16383,0,0
paraphrase,201238,16384,16384,0.9,987809,22,4,14694,14700,14677,14707,1,0.006493568420410156,0.002899169921875,19,0.025927841663360596,0.009721755981445312,16383,0,0
paraphrase,201238,16384,16384,0.9,987809,21,0,14694,14700,14677,14707,1,0.033203125,0.007537841796875,6,0.0970001220703125,0.0011153221130371094,0,0,0
paraphrase,201238,16384,16384,0.9,987809,20,6,14694,14700,14677,14707,1,0.0006394386291503906,0.00020503997802734375,78,0.028498560190200806,0.0027060508728027344,16383,0,0
paraphrase,201238,16384,16384,0.9,987809,20,9,14694,14700,14677,14707,1,0.022640228271484375,0.0123291015625,9,0.03456362336874008,0.005648136138916016,16382,0,0
paraphrase,201238,16384,16384,0.9,987809,21,3,14694,14700,14677,14707,1,0.0008740425109863281,0.0002460479736328125,86,0.013912618160247803,0.005222320556640625,0,0,0
paraphrase,201238,16384,16384,0.9,987809,21,1,14694,14700,14677,14707,1,0.0007603168487548828,0.000518798828125,70,0.0388759970664978,0.0027637481689453125,0,0,0
paraphrase,201238,16384,16384,0.9,987809,21,4,14694,14700,14677,14707,1,0.06036376953125,0.0184326171875,9,0.2193513661623001,0.0070743560791015625,16382,0,0
paraphrase,201238,16384,16384,0.9,987809,21,5,14694,14700,14677,14707,1,0.0274658203125,0.00860595703125,16,0.07297563552856445,0.001468658447265625,0,0,0
paraphrase,201238,16384,16384,0.9,987809,17,3,14694,14700,14677,14707,1,0.001173257827758789,0.000522613525390625,43,0.011953890323638916,0.0063762664794921875,16383,0,0
paraphrase,201238,16384,16384,0.9,987809,22,10,14694,14700,14677,14707,1,0.266845703125,0.055908203125,5,0.5613388419151306,0.0068817138671875,0,0,0
paraphrase,201238,16384,16384,0.9,987809,23,4,14694,14700,14677,14707,1,0.04853248596191406,0.0191650390625,7,0.2538876533508301,0.021764755249023438,0,0,0
paraphrase,201238,16384,16384,0.9,987809,20,3,14694,14700,14677,14707,1,0.0011316537857055664,0.000568389892578125,32,0.011831358075141907,0.0016016960144042969,16369,0,0
paraphrase,201239,16384,16384,0.9,845811,20,7,14713,14719,14696,14726,1,0.001407623291015625,0.00052642822265625,46,0.008412063121795654,0.009662628173828125,16383,0,0
paraphrase,201239,16384,16384,0.9,845811,21,11,14713,14719,14696,14726,1,0.499267578125,0.1357421875,1,0.6025617122650146,0.077178955078125,14718,1,1
paraphrase,201239,16384,16384,0.9,845811,22,7,14713,14719,14696,14726,1,0.5601387023925781,0.53125,1,0.8482856750488281,0.01914846897125244,14713,1,1
paraphrase,201239,16384,16384,0.9,845811,18,3,14713,14719,14696,14726,1,0.009189605712890625,0.005218505859375,23,0.17712175846099854,0.0081329345703125,0,0,0
paraphrase,201239,16384,16384,0.9,845811,17,10,14713,14719,14696,14726,1,0.0015888214111328125,0.0004634857177734375,88,0.14393043518066406,0.005168914794921875,0,0,0
paraphrase,201239,16384,16384,0.9,845811,20,8,14713,14719,14696,14726,1,0.0006260871887207031,0.000278472900390625,43,0.008572685532271862,0.004116058349609375,16372,0,0
paraphrase,201239,16384,16384,0.9,845811,22,0,14713,14719,14696,14726,1,1.5124678611755371e-06,1.2069940567016602e-06,1916,6.687012501060963e-05,7.141008973121643e-05,16383,0,0
paraphrase,201239,16384,16384,0.9,845811,22,4,14713,14719,14696,14726,1,0.001999378204345703,0.00104522705078125,31,0.020373106002807617,0.007266998291015625,16383,0,0
paraphrase,201239,16384,16384,0.9,845811,21,0,14713,14719,14696,14726,1,0.027862548828125,0.0078125,9,0.08138406276702881,0.002002716064453125,0,0,0
paraphrase,201239,16384,16384,0.9,845811,20,6,14713,14719,14696,14726,1,0.0005788803100585938,0.000148773193359375,85,0.03283184766769409,0.0025529861450195312,16383,0,0
paraphrase,201239,16384,16384,0.9,845811,20,9,14713,14719,14696,14726,1,0.015079498291015625,0.00445556640625,13,0.030707426369190216,0.01181793212890625,16382,0,0
paraphrase,201239,16384,16384,0.9,845811,21,3,14713,14719,14696,14726,1,0.00011539459228515625,3.647804260253906e-05,395,0.014033481478691101,0.00814056396484375,0,0,0
paraphrase,201239,16384,16384,0.9,845811,21,1,14713,14719,14696,14726,1,0.0006944537162780762,0.000522613525390625,66,0.043506234884262085,0.0037899017333984375,0,0,0
paraphrase,201239,16384,16384,0.9,845811,21,4,14713,14719,14696,14726,1,0.0571746826171875,0.018798828125,8,0.3157625198364258,0.014019012451171875,14710,0,1
paraphrase,201239,16384,16384,0.9,845811,21,5,14713,14719,14696,14726,1,0.02117919921875,0.0045166015625,35,0.07461118698120117,0.003124237060546875,0,0,0
paraphrase,201239,16384,16384,0.9,845811,17,3,14713,14719,14696,14726,1,0.0010589361190795898,0.000652313232421875,37,0.014259934425354004,0.0084228515625,16383,0,0
paraphrase,201239,16384,16384,0.9,845811,22,10,14713,14719,14696,14726,1,0.2259521484375,0.048583984375,6,0.5317320823669434,0.0216827392578125,0,0,0
paraphrase,201239,16384,16384,0.9,845811,23,4,14713,14719,14696,14726,1,0.02538013458251953,0.01470947265625,14,0.21708011627197266,0.0389251708984375,0,0,0
paraphrase,201239,16384,16384,0.9,845811,20,3,14713,14719,14696,14726,1,0.0011987090110778809,0.0008697509765625,23,0.010577090084552765,0.0011479854583740234,16369,0,0
paraphrase,201240,16384,16384,0.9,825220,20,7,14664,14670,14647,14677,1,0.001219332218170166,0.000606536865234375,41,0.007050752639770508,0.00844573974609375,16383,0,0
paraphrase,201240,16384,16384,0.9,825220,21,11,14664,14670,14647,14677,1,0.500732421875,0.11181640625,1,0.6127957701683044,0.071441650390625,14667,1,1
paraphrase,201240,16384,16384,0.9,825220,22,7,14664,14670,14647,14677,1,0.46535587310791016,0.435546875,1,0.7357813715934753,0.030844002962112427,14664,1,1
paraphrase,201240,16384,16384,0.9,825220,18,3,14664,14670,14647,14677,1,0.005916595458984375,0.002655029296875,39,0.14962446689605713,0.0105133056640625,0,0,0
paraphrase,201240,16384,16384,0.9,825220,17,10,14664,14670,14647,14677,1,0.0021486282348632812,0.000621795654296875,78,0.17259693145751953,0.00505828857421875,0,0,0
paraphrase,201240,16384,16384,0.9,825220,20,8,14664,14670,14647,14677,1,0.00016772747039794922,6.866455078125e-05,53,0.004194366745650768,0.0035352706909179688,16372,0,0
paraphrase,201240,16384,16384,0.9,825220,22,0,14664,14670,14647,14677,1,1.6193953342735767e-06,7.078051567077637e-07,2644,3.8647151086479425e-05,0.00011719763278961182,16383,0,0
paraphrase,201240,16384,16384,0.9,825220,22,4,14664,14670,14647,14677,1,0.0045299530029296875,0.0019989013671875,25,0.023372888565063477,0.012622833251953125,16383,0,0
paraphrase,201240,16384,16384,0.9,825220,21,0,14664,14670,14647,14677,1,0.0364990234375,0.00994873046875,6,0.09385818243026733,0.0023708343505859375,0,0,0
paraphrase,201240,16384,16384,0.9,825220,20,6,14664,14670,14647,14677,1,0.0006687641143798828,0.00018787384033203125,78,0.02873477339744568,0.0022521018981933594,16383,0,0
paraphrase,201240,16384,16384,0.9,825220,20,9,14664,14670,14647,14677,1,0.010486602783203125,0.003387451171875,11,0.02322782576084137,0.0060253143310546875,16382,0,0
paraphrase,201240,16384,16384,0.9,825220,21,3,14664,14670,14647,14677,1,0.0011553764343261719,0.0003414154052734375,79,0.010712355375289917,0.00887298583984375,0,0,0
paraphrase,201240,16384,16384,0.9,825220,21,1,14664,14670,14647,14677,1,0.00028884410858154297,0.0001239776611328125,131,0.032875120639801025,0.003931999206542969,0,0,0
paraphrase,201240,16384,16384,0.9,825220,21,4,14664,14670,14647,14677,1,0.044891357421875,0.01373291015625,12,0.2471083402633667,0.0169219970703125,16372,0,0
paraphrase,201240,16384,16384,0.9,825220,21,5,14664,14670,14647,14677,1,0.018585205078125,0.004913330078125,29,0.06424975395202637,0.00391387939453125,0,0,0
paraphrase,201240,16384,16384,0.9,825220,17,3,14664,14670,14647,14677,1,0.0010149478912353516,0.00054168701171875,43,0.011911153793334961,0.008617401123046875,16383,0,0
paraphrase,201240,16384,16384,0.9,825220,22,10,14664,14670,14647,14677,1,0.243408203125,0.05419921875,5,0.5657124519348145,0.02053070068359375,0,0,0
paraphrase,201240,16384,16384,0.9,825220,23,4,14664,14670,14647,14677,1,0.042697906494140625,0.0196533203125,11,0.2315540313720703,0.06831932067871094,0,0,0
paraphrase,201240,16384,16384,0.9,825220,20,3,14664,14670,14647,14677,1,0.0007917881011962891,0.000438690185546875,30,0.006969768553972244,0.0012693405151367188,16369,0,0
paraphrase,201241,16384,16384,0.9,844590,20,7,14696,14702,14679,14709,1,0.003511786460876465,0.00160980224609375,25,0.00894242525100708,0.0107574462890625,16383,0,0
paraphrase,201241,16384,16384,0.9,844590,21,11,14696,14702,14679,14709,1,0.536865234375,0.1611328125,1,0.5940529108047485,0.108367919921875,14701,1,1
paraphrase,201241,16384,16384,0.9,844590,22,7,14696,14702,14679,14709,1,0.5514335632324219,0.482421875,1,0.8506354093551636,0.01650691032409668,14696,1,1
paraphrase,201241,16384,16384,0.9,844590,18,3,14696,14702,14679,14709,1,0.008000373840332031,0.0032196044921875,34,0.16152775287628174,0.00659942626953125,14678,0,0
paraphrase,201241,16384,16384,0.9,844590,17,10,14696,14702,14679,14709,1,0.0027484893798828125,0.0008697509765625,75,0.16017913818359375,0.0061492919921875,0,0,0
paraphrase,201241,16384,16384,0.9,844590,20,8,14696,14702,14679,14709,1,0.0004954338073730469,0.00023555755615234375,47,0.004635642282664776,0.004696846008300781,16382,0,0
paraphrase,201241,16384,16384,0.9,844590,22,0,14696,14702,14679,14709,1,4.900619387626648e-06,2.0116567611694336e-06,1477,0.0003661974333226681,0.0001054517924785614,16383,0,0
paraphrase,201241,16384,16384,0.9,844590,22,4,14696,14702,14679,14709,1,0.0035767555236816406,0.0013885498046875,29,0.02111971378326416,0.009237289428710938,16383,0,0
paraphrase,201241,16384,16384,0.9,844590,21,0,14696,14702,14679,14709,1,0.042388916015625,0.01361083984375,2,0.10535931587219238,0.0034275054931640625,0,0,0
paraphrase,201241,16384,16384,0.9,844590,20,6,14696,14702,14679,14709,1,0.00035572052001953125,9.679794311523438e-05,87,0.033361636102199554,0.001293182373046875,0,0,0
paraphrase,201241,16384,16384,0.9,844590,20,9,14696,14702,14679,14709,1,0.01042938232421875,0.00286865234375,13,0.016866784542798996,0.01116943359375,16382,0,0
paraphrase,201241,16384,16384,0.9,844590,21,3,14696,14702,14679,14709,1,0.0008845329284667969,0.000370025634765625,64,0.014885246753692627,0.00551605224609375,0,0,0
paraphrase,201241,16384,16384,0.9,844590,21,1,14696,14702,14679,14709,1,0.0008345246315002441,0.000545501708984375,67,0.03596371412277222,0.0033197402954101562,0,0,0
paraphrase,201241,16384,16384,0.9,844590,21,4,14696,14702,14679,14709,1,0.053192138671875,0.0169677734375,11,0.16361373662948608,0.01979827880859375,16382,0,0
paraphrase,201241,16384,16384,0.9,844590,21,5,14696,14702,14679,14709,1,0.0264129638671875,0.005157470703125,28,0.08662652969360352,0.004498481750488281,0,0,0
paraphrase,201241,16384,16384,0.9,844590,17,3,14696,14702,14679,14709,1,0.0019412040710449219,0.00101470947265625,35,0.013200759887695312,0.011692047119140625,16383,0,0
paraphrase,201241,16384,16384,0.9,844590,22,10,14696,14702,14679,14709,1,0.2335205078125,0.07080078125,4,0.5106446743011475,0.028804779052734375,0,0,0
paraphrase,201241,16384,16384,0.9,844590,23,4,14696,14702,14679,14709,1,0.02163553237915039,0.0152587890625,11,0.21409392356872559,0.04547452926635742,0,0,0
paraphrase,201241,16384,16384,0.9,844590,20,3,14696,14702,14679,14709,1,0.0009465217590332031,0.0004863739013671875,39,0.010070741176605225,0.0015156269073486328,16369,0,0
relational,301234,16384,16383,0.9,994066,20,7,14678,14684,14658,14691,1,0.0005953311920166016,0.00017833709716796875,54,0.007659301161766052,0.002705216407775879,16382,0,0
relational,301234,16384,16383,0.9,994066,21,11,14678,14684,14658,14691,1,0.72412109375,0.255859375,1,0.8238613605499268,0.0415496826171875,14679,1,1
relational,301234,16384,16383,0.9,994066,22,7,14678,14684,14658,14691,1,0.8781476020812988,0.87109375,1,0.965111494064331,0.0020677312277257442,14678,1,1
relational,301234,16384,16383,0.9,994066,18,3,14678,14684,14658,14691,1,0.000888824462890625,0.000469207763671875,81,0.16134905815124512,0.0056531429290771484,0,0,0
relational,301234,16384,16383,0.9,994066,17,10,14678,14684,14658,14691,1,0.0009412765502929688,0.0002841949462890625,104,0.18144893646240234,0.0035552978515625,0,0,0
relational,301234,16384,16383,0.9,994066,20,8,14678,14684,14658,14691,1,4.2766332626342773e-05,1.537799835205078e-05,66,0.0002921216073445976,0.0028810501098632812,16381,0,0
relational,301234,16384,16383,0.9,994066,22,0,14678,14684,14658,14691,1,2.4043547455221415e-06,1.1473894119262695e-06,1503,8.886776049621403e-05,4.649162292480469e-05,16382,0,0
relational,301234,16384,16383,0.9,994066,22,4,14678,14684,14658,14691,1,0.014202117919921875,0.0068359375,14,0.05718499422073364,0.0117645263671875,16382,0,0
relational,301234,16384,16383,0.9,994066,21,0,14678,14684,14658,14691,1,0.01683807373046875,0.00537109375,6,0.06923556327819824,0.0010883808135986328,0,0,0
relational,301234,16384,16383,0.9,994066,20,6,14678,14684,14658,14691,1,0.00018414855003356934,8.535385131835938e-05,80,0.024688303470611572,0.00018212199211120605,0,0,0
relational,301234,16384,16383,0.9,994066,20,9,14678,14684,14658,14691,1,0.003299713134765625,0.0019989013671875,12,0.0074083744548261166,0.003139972686767578,16381,0,0
relational,301234,16384,16383,0.9,994066,21,3,14678,14684,14658,14691,1,0.0011162757873535156,0.000621795654296875,54,0.01632380485534668,0.0017108917236328125,0,0,0
relational,301234,16384,16383,0.9,994066,21,1,14678,14684,14658,14691,1,0.00033932924270629883,0.00016307830810546875,90,0.03745758533477783,0.0009084939956665039,0,0,0
relational,301234,16384,16383,0.9,994066,21,4,14678,14684,14658,14691,1,0.04505157470703125,0.0145263671875,7,0.10508847236633301,0.004305839538574219,0,0,0
relational,301234,16384,16383,0.9,994066,21,5,14678,14684,14658,14691,1,0.03858184814453125,0.01336669921875,11,0.27653932571411133,0.002237081527709961,0,0,0
relational,301234,16384,16383,0.9,994066,17,3,14678,14684,14658,14691,1,0.0004420280456542969,0.00017452239990234375,72,0.012651562690734863,0.004569053649902344,16382,0,0
relational,301234,16384,16383,0.9,994066,22,10,14678,14684,14658,14691,1,0.349609375,0.12890625,2,0.6102633476257324,0.008289337158203125,0,0,0
relational,301234,16384,16383,0.9,994066,23,4,14678,14684,14658,14691,1,0.06998443603515625,0.046630859375,2,0.19946575164794922,0.010973453521728516,0,0,0
relational,301234,16384,16383,0.9,994066,20,3,14678,14684,14658,14691,1,6.0636550188064575e-05,3.528594970703125e-05,79,0.009495072066783905,0.0007530450820922852,16366,0,0
relational,301235,16384,16384,0.9,726316,20,7,14691,14697,14673,14704,1,0.0005338788032531738,0.00020503997802734375,61,0.004930019378662109,0.004343509674072266,16383,0,0
relational,301235,16384,16384,0.9,726316,21,11,14691,14697,14673,14704,1,0.65673828125,0.1494140625,1,0.7352471351623535,0.10772705078125,14692,1,1
relational,301235,16384,16384,0.9,726316,22,7,14691,14697,14673,14704,1,0.7123081684112549,0.7109375,1,0.8977911472320557,0.003734700381755829,14691,1,1
relational,301235,16384,16384,0.9,726316,18,3,14691,14697,14673,14704,1,0.0030269622802734375,0.002197265625,53,0.14398658275604248,0.008640289306640625,0,0,0
relational,301235,16384,16384,0.9,726316,17,10,14691,14697,14673,14704,1,0.0011749267578125,0.0003719329833984375,97,0.15973663330078125,0.004245758056640625,0,0,0
relational,301235,16384,16384,0.9,726316,20,8,14691,14697,14673,14704,1,0.00013434886932373047,4.7206878662109375e-05,54,0.0005634938715957105,0.006321430206298828,16382,0,0
relational,301235,16384,16384,0.9,726316,22,0,14691,14697,14673,14704,1,1.0239891707897186e-06,7.338821887969971e-07,2479,0.00010671548079699278,5.5983662605285645e-05,16383,0,0
relational,301235,16384,16384,0.9,726316,22,4,14691,14697,14673,14704,1,0.0034427642822265625,0.00135040283203125,38,0.033602237701416016,0.013965606689453125,0,0,0
relational,301235,16384,16384,0.9,726316,21,0,14691,14697,14673,14704,1,0.012218475341796875,0.0057373046875,8,0.06776618957519531,0.0024538040161132812,0,0,0
relational,301235,16384,16384,0.9,726316,20,6,14691,14697,14673,14704,1,0.00040841102600097656,0.00026702880859375,62,0.01810699701309204,0.0003439188003540039,0,0,0
relational,301235,16384,16384,0.9,726316,20,9,14691,14697,14673,14704,1,0.0028829574584960938,0.001007080078125,18,0.006629498675465584,0.016971588134765625,16382,0,0
relational,301235,16384,16384,0.9,726316,21,3,14691,14697,14673,14704,1,0.0009810328483581543,0.0005340576171875,54,0.011853396892547607,0.0036668777465820312,0,0,0
relational,301235,16384,16384,0.9,726316,21,1,14691,14697,14673,14704,1,0.0006313323974609375,0.000247955322265625,83,0.034982919692993164,0.0024805068969726562,0,0,0
relational,301235,16384,16384,0.9,726316,21,4,14691,14697,14673,14704,1,0.03636932373046875,0.0169677734375,9,0.18518078327178955,0.01129913330078125,0,0,0
relational,301235,16384,16384,0.9,726316,21,5,14691,14697,14673,14704,1,0.0213165283203125,0.006011962890625,24,0.31624889373779297,0.0054416656494140625,0,0,0
relational,301235,16384,16384,0.9,726316,17,3,14691,14697,14673,14704,1,0.000706791877746582,0.00034332275390625,67,0.015794873237609863,0.0053272247314453125,16383,0,0
relational,301235,16384,16384,0.9,726316,22,10,14691,14697,14673,14704,1,0.222412109375,0.09326171875,3,0.5547976493835449,0.007913589477539062,0,0,0
relational,301235,16384,16384,0.9,726316,23,4,14691,14697,14673,14704,1,0.0346527099609375,0.025390625,3,0.16439580917358398,0.010555267333984375,0,0,0
relational,301235,16384,16384,0.9,726316,20,3,14691,14697,14673,14704,1,9.658932685852051e-05,4.935264587402344e-05,72,0.008146887645125389,0.0013571381568908691,16367,0,0
relational,301236,16384,16384,0.9,708819,20,7,14697,14703,14679,14710,1,0.0024688243865966797,0.001129150390625,31,0.007258474826812744,0.0036752820014953613,16383,0,0
relational,301236,16384,16384,0.9,708819,21,11,14697,14703,14679,14710,1,0.6884765625,0.16796875,1,0.765770435333252,0.0753326416015625,14699,1,1
relational,301236,16384,16384,0.9,708819,22,7,14697,14703,14679,14710,1,0.8652907013893127,0.86328125,1,0.9585691094398499,0.0035200677812099457,14697,1,1
relational,301236,16384,16384,0.9,708819,18,3,14697,14703,14679,14710,1,0.0017576217651367188,0.00122833251953125,62,0.1511845588684082,0.006209373474121094,0,0,0
relational,301236,16384,16384,0.9,708819,17,10,14697,14703,14679,14710,1,0.0010957717895507812,0.000446319580078125,95,0.15718364715576172,0.0037097930908203125,0,0,0
relational,301236,16384,16384,0.9,708819,20,8,14697,14703,14679,14710,1,0.0001507103443145752,7.009506225585938e-05,53,0.0006528601516038179,0.004711627960205078,16382,0,0
relational,301236,16384,16384,0.9,708819,22,0,14697,14703,14679,14710,1,1.0264338925480843e-06,4.842877388000488e-07,3135,0.0002535480307415128,5.0380825996398926e-05,16383,0,0
relational,301236,16384,16384,0.9,708819,22,4,14697,14703,14679,14710,1,0.0054721832275390625,0.002197265625,27,0.024321436882019043,0.014190673828125,16383,0,0
relational,301236,16384,16384,0.9,708819,21,0,14697,14703,14679,14710,1,0.01343536376953125,0.006072998046875,9,0.07205796241760254,0.0023555755615234375,0,0,0
relational,301236,16384,16384,0.9,708819,20,6,14697,14703,14679,14710,1,0.0003616809844970703,0.000247955322265625,64,0.024764500558376312,0.00012956559658050537,0,0,0
relational,301236,16384,16384,0.9,708819,20,9,14697,14703,14679,14710,1,0.0024466514587402344,0.0009307861328125,17,0.007686302997171879,0.0069942474365234375,16382,0,0
relational,301236,16384,16384,0.9,708819,21,3,14697,14703,14679,14710,1,0.0007438361644744873,0.0003910064697265625,58,0.01079455018043518,0.00333404541015625,0,0,0
relational,301236,16384,16384,0.9,708819,21,1,14697,14703,14679,14710,1,0.0005178451538085938,0.0001277923583984375,99,0.038166344165802,0.001224517822265625,0,0,0
relational,301236,16384,16384,0.9,708819,21,4,14697,14703,14679,14710,1,0.04366302490234375,0.016845703125,8,0.161095529794693,0.00919342041015625,0,0,0
relational,301236,16384,16384,0.9,708819,21,5,14697,14703,14679,14710,1,0.0269012451171875,0.00830078125,20,0.30039477348327637,0.002424955368041992,0,0,0
relational,301236,16384,16384,0.9,708819,17,3,14697,14703,14679,14710,1,0.0005946159362792969,0.00026702880859375,71,0.015621185302734375,0.0052127838134765625,16383,0,0
relational,301236,16384,16384,0.9,708819,22,10,14697,14703,14679,14710,1,0.45660400390625,0.189453125,1,0.70354163646698,0.011271476745605469,14698,1,1
relational,301236,16384,16384,0.9,708819,23,4,14697,14703,14679,14710,1,0.048684120178222656,0.03271484375,3,0.20377445220947266,0.010009765625,0,0,0
relational,301236,16384,16384,0.9,708819,20,3,14697,14703,14679,14710,1,9.483844041824341e-05,5.698204040527344e-05,71,0.00895686075091362,0.0009816884994506836,16367,0,0
relational,301237,16384,16383,0.9,227126,20,7,14700,14706,14680,14713,1,0.0009083747863769531,0.000408172607421875,47,0.006881624460220337,0.003527998924255371,16382,0,0
relational,301237,16384,16383,0.9,227126,21,11,14700,14706,14680,14713,1,0.61083984375,0.158203125,1,0.7010560035705566,0.0855712890625,14702,1,1
relational,301237,16384,16383,0.9,227126,22,7,14700,14706,14680,14713,1,0.7597599029541016,0.75390625,1,0.939204216003418,0.0028030090034008026,14700,1,1
relational,301237,16384,16383,0.9,227126,18,3,14700,14706,14680,14713,1,0.001596212387084961,0.000881195068359375,71,0.14955449104309082,0.008452415466308594,0,0,0
relational,301237,16384,16383,0.9,227126,17,10,14700,14706,14680,14713,1,0.0008840560913085938,0.000225067138671875,104,0.14362812042236328,0.0039386749267578125,0,0,0
relational,301237,16384,16383,0.9,227126,20,8,14700,14706,14680,14713,1,0.00012564659118652344,5.0067901611328125e-05,59,0.000593880657106638,0.0031294822692871094,16381,0,0
relational,301237,16384,16383,0.9,227126,22,0,14700,14706,14680,14713,1,1.2656673789024353e-06,5.699694156646729e-07,2945,9.214319288730621e-05,6.809830665588379e-05,16382,0,0
relational,301237,16384,16383,0.9,227126,22,4,14700,14706,14680,14713,1,0.005893707275390625,0.0022735595703125,31,0.03736448287963867,0.0148468017578125,0,0,0
relational,301237,16384,16383,0.9,227126,21,0,14700,14706,14680,14713,1,0.008411407470703125,0.002532958984375,19,0.060761213302612305,0.00220489501953125,0,0,0
relational,301237,16384,16383,0.9,227126,20,6,14700,14706,14680,14713,1,0.00023484230041503906,0.00015735626220703125,67,0.021001996472477913,0.00017577409744262695,0,0,0
relational,301237,16384,16383,0.9,227126,20,9,14700,14706,14680,14713,1,0.002109527587890625,0.000518798828125,19,0.006750054191797972,0.006236553192138672,16381,0,0
relational,301237,16384,16383,0.9,227126,21,3,14700,14706,14680,14713,1,0.00032879412174224854,0.00014209747314453125,104,0.008368894457817078,0.0033044815063476562,0,0,0
relational,301237,16384,16383,0.9,227126,21,1,14700,14706,14680,14713,1,0.00045013427734375,0.00015735626220703125,100,0.040143609046936035,0.0017380714416503906,0,0,0
relational,301237,16384,16383,0.9,227126,21,4,14700,14706,14680,14713,1,0.0257110595703125,0.0091552734375,17,0.11539393663406372,0.0099945068359375,0,0,0
relational,301237,16384,16383,0.9,227126,21,5,14700,14706,14680,14713,1,0.01802825927734375,0.0059814453125,25,0.24133872985839844,0.0028929710388183594,0,0,0
relational,301237,16384,16383,0.9,227126,17,3,14700,14706,14680,14713,1,0.0003955364227294922,0.00013065338134765625,84,0.015772581100463867,0.005512237548828125,16382,0,0
relational,301237,16384,16383,0.9,227126,22,10,14700,14706,14680,14713,1,0.49078369140625,0.2392578125,1,0.7005029916763306,0.013187408447265625,14700,1,1
relational,301237,16384,16383,0.9,227126,23,4,14700,14706,14680,14713,1,0.04508018493652344,0.0306396484375,4,0.19142913818359375,0.02565479278564453,0,0,0
relational,301237,16384,16383,0.9,227126,20,3,14700,14706,14680,14713,1,8.74549150466919e-05,4.100799560546875e-05,72,0.007294734939932823,0.0004788637161254883,16366,0,0
relational,301238,16384,16384,0.9,112467,20,7,14680,14686,14662,14693,1,0.00052642822265625,0.000179290771484375,57,0.005254849791526794,0.0023503899574279785,16383,0,0
relational,301238,16384,16384,0.9,112467,21,11,14680,14686,14662,14693,1,0.6259765625,0.1650390625,1,0.7278039455413818,0.081298828125,14682,1,1
relational,301238,16384,16384,0.9,112467,22,7,14680,14686,14662,14693,1,0.8796054124832153,0.80078125,1,0.9686884880065918,0.006411667913198471,14680,1,1
relational,301238,16384,16384,0.9,112467,18,3,14680,14686,14662,14693,1,0.0013396739959716797,0.000644683837890625,76,0.15089631080627441,0.012595176696777344,0,0,0
relational,301238,16384,16384,0.9,112467,17,10,14680,14686,14662,14693,1,0.000972747802734375,0.000202178955078125,101,0.1704998016357422,0.003910064697265625,0,0,0
relational,301238,16384,16384,0.9,112467,20,8,14680,14686,14662,14693,1,4.266202449798584e-05,1.3768672943115234e-05,61,0.0001890517887659371,0.002631664276123047,16382,0,0
relational,301238,16384,16384,0.9,112467,22,0,14680,14686,14662,14693,1,6.259884685277939e-06,3.4868717193603516e-06,800,0.00015616859309375286,4.9173831939697266e-05,16383,0,0
relational,301238,16384,16384,0.9,112467,22,4,14680,14686,14662,14693,1,0.012889862060546875,0.005035400390625,16,0.04817521572113037,0.02193450927734375,16383,0,0
relational,301238,16384,16384,0.9,112467,21,0,14680,14686,14662,14693,1,0.00888824462890625,0.002166748046875,20,0.06524801254272461,0.002857685089111328,0,0,0
relational,301238,16384,16384,0.9,112467,20,6,14680,14686,14662,14693,1,0.0001601874828338623,5.7220458984375e-05,79,0.019809875637292862,0.00017309188842773438,0,0,0
relational,301238,16384,16384,0.9,112467,20,9,14680,14686,14662,14693,1,0.0012178421020507812,0.0004138946533203125,20,0.002935301046818495,0.003507375717163086,16382,0,0
relational,301238,16384,16384,0.9,112467,21,3,14680,14686,14662,14693,1,0.001153707504272461,0.000675201416015625,51,0.01314091682434082,0.0029268264770507812,0,0,0
relational,301238,16384,16384,0.9,112467,21,1,14680,14686,14662,14693,1,0.0007829666137695312,0.000362396240234375,74,0.029242277145385742,0.0017423629760742188,0,0,0
relational,301238,16384,16384,0.9,112467,21,4,14680,14686,14662,14693,1,0.0211334228515625,0.0078125,16,0.11077076196670532,0.00827789306640625,0,0,0
relational,301238,16384,16384,0.9,112467,21,5,14680,14686,14662,14693,1,0.016754150390625,0.0052490234375,27,0.2540745735168457,0.0026807785034179688,0,0,0
relational,301238,16384,16384,0.9,112467,17,3,14680,14686,14662,14693,1,0.0004349946975708008,0.00013446807861328125,80,0.014283418655395508,0.006651878356933594,16383,0,0
relational,301238,16384,16384,0.9,112467,22,10,14680,14686,14662,14693,1,0.4915771484375,0.2138671875,1,0.7336337566375732,0.009688377380371094,14680,1,1
relational,301238,16384,16384,0.9,112467,23,4,14680,14686,14662,14693,1,0.03075408935546875,0.01116943359375,10,0.1235499382019043,0.022645950317382812,0,0,0
relational,301238,16384,16384,0.9,112467,20,3,14680,14686,14662,14693,1,7.013976573944092e-05,2.6941299438476562e-05,79,0.0051331669092178345,0.0007607340812683105,16367,0,0
relational,301239,16384,16384,0.9,367666,20,7,14682,14688,14664,14695,1,0.0006957054138183594,0.0001392364501953125,66,0.005294889211654663,0.002804577350616455,16383,0,0
relational,301239,16384,16384,0.9,367666,21,11,14682,14688,14664,14695,1,0.62060546875,0.1611328125,1,0.7165744304656982,0.0967864990234375,14684,1,1
relational,301239,16384,16384,0.9,367666,22,7,14682,14688,14664,14695,1,0.8320989608764648,0.828125,1,0.9385249614715576,0.00329488143324852,14682,1,1
relational,301239,16384,16384,0.9,367666,18,3,14682,14688,14664,14695,1,0.0014923810958862305,0.0009002685546875,69,0.1552649736404419,0.0066776275634765625,0,0,0
relational,301239,16384,16384,0.9,367666,17,10,14682,14688,14664,14695,1,0.001018524169921875,0.000209808349609375,99,0.17219924926757812,0.00458526611328125,0,0,0
relational,301239,16384,16384,0.9,367666,20,8,14682,14688,14664,14695,1,6.467103958129883e-05,2.205371856689453e-05,64,0.0003172112046740949,0.005671977996826172,16382,0,0
relational,301239,16384,16384,0.9,367666,22,0,14682,14688,14664,14695,1,9.771028999239206e-07,7.487833499908447e-07,2272,4.840965266339481e-05,4.8667192459106445e-05,16383,0,0
relational,301239,16384,16384,0.9,367666,22,4,14682,14688,14664,14695,1,0.0031099319458007812,0.00125885009765625,34,0.024833083152770996,0.01346588134765625,16383,0,0
relational,301239,16384,16384,0.9,367666,21,0,14682,14688,14664,14695,1,0.009235382080078125,0.0028839111328125,16,0.0784292221069336,0.0021352767944335938,0,0,0
relational,301239,16384,16384,0.9,367666,20,6,14682,14688,14664,14695,1,0.00020284950733184814,0.00012493133544921875,67,0.022063732147216797,0.00023812055587768555,0,0,0
relational,301239,16384,16384,0.9,367666,20,9,14682,14688,14664,14695,1,0.0017375946044921875,0.0004730224609375,21,0.0052100736647844315,0.007537364959716797,16382,0,0
relational,301239,16384,16384,0.9,367666,21,3,14682,14688,14664,14695,1,0.00040090084075927734,0.00014591217041015625,96,0.011140108108520508,0.0031499862670898438,0,0,0
relational,301239,16384,16384,0.9,367666,21,1,14682,14688,14664,14695,1,0.0005183219909667969,0.00021648406982421875,91,0.030779600143432617,0.0012803077697753906,0,0,0
relational,301239,16384,16384,0.9,367666,21,4,14682,14688,14664,14695,1,0.0267333984375,0.0076904296875,17,0.12308910489082336,0.008403778076171875,0,0,0
relational,301239,16384,16384,0.9,367666,21,5,14682,14688,14664,14695,1,0.01726531982421875,0.003875732421875,29,0.3258035182952881,0.0030698776245117188,0,0,0
relational,301239,16384,16384,0.9,367666,17,3,14682,14688,14664,14695,1,0.0005474090576171875,0.000171661376953125,74,0.01569199562072754,0.006389617919921875,16383,0,0
relational,301239,16384,16384,0.9,367666,22,10,14682,14688,14664,14695,1,0.429656982421875,0.2333984375,1,0.7040867805480957,0.012949705123901367,14682,1,1
relational,301239,16384,16384,0.9,367666,23,4,14682,14688,14664,14695,1,0.049190521240234375,0.0419921875,3,0.1887073516845703,0.019100189208984375,0,0,0
relational,301239,16384,16384,0.9,367666,20,3,14682,14688,14664,14695,1,5.286186933517456e-05,2.586841583251953e-05,73,0.006928880698978901,0.000978708267211914,16367,0,0
relational,301240,16384,16384,0.9,321185,20,7,14692,14698,14672,14705,1,0.0006277859210968018,0.000308990478515625,53,0.005796343088150024,0.003016233444213867,16383,0,0
relational,301240,16384,16384,0.9,321185,21,11,14692,14698,14672,14705,1,0.53125,0.12353515625,2,0.645604133605957,0.0826416015625,0,0,0
relational,301240,16384,16384,0.9,321185,22,7,14692,14698,14672,14705,1,0.7617044448852539,0.7578125,1,0.9434652328491211,0.0037279315292835236,14692,1,1
relational,301240,16384,16384,0.9,321185,18,3,14692,14698,14672,14705,1,0.0019147396087646484,0.001251220703125,66,0.13557779788970947,0.00817108154296875,0,0,0
relational,301240,16384,16384,0.9,321185,17,10,14692,14698,14672,14705,1,0.0012149810791015625,0.0003070831298828125,100,0.1529693603515625,0.003887176513671875,0,0,0
relational,301240,16384,16384,0.9,321185,20,8,14692,14698,14672,14705,1,0.00016714632511138916,6.628036499023438e-05,55,0.000770165934227407,0.004271507263183594,16382,0,0
relational,301240,16384,16384,0.9,321185,22,0,14692,14698,14672,14705,1,4.0384475141763687e-07,2.3096799850463867e-07,3525,7.215116056613624e-05,3.7297606468200684e-05,16383,0,0
relational,301240,16384,16384,0.9,321185,22,4,14692,14698,14672,14705,1,0.002777099609375,0.00081634521484375,56,0.028657078742980957,0.010223388671875,16383,0,0
relational,301240,16384,16384,0.9,321185,21,0,14692,14698,14672,14705,1,0.008044242858886719,0.0026702880859375,19,0.07401466369628906,0.0023026466369628906,0,0,0
relational,301240,16384,16384,0.9,321185,20,6,14692,14698,14672,14705,1,0.00024521350860595703,0.00013446807861328125,70,0.020643599331378937,0.00018736720085144043,0,0,0
relational,301240,16384,16384,0.9,321185,20,9,14692,14698,14672,14705,1,0.0028502941131591797,0.00112152099609375,19,0.007132174447178841,0.007485389709472656,16382,0,0
relational,301240,16384,16384,0.9,321185,21,3,14692,14698,14672,14705,1,0.00031879544258117676,0.0001697540283203125,86,0.008931249380111694,0.0023298263549804688,0,0,0
relational,301240,16384,16384,0.9,321185,21,1,14692,14698,14672,14705,1,0.0004540681838989258,0.00018215179443359375,90,0.03580737113952637,0.001646280288696289,0,0,0
relational,301240,16384,16384,0.9,321185,21,4,14692,14698,14672,14705,1,0.014202117919921875,0.003631591796875,29,0.12520001828670502,0.0068492889404296875,0,0,0
relational,301240,16384,16384,0.9,321185,21,5,14692,14698,14672,14705,1,0.00951385498046875,0.00189208984375,52,0.16891956329345703,0.0018439292907714844,0,0,0
relational,301240,16384,16384,0.9,321185,17,3,14692,14698,14672,14705,1,0.0007421970367431641,0.000308990478515625,69,0.017394065856933594,0.00539398193359375,16383,0,0
relational,301240,16384,16384,0.9,321185,22,10,14692,14698,14672,14705,1,0.45574951171875,0.232421875,1,0.7156426906585693,0.008726119995117188,14692,1,1
relational,301240,16384,16384,0.9,321185,23,4,14692,14698,14672,14705,1,0.07830047607421875,0.055908203125,3,0.21903610229492188,0.030874252319335938,0,0,0
relational,301240,16384,16384,0.9,321185,20,3,14692,14698,14672,14705,1,0.00010092556476593018,4.935264587402344e-05,77,0.015018865466117859,0.0007307529449462891,16367,0,0
relational,301241,16384,16383,0.9,795577,20,7,14709,14715,14689,14722,1,0.0005409717559814453,0.0001430511474609375,67,0.00681421160697937,0.008382320404052734,16382,0,0
relational,301241,16384,16383,0.9,795577,21,11,14709,14715,14689,14722,1,0.6199951171875,0.1591796875,1,0.719754695892334,0.1247406005859375,14710,1,1
relational,301241,16384,16383,0.9,795577,22,7,14709,14715,14689,14722,1,0.717165470123291,0.71484375,1,0.8872236013412476,0.07658258825540543,14709,1,1
relational,301241,16384,16383,0.9,795577,18,3,14709,14715,14689,14722,1,0.001206517219543457,0.00075531005859375,75,0.16344153881072998,0.007191181182861328,0,0,0
relational,301241,16384,16383,0.9,795577,17,10,14709,14715,14689,14722,1,0.00055694580078125,0.00019359588623046875,103,0.14468955993652344,0.0036163330078125,0,0,0
relational,301241,16384,16383,0.9,795577,20,8,14709,14715,14689,14722,1,0.0001322329044342041,4.5299530029296875e-05,57,0.0005599108408205211,0.004939556121826172,16381,0,0
relational,301241,16384,16383,0.9,795577,22,0,14709,14715,14689,14722,1,1.1461670510470867e-06,6.631016731262207e-07,2230,4.01061843149364e-05,4.565715789794922e-05,16382,0,0
relational,301241,16384,16383,0.9,795577,22,4,14709,14715,14689,14722,1,0.00594329833984375,0.0019683837890625,32,0.043247103691101074,0.015838623046875,16382,0,0
relational,301241,16384,16383,0.9,795577,21,0,14709,14715,14689,14722,1,0.02019500732421875,0.0089111328125,5,0.11097240447998047,0.006089210510253906,0,0,0
relational,301241,16384,16383,0.9,795577,20,6,14709,14715,14689,14722,1,9.617209434509277e-05,6.532669067382812e-05,80,0.019908014684915543,0.0001710057258605957,0,0,0
relational,301241,16384,16383,0.9,795577,20,9,14709,14715,14689,14722,1,0.0022220611572265625,0.000911712646484375,16,0.005062714219093323,0.012725830078125,16381,0,0
relational,301241,16384,16383,0.9,795577,21,3,14709,14715,14689,14722,1,0.00042845308780670166,0.000270843505859375,73,0.010135948657989502,0.004673004150390625,0,0,0
relational,301241,16384,16383,0.9,795577,21,1,14709,14715,14689,14722,1,0.00028252601623535156,0.0001010894775390625,102,0.03721344470977783,0.0018048286437988281,0,0,0
relational,301241,16384,16383,0.9,795577,21,4,14709,14715,14689,14722,1,0.0418701171875,0.0177001953125,8,0.15513941645622253,0.010040283203125,0,0,0
relational,301241,16384,16383,0.9,795577,21,5,14709,14715,14689,14722,1,0.0254364013671875,0.007354736328125,27,0.23207902908325195,0.007121562957763672,0,0,0
relational,301241,16384,16383,0.9,795577,17,3,14709,14715,14689,14722,1,0.0004889965057373047,0.0001964569091796875,76,0.018091201782226562,0.006308555603027344,16382,0,0
relational,301241,16384,16383,0.9,795577,22,10,14709,14715,14689,14722,1,0.268402099609375,0.1259765625,2,0.5658073425292969,0.027510643005371094,0,0,0
relational,301241,16384,16383,0.9,795577,23,4,14709,14715,14689,14722,1,0.029666900634765625,0.0238037109375,6,0.1836709976196289,0.014174461364746094,0,0,0
relational,301241,16384,16383,0.9,795577,20,3,14709,14715,14689,14722,1,4.534237086772919e-05,2.9921531677246094e-05,92,0.008341541513800621,0.0010991096496582031,16362,0,0
distractor_heavy,401234,16384,16384,0.9,210681,20,7,14703,14709,14678,14716,2,0.000568389892578125,0.0001373291015625,75,0.006377041339874268,0.010236382484436035,16383,0,0
distractor_heavy,401234,16384,16384,0.9,210681,21,11,14703,14709,14678,14716,2,0.63037109375,0.1748046875,1,0.8020892143249512,0.1160430908203125,14705,1,1
distractor_heavy,401234,16384,16384,0.9,210681,22,7,14703,14709,14678,14716,2,0.5056610107421875,0.5,1,0.9709904193878174,0.006715066730976105,14703,1,1
distractor_heavy,401234,16384,16384,0.9,210681,18,3,14703,14709,14678,14716,2,0.005092620849609375,0.0015716552734375,52,0.12840771675109863,0.021701812744140625,16376,0,0
distractor_heavy,401234,16384,16384,0.9,210681,17,10,14703,14709,14678,14716,2,0.0005033016204833984,0.0001430511474609375,105,0.13566374778747559,0.00609588623046875,0,0,0
distractor_heavy,401234,16384,16384,0.9,210681,20,8,14703,14709,14678,14716,2,9.080767631530762e-05,4.482269287109375e-05,52,0.0005872237961739302,0.0005825012922286987,16382,0,0
distractor_heavy,401234,16384,16384,0.9,210681,22,0,14703,14709,14678,14716,2,3.0240043997764587e-06,8.605420589447021e-07,2559,6.33980380371213e-05,7.815577555447817e-05,16383,0,0
distractor_heavy,401234,16384,16384,0.9,210681,22,4,14703,14709,14678,14716,2,0.0031175613403320312,0.00118255615234375,36,0.018889963626861572,0.008831977844238281,0,0,0
distractor_heavy,401234,16384,16384,0.9,210681,21,0,14703,14709,14678,14716,2,0.0321807861328125,0.00872802734375,6,0.0800706148147583,0.01821136474609375,0,0,0
distractor_heavy,401234,16384,16384,0.9,210681,20,6,14703,14709,14678,14716,2,0.0001488327980041504,4.57763671875e-05,81,0.0332556776702404,0.00033639371395111084,0,0,0
distractor_heavy,401234,16384,16384,0.9,210681,20,9,14703,14709,14678,14716,2,0.004840850830078125,0.00177001953125,10,0.006795182824134827,0.0007653236389160156,16382,0,0
distractor_heavy,401234,16384,16384,0.9,210681,21,3,14703,14709,14678,14716,2,5.969405174255371e-05,2.3365020751953125e-05,279,0.00893741101026535,0.0037876367568969727,0,0,0
distractor_heavy,401234,16384,16384,0.9,210681,21,1,14703,14709,14678,14716,2,8.279085159301758e-05,2.586841583251953e-05,194,0.03546172380447388,0.0029044151306152344,0,0,0
distractor_heavy,401234,16384,16384,0.9,210681,21,4,14703,14709,14678,14716,2,0.0055999755859375,0.0033416748046875,22,0.03639723360538483,0.007676362991333008,16382,0,0
distractor_heavy,401234,16384,16384,0.9,210681,21,5,14703,14709,14678,14716,2,0.0044498443603515625,0.00188446044921875,48,0.07590389251708984,0.008300065994262695,0,0,0
distractor_heavy,401234,16384,16384,0.9,210681,17,3,14703,14709,14678,14716,2,0.0003089308738708496,0.00011014938354492188,78,0.015129268169403076,0.0038754940032958984,16383,0,0
distractor_heavy,401234,16384,16384,0.9,210681,22,10,14703,14709,14678,14716,2,0.1951904296875,0.07861328125,4,0.6882656216621399,0.028520941734313965,14702,0,1
distractor_heavy,401234,16384,16384,0.9,210681,23,4,14703,14709,14678,14716,2,0.008190155029296875,0.004608154296875,23,0.24840807914733887,0.014885663986206055,0,0,0
distractor_heavy,401234,16384,16384,0.9,210681,20,3,14703,14709,14678,14716,2,0.0003368556499481201,0.00016307830810546875,60,0.021127209067344666,0.0017691850662231445,16367,0,0
distractor_heavy,401235,16384,16385,0.9,639039,20,7,14710,14716,14686,14723,2,0.0007615089416503906,0.0003185272216796875,48,0.007281243801116943,0.009731292724609375,16384,0,0
distractor_heavy,401235,16384,16385,0.9,639039,21,11,14710,14716,14686,14723,2,0.7529296875,0.1904296875,1,0.880256175994873,0.083740234375,14711,1,1
distractor_heavy,401235,16384,16385,0.9,639039,22,7,14710,14716,14686,14723,2,0.7243928909301758,0.71484375,1,0.9823200702667236,0.029492782428860664,14710,1,1
distractor_heavy,401235,16384,16385,0.9,639039,18,3,14710,14716,14686,14723,2,0.0089111328125,0.0023651123046875,43,0.1283886432647705,0.02521991729736328,0,0,0
distractor_heavy,401235,16384,16385,0.9,639039,17,10,14710,14716,14686,14723,2,0.0004343986511230469,0.00010728836059570312,106,0.13883352279663086,0.0063934326171875,0,0,0
distractor_heavy,401235,16384,16385,0.9,639039,20,8,14710,14716,14686,14723,2,0.000340878963470459,0.000148773193359375,40,0.001252393121831119,0.0012668967247009277,16383,0,0
distractor_heavy,401235,16384,16385,0.9,639039,22,0,14710,14716,14686,14723,2,1.3121170923113823e-06,7.152557373046875e-07,3315,6.804469740018249e-05,9.940011659637094e-05,16384,0,0
distractor_heavy,401235,16384,16385,0.9,639039,22,4,14710,14716,14686,14723,2,0.002429962158203125,0.00067138671875,46,0.018881678581237793,0.015752315521240234,0,0,0
distractor_heavy,401235,16384,16385,0.9,639039,21,0,14710,14716,14686,14723,2,0.032989501953125,0.00830078125,3,0.07311201095581055,0.016695022583007812,0,0,0
distractor_heavy,401235,16384,16385,0.9,639039,20,6,14710,14716,14686,14723,2,0.00017184019088745117,3.8623809814453125e-05,92,0.03893790394067764,0.0005722641944885254,0,0,0
distractor_heavy,401235,16384,16385,0.9,639039,20,9,14710,14716,14686,14723,2,0.00914764404296875,0.002593994140625,9,0.011205144226551056,0.0017189085483551025,16383,0,0
distractor_heavy,401235,16384,16385,0.9,639039,21,3,14710,14716,14686,14723,2,4.1291117668151855e-05,1.0251998901367188e-05,553,0.007788512855768204,0.003711521625518799,0,0,0
distractor_heavy,401235,16384,16385,0.9,639039,21,1,14710,14716,14686,14723,2,0.0002664327621459961,9.822845458984375e-05,113,0.0417252779006958,0.0037925243377685547,0,0,0
distractor_heavy,401235,16384,16385,0.9,639039,21,4,14710,14716,14686,14723,2,0.01302337646484375,0.00531005859375,16,0.0516640841960907,0.009929656982421875,16383,0,0
distractor_heavy,401235,16384,16385,0.9,639039,21,5,14710,14716,14686,14723,2,0.008056640625,0.002471923828125,41,0.08404970169067383,0.008798599243164062,0,0,0
distractor_heavy,401235,16384,16385,0.9,639039,17,3,14710,14716,14686,14723,2,0.0005273818969726562,0.00015735626220703125,76,0.016158103942871094,0.0045659542083740234,16384,0,0
distractor_heavy,401235,16384,16385,0.9,639039,22,10,14710,14716,14686,14723,2,0.1314697265625,0.03564453125,8,0.6474989652633667,0.049611687660217285,0,0,0
distractor_heavy,401235,16384,16385,0.9,639039,23,4,14710,14716,14686,14723,2,0.012249946594238281,0.00830078125,16,0.26434850692749023,0.015626907348632812,0,0,0
distractor_heavy,401235,16384,16385,0.9,639039,20,3,14710,14716,14686,14723,2,0.0003707408905029297,0.000179290771484375,65,0.030022740364074707,0.0036233067512512207,16369,0,0
distractor_heavy,401236,16384,16383,0.9,705589,20,7,14717,14723,14693,14730,2,0.0008628368377685547,0.000392913818359375,50,0.00842556357383728,0.011151671409606934,16382,0,0
distractor_heavy,401236,16384,16383,0.9,705589,21,11,14717,14723,14693,14730,2,0.653076171875,0.1748046875,1,0.8103935718536377,0.1347808837890625,14719,1,1
distractor_heavy,401236,16384,16383,0.9,705589,22,7,14717,14723,14693,14730,2,0.6471109390258789,0.64453125,1,0.9799383878707886,0.032636262476444244,14717,1,1
distractor_heavy,401236,16384,16383,0.9,705589,18,3,14717,14723,14693,14730,2,0.009649276733398438,0.004241943359375,29,0.13177895545959473,0.023054122924804688,0,0,0
distractor_heavy,401236,16384,16383,0.9,705589,17,10,14717,14723,14693,14730,2,0.0003380775451660156,8.392333984375e-05,109,0.12935495376586914,0.005938529968261719,0,0,0
distractor_heavy,401236,16384,16383,0.9,705589,20,8,14717,14723,14693,14730,2,0.00027774274349212646,0.0001430511474609375,45,0.0019948945846408606,0.0011082291603088379,16381,0,0
distractor_heavy,401236,16384,16383,0.9,705589,22,0,14717,14723,14693,14730,2,5.281181074678898e-07,4.023313522338867e-07,4723,0.00015356350922957063,8.812802843749523e-05,16382,0,0
distractor_heavy,401236,16384,16383,0.9,705589,22,4,14717,14723,14693,14730,2,0.004088401794433594,0.0016632080078125,25,0.015781089663505554,0.018833160400390625,0,0,0
distractor_heavy,401236,16384,16383,0.9,705589,21,0,14717,14723,14693,14730,2,0.028045654296875,0.01263427734375,4,0.06545257568359375,0.01702880859375,0,0,0
distractor_heavy,401236,16384,16383,0.9,705589,20,6,14717,14723,14693,14730,2,8.302927017211914e-05,2.3365020751953125e-05,90,0.037227563560009,0.0003635585308074951,0,0,0
distractor_heavy,401236,16384,16383,0.9,705589,20,9,14717,14723,14693,14730,2,0.006748199462890625,0.00225830078125,10,0.009647229686379433,0.0024039149284362793,16381,0,0
distractor_heavy,401236,16384,16383,0.9,705589,21,3,14717,14723,14693,14730,2,3.372505307197571e-05,2.2172927856445312e-05,295,0.015665328130126,0.002389878034591675,0,0,0
distractor_heavy,401236,16384,16383,0.9,705589,21,1,14717,14723,14693,14730,2,0.00020682811737060547,0.00011968612670898438,100,0.04423600435256958,0.002399921417236328,0,0,0
distractor_heavy,401236,16384,16383,0.9,705589,21,4,14717,14723,14693,14730,2,0.011273384094238281,0.007568359375,13,0.04046356678009033,0.0059108734130859375,16381,0,0
distractor_heavy,401236,16384,16383,0.9,705589,21,5,14717,14723,14693,14730,2,0.0040130615234375,0.00189971923828125,46,0.06816697120666504,0.00474858283996582,0,0,0
distractor_heavy,401236,16384,16383,0.9,705589,17,3,14717,14723,14693,14730,2,0.00042128562927246094,0.00016689300537109375,74,0.015270113945007324,0.004094958305358887,16382,0,0
distractor_heavy,401236,16384,16383,0.9,705589,22,10,14717,14723,14693,14730,2,0.137603759765625,0.044677734375,7,0.6583489179611206,0.05364084243774414,0,0,0
distractor_heavy,401236,16384,16383,0.9,705589,23,4,14717,14723,14693,14730,2,0.011450409889221191,0.00592041015625,18,0.3022654056549072,0.009480893611907959,0,0,0
distractor_heavy,401236,16384,16383,0.9,705589,20,3,14717,14723,14693,14730,2,0.0001481771469116211,7.200241088867188e-05,87,0.029224783182144165,0.0026617050170898438,16367,0,0
distractor_heavy,401237,16384,16383,0.9,577255,20,7,14711,14717,14687,14724,2,0.0013763904571533203,0.000560760498046875,43,0.007862508296966553,0.014130711555480957,16382,0,0
distractor_heavy,401237,16384,16383,0.9,577255,21,11,14711,14717,14687,14724,2,0.720703125,0.1904296875,1,0.858120322227478,0.118072509765625,14716,1,1
distractor_heavy,401237,16384,16383,0.9,577255,22,7,14711,14717,14687,14724,2,0.7363266944885254,0.7265625,1,0.99091637134552,0.024242835119366646,14711,1,1
distractor_heavy,401237,16384,16383,0.9,577255,18,3,14711,14717,14687,14724,2,0.004601478576660156,0.00174713134765625,45,0.11947286128997803,0.023688316345214844,0,0,0
distractor_heavy,401237,16384,16383,0.9,577255,17,10,14711,14717,14687,14724,2,0.0004189014434814453,0.00010347366333007812,107,0.13352227210998535,0.0056133270263671875,0,0,0
distractor_heavy,401237,16384,16383,0.9,577255,20,8,14711,14717,14687,14724,2,0.00017412006855010986,8.58306884765625e-05,49,0.0010176475625485182,0.0014889538288116455,16381,0,0
distractor_heavy,401237,16384,16383,0.9,577255,22,0,14711,14717,14687,14724,2,1.3293465599417686e-06,8.605420589447021e-07,3206,7.463584188371897e-05,0.00014045275747776031,16382,0,0
distractor_heavy,401237,16384,16383,0.9,577255,22,4,14711,14717,14687,14724,2,0.00365447998046875,0.00139617919921875,31,0.0233440101146698,0.030393600463867188,0,0,0
distractor_heavy,401237,16384,16383,0.9,577255,21,0,14711,14717,14687,14724,2,0.054595947265625,0.0185546875,3,0.09656763076782227,0.019817352294921875,0,0,0
distractor_heavy,401237,16384,16383,0.9,577255,20,6,14711,14717,14687,14724,2,8.64863395690918e-05,2.3603439331054688e-05,95,0.026412229984998703,0.0004849284887313843,0,0,0
distractor_heavy,401237,16384,16383,0.9,577255,20,9,14711,14717,14687,14724,2,0.008609771728515625,0.0024871826171875,8,0.010195547714829445,0.002561032772064209,16381,0,0
distractor_heavy,401237,16384,16383,0.9,577255,21,3,14711,14717,14687,14724,2,2.6792287826538086e-05,9.059906005859375e-06,565,0.008991116657853127,0.0040726810693740845,0,0,0
distractor_heavy,401237,16384,16383,0.9,577255,21,1,14711,14717,14687,14724,2,0.00021952390670776367,0.00011968612670898438,112,0.04360911250114441,0.003416776657104492,0,0,0
distractor_heavy,401237,16384,16383,0.9,577255,21,4,14711,14717,14687,14724,2,0.008698463439941406,0.003204345703125,23,0.034640684723854065,0.008166074752807617,16381,0,0
distractor_heavy,401237,16384,16383,0.9,577255,21,5,14711,14717,14687,14724,2,0.0097808837890625,0.00421142578125,26,0.0700235366821289,0.008720874786376953,0,0,0
distractor_heavy,401237,16384,16383,0.9,577255,17,3,14711,14717,14687,14724,2,0.0003364682197570801,0.000148773193359375,77,0.014162003993988037,0.004430174827575684,16382,0,0
distractor_heavy,401237,16384,16383,0.9,577255,22,10,14711,14717,14687,14724,2,0.143798828125,0.05517578125,7,0.6899699568748474,0.09517288208007812,14710,0,1
distractor_heavy,401237,16384,16383,0.9,577255,23,4,14711,14717,14687,14724,2,0.0074615478515625,0.0054931640625,22,0.28230953216552734,0.01745593547821045,0,0,0
distractor_heavy,401237,16384,16383,0.9,577255,20,3,14711,14717,14687,14724,2,0.00020673871040344238,0.00014495849609375,70,0.031045347452163696,0.004063010215759277,16367,0,0
distractor_heavy,401238,16384,16384,0.9,984712,20,7,14679,14685,14655,14692,2,0.0009713172912597656,0.0004291534423828125,48,0.008405923843383789,0.01197439432144165,16383,0,0
distractor_heavy,401238,16384,16384,0.9,984712,21,11,14679,14685,14655,14692,2,0.688720703125,0.1728515625,1,0.8216922283172607,0.116119384765625,14682,1,1
distractor_heavy,401238,16384,16384,0.9,984712,22,7,14679,14685,14655,14692,2,0.6950798034667969,0.6640625,1,0.9623751640319824,0.04201561585068703,14679,1,1
distractor_heavy,401238,16384,16384,0.9,984712,18,3,14679,14685,14655,14692,2,0.00540924072265625,0.0014801025390625,48,0.10397589206695557,0.024320125579833984,16376,0,0
distractor_heavy,401238,16384,16384,0.9,984712,17,10,14679,14685,14655,14692,2,0.0007169246673583984,0.0002536773681640625,100,0.1609351634979248,0.005869865417480469,0,0,0
distractor_heavy,401238,16384,16384,0.9,984712,20,8,14679,14685,14655,14692,2,6.572902202606201e-05,2.956390380859375e-05,61,0.0004717258852906525,0.0007445365190505981,16382,0,0
distractor_heavy,401238,16384,16384,0.9,984712,22,0,14679,14685,14655,14692,2,4.2530009523034096e-06,1.9669532775878906e-06,1716,0.00011702220945153385,7.090813596732914e-05,16383,0,0
distractor_heavy,401238,16384,16384,0.9,984712,22,4,14679,14685,14655,14692,2,0.0009741783142089844,0.00051116943359375,41,0.008542347699403763,0.0129547119140625,16383,0,0
distractor_heavy,401238,16384,16384,0.9,984712,21,0,14679,14685,14655,14692,2,0.045745849609375,0.0125732421875,3,0.09984326362609863,0.0202178955078125,0,0,0
distractor_heavy,401238,16384,16384,0.9,984712,20,6,14679,14685,14655,14692,2,9.015202522277832e-05,2.300739288330078e-05,102,0.02548072673380375,0.00028295814990997314,0,0,0
distractor_heavy,401238,16384,16384,0.9,984712,20,9,14679,14685,14655,14692,2,0.0076141357421875,0.001983642578125,10,0.010214656591415405,0.0016070008277893066,16382,0,0
distractor_heavy,401238,16384,16384,0.9,984712,21,3,14679,14685,14655,14692,2,9.843707084655762e-05,3.528594970703125e-05,217,0.014948354102671146,0.004144549369812012,0,0,0
distractor_heavy,401238,16384,16384,0.9,984712,21,1,14679,14685,14655,14692,2,0.00029981136322021484,9.298324584960938e-05,123,0.03837543725967407,0.0029833316802978516,0,0,0
distractor_heavy,401238,16384,16384,0.9,984712,21,4,14679,14685,14655,14692,2,0.00771331787109375,0.0022125244140625,29,0.03529137372970581,0.0081024169921875,16382,0,0
distractor_heavy,401238,16384,16384,0.9,984712,21,5,14679,14685,14655,14692,2,0.004642486572265625,0.00103759765625,68,0.06664752960205078,0.007096052169799805,0,0,0
distractor_heavy,401238,16384,16384,0.9,984712,17,3,14679,14685,14655,14692,2,0.0003743171691894531,0.0001850128173828125,68,0.011755228042602539,0.003599405288696289,16383,0,0
distractor_heavy,401238,16384,16384,0.9,984712,22,10,14679,14685,14655,14692,2,0.20745849609375,0.05322265625,5,0.630530834197998,0.04590654373168945,0,0,0
distractor_heavy,401238,16384,16384,0.9,984712,23,4,14679,14685,14655,14692,2,0.014426708221435547,0.01092529296875,11,0.25629234313964844,0.014366865158081055,0,0,0
distractor_heavy,401238,16384,16384,0.9,984712,20,3,14679,14685,14655,14692,2,0.0001691579818725586,6.628036499023438e-05,82,0.02166900783777237,0.0032736659049987793,16368,0,0
distractor_heavy,401239,16384,16384,0.9,836886,20,7,14711,14717,14687,14724,2,0.0015044212341308594,0.00092315673828125,39,0.008697956800460815,0.010145902633666992,16383,0,0
distractor_heavy,401239,16384,16384,0.9,836886,21,11,14711,14717,14687,14724,2,0.775634765625,0.2041015625,1,0.8834455013275146,0.07973480224609375,14716,1,1
distractor_heavy,401239,16384,16384,0.9,836886,22,7,14711,14717,14687,14724,2,0.599822998046875,0.58984375,1,0.9753135442733765,0.01408715546131134,14711,1,1
distractor_heavy,401239,16384,16384,0.9,836886,18,3,14711,14717,14687,14724,2,0.007529258728027344,0.00286865234375,33,0.128648042678833,0.017765045166015625,0,0,0
distractor_heavy,401239,16384,16384,0.9,836886,17,10,14711,14717,14687,14724,2,0.00042939186096191406,0.0001201629638671875,106,0.13793206214904785,0.0054779052734375,0,0,0
distractor_heavy,401239,16384,16384,0.9,836886,20,8,14711,14717,14687,14724,2,0.0002587437629699707,0.00011157989501953125,44,0.001263606478460133,0.0009396672248840332,16382,0,0
distractor_heavy,401239,16384,16384,0.9,836886,22,0,14711,14717,14687,14724,2,1.6978010535240173e-06,1.1622905731201172e-06,2790,8.821487426757812e-05,9.587127715349197e-05,16383,0,0
distractor_heavy,401239,16384,16384,0.9,836886,22,4,14711,14717,14687,14724,2,0.0030164718627929688,0.0008392333984375,37,0.02000477910041809,0.010262489318847656,0,0,0
distractor_heavy,401239,16384,16384,0.9,836886,21,0,14711,14717,14687,14724,2,0.04803466796875,0.024658203125,2,0.09750032424926758,0.01982879638671875,0,0,0
distractor_heavy,401239,16384,16384,0.9,836886,20,6,14711,14717,14687,14724,2,0.00012952089309692383,2.9921531677246094e-05,89,0.036602865904569626,0.0004580467939376831,0,0,0
distractor_heavy,401239,16384,16384,0.9,836886,20,9,14711,14717,14687,14724,2,0.007953643798828125,0.00262451171875,9,0.009575702250003815,0.0009858310222625732,16382,0,0
distractor_heavy,401239,16384,16384,0.9,836886,21,3,14711,14717,14687,14724,2,3.740936517715454e-05,1.2218952178955078e-05,471,0.01158064603805542,0.003418371081352234,0,0,0
distractor_heavy,401239,16384,16384,0.9,836886,21,1,14711,14717,14687,14724,2,0.0002111196517944336,7.677078247070312e-05,123,0.04853087663650513,0.0031790733337402344,0,0,0
distractor_heavy,401239,16384,16384,0.9,836886,21,4,14711,14717,14687,14724,2,0.01332855224609375,0.007476806640625,13,0.047984689474105835,0.007781028747558594,16382,0,0
distractor_heavy,401239,16384,16384,0.9,836886,21,5,14711,14717,14687,14724,2,0.0083465576171875,0.0037994384765625,33,0.07940244674682617,0.008618354797363281,0,0,0
distractor_heavy,401239,16384,16384,0.9,836886,17,3,14711,14717,14687,14724,2,0.00042760372161865234,0.00017452239990234375,75,0.016564249992370605,0.0041446685791015625,16383,0,0
distractor_heavy,401239,16384,16384,0.9,836886,22,10,14711,14717,14687,14724,2,0.1759033203125,0.0791015625,4,0.633021891117096,0.03420543670654297,0,0,0
distractor_heavy,401239,16384,16384,0.9,836886,23,4,14711,14717,14687,14724,2,0.009721755981445312,0.00634765625,16,0.2662367820739746,0.01056361198425293,0,0,0
distractor_heavy,401239,16384,16384,0.9,836886,20,3,14711,14717,14687,14724,2,0.00023177266120910645,0.0001277923583984375,69,0.028303474187850952,0.002978503704071045,16368,0,0
distractor_heavy,401240,16384,16384,0.9,453754,20,7,14724,14730,14700,14737,2,0.0012202262878417969,0.0006103515625,43,0.007609307765960693,0.009553074836730957,16383,0,0
distractor_heavy,401240,16384,16384,0.9,453754,21,11,14724,14730,14700,14737,2,0.737060546875,0.162109375,1,0.8523997068405151,0.07736968994140625,14729,1,1
distractor_heavy,401240,16384,16384,0.9,453754,22,7,14724,14730,14700,14737,2,0.6081600189208984,0.6015625,1,0.990074098110199,0.013351371046155691,14724,1,1
distractor_heavy,401240,16384,16384,0.9,453754,18,3,14724,14730,14700,14737,2,0.006175994873046875,0.00139617919921875,54,0.11179041862487793,0.018444061279296875,16376,0,0
distractor_heavy,401240,16384,16384,0.9,453754,17,10,14724,14730,14700,14737,2,0.0003554821014404297,9.441375732421875e-05,108,0.12516379356384277,0.005584716796875,0,0,0
distractor_heavy,401240,16384,16384,0.9,453754,20,8,14724,14730,14700,14737,2,0.0002345442771911621,0.00010156631469726562,41,0.0010826814686879516,0.00067862868309021,16382,0,0
distractor_heavy,401240,16384,16384,0.9,453754,22,0,14724,14730,14700,14737,2,3.437511622905731e-06,9.685754776000977e-07,2481,8.672024705447257e-05,6.555905565619469e-05,16383,0,0
distractor_heavy,401240,16384,16384,0.9,453754,22,4,14724,14730,14700,14737,2,0.0016803741455078125,0.0004558563232421875,42,0.012235347181558609,0.008802175521850586,16383,0,0
distractor_heavy,401240,16384,16384,0.9,453754,21,0,14724,14730,14700,14737,2,0.03277587890625,0.0107421875,4,0.07128250598907471,0.016611099243164062,0,0,0
distractor_heavy,401240,16384,16384,0.9,453754,20,6,14724,14730,14700,14737,2,0.0001316666603088379,3.170967102050781e-05,90,0.043834391981363297,0.00033232569694519043,0,0,0
distractor_heavy,401240,16384,16384,0.9,453754,20,9,14724,14730,14700,14737,2,0.008420944213867188,0.0025787353515625,8,0.010360196232795715,0.0008109956979751587,16382,0,0
distractor_heavy,401240,16384,16384,0.9,453754,21,3,14724,14730,14700,14737,2,3.619492053985596e-05,1.8835067749023438e-05,307,0.015007886104285717,0.0028561651706695557,0,0,0
distractor_heavy,401240,16384,16384,0.9,453754,21,1,14724,14730,14700,14737,2,0.0002409219741821289,0.00016117095947265625,95,0.04717552661895752,0.0027289390563964844,0,0,0
distractor_heavy,401240,16384,16384,0.9,453754,21,4,14724,14730,14700,14737,2,0.012020111083984375,0.006011962890625,14,0.045246101915836334,0.008688926696777344,16382,0,0
distractor_heavy,401240,16384,16384,0.9,453754,21,5,14724,14730,14700,14737,2,0.0049037933349609375,0.00160980224609375,61,0.06731367111206055,0.007715702056884766,0,0,0
distractor_heavy,401240,16384,16384,0.9,453754,17,3,14724,14730,14700,14737,2,0.00039517879486083984,0.0001220703125,79,0.012575507164001465,0.003863096237182617,16383,0,0
distractor_heavy,401240,16384,16384,0.9,453754,22,10,14724,14730,14700,14737,2,0.1533203125,0.06689453125,4,0.7222921848297119,0.03042137622833252,14723,0,1
distractor_heavy,401240,16384,16384,0.9,453754,23,4,14724,14730,14700,14737,2,0.008430004119873047,0.0067138671875,18,0.2824075222015381,0.012102246284484863,0,0,0
distractor_heavy,401240,16384,16384,0.9,453754,20,3,14724,14730,14700,14737,2,0.00022530555725097656,0.00011348724365234375,73,0.03351791203022003,0.0024082064628601074,16368,0,0
distractor_heavy,401241,16384,16384,0.9,395505,20,7,14707,14713,14683,14720,2,0.0007998943328857422,0.000301361083984375,56,0.006277710199356079,0.010916858911514282,16383,0,0
distractor_heavy,401241,16384,16384,0.9,395505,21,11,14707,14713,14683,14720,2,0.824951171875,0.1923828125,1,0.895616888999939,0.04555511474609375,14711,1,1
distractor_heavy,401241,16384,16384,0.9,395505,22,7,14707,14713,14683,14720,2,0.7339229583740234,0.73046875,1,0.9916458129882812,0.008670098846778274,14707,1,1
distractor_heavy,401241,16384,16384,0.9,395505,18,3,14707,14713,14683,14720,2,0.0072231292724609375,0.0032501220703125,33,0.10692405700683594,0.031076431274414062,16376,0,0
distractor_heavy,401241,16384,16384,0.9,395505,17,10,14707,14713,14683,14720,2,0.00034165382385253906,0.00010061264038085938,105,0.1377098560333252,0.006463050842285156,0,0,0
distractor_heavy,401241,16384,16384,0.9,395505,20,8,14707,14713,14683,14720,2,0.0003108084201812744,0.00022411346435546875,34,0.0009186436654999852,0.0007704198360443115,16382,0,0
distractor_heavy,401241,16384,16384,0.9,395505,22,0,14707,14713,14683,14720,2,5.5781565606594086e-06,4.857778549194336e-06,1030,8.096813689917326e-05,0.0001635769149288535,16383,0,0
distractor_heavy,401241,16384,16384,0.9,395505,22,4,14707,14713,14683,14720,2,0.003185272216796875,0.0009613037109375,34,0.022687584161758423,0.02445363998413086,0,0,0
distractor_heavy,401241,16384,16384,0.9,395505,21,0,14707,14713,14683,14720,2,0.02722930908203125,0.0135498046875,3,0.06592392921447754,0.01626873016357422,0,0,0
distractor_heavy,401241,16384,16384,0.9,395505,20,6,14707,14713,14683,14720,2,0.00020170211791992188,6.914138793945312e-05,78,0.03882303461432457,0.00031795725226402283,0,0,0
distractor_heavy,401241,16384,16384,0.9,395505,20,9,14707,14713,14683,14720,2,0.012950897216796875,0.005462646484375,7,0.014307714998722076,0.0010929889976978302,16382,0,0
distractor_heavy,401241,16384,16384,0.9,395505,21,3,14707,14713,14683,14720,2,4.212185740470886e-05,1.609325408935547e-05,282,0.007429431192576885,0.004434704780578613,0,0,0
distractor_heavy,401241,16384,16384,0.9,395505,21,1,14707,14713,14683,14720,2,0.0003095865249633789,0.00020885467529296875,86,0.03970843553543091,0.004239082336425781,0,0,0
distractor_heavy,401241,16384,16384,0.9,395505,21,4,14707,14713,14683,14720,2,0.009854316711425781,0.006103515625,16,0.03972451388835907,0.00804591178894043,16382,0,0
distractor_heavy,401241,16384,16384,0.9,395505,21,5,14707,14713,14683,14720,2,0.007739067077636719,0.004638671875,28,0.07365798950195312,0.008166790008544922,0,0,0
distractor_heavy,401241,16384,16384,0.9,395505,17,3,14707,14713,14683,14720,2,0.00044906139373779297,0.00013446807861328125,73,0.014577746391296387,0.006042003631591797,16383,0,0
distractor_heavy,401241,16384,16384,0.9,395505,22,10,14707,14713,14683,14720,2,0.13873291015625,0.05126953125,6,0.6889164447784424,0.029510200023651123,14706,0,1
distractor_heavy,401241,16384,16384,0.9,395505,23,4,14707,14713,14683,14720,2,0.008382797241210938,0.0038299560546875,25,0.19339752197265625,0.014822721481323242,0,0,0
distractor_heavy,401241,16384,16384,0.9,395505,20,3,14707,14713,14683,14720,2,0.0005012750625610352,0.0002307891845703125,61,0.02332216501235962,0.004332542419433594,16368,0,0
