variant,seed,target_tokens,actual_tokens,needle_frac,gold,layer,head,gold_span_start,gold_span_end,needle_span_start,needle_span_end,n_distractor_spans,gold_mass,gold_max,gold_rank,needle_mass,distractor_mass,argmax_token_index,argmax_in_gold,argmax_in_needle
literal,1234,8192,8192,0.5,915965,20,7,4084,4090,4073,4097,1,0.0005460977554321289,0.00020599365234375,40,0.0036885738372802734,0.0066051483154296875,8191,0,0
literal,1234,8192,8192,0.5,915965,21,11,4084,4090,4073,4097,1,0.455078125,0.138671875,1,0.5799589157104492,0.08245849609375,4087,1,1
literal,1234,8192,8192,0.5,915965,22,7,4084,4090,4073,4097,1,0.28600502014160156,0.28125,1,0.659945011138916,0.024183452129364014,4084,1,1
literal,1234,8192,8192,0.5,915965,18,3,4084,4090,4073,4097,1,0.007106781005859375,0.0028228759765625,40,0.09705549478530884,0.017238616943359375,8183,0,0
literal,1234,8192,8192,0.5,915965,17,10,4084,4090,4073,4097,1,0.0007996559143066406,0.000240325927734375,89,0.10315179824829102,0.007289886474609375,0,0,0
literal,1234,8192,8192,0.5,915965,20,8,4084,4090,4073,4097,1,0.00044465065002441406,0.00014591217041015625,34,0.0030996326822787523,0.0010814666748046875,8190,0,0
literal,1234,8192,8192,0.5,915965,22,0,4084,4090,4073,4097,1,0.00022971630096435547,5.745887756347656e-05,76,0.0018643364310264587,5.8397650718688965e-05,0,0,0
literal,1234,8192,8192,0.5,915965,22,4,4084,4090,4073,4097,1,0.0024957656860351562,0.00157928466796875,23,0.03442353010177612,0.003452777862548828,8184,0,0
literal,1234,8192,8192,0.5,915965,21,0,4084,4090,4073,4097,1,0.03354644775390625,0.00933837890625,3,0.05718657374382019,0.002002716064453125,0,0,0
literal,1234,8192,8192,0.5,915965,20,6,4084,4090,4073,4097,1,0.0003037452697753906,9.918212890625e-05,73,0.03465539216995239,0.0005974769592285156,8191,0,0
literal,1234,8192,8192,0.5,915965,20,9,4084,4090,4073,4097,1,0.0051784515380859375,0.001220703125,10,0.011252318508923054,0.0039844512939453125,8190,0,0
literal,1234,8192,8192,0.5,915965,21,3,4084,4090,4073,4097,1,9.199976921081543e-05,2.658367156982422e-05,97,0.019495368003845215,0.0011377334594726562,0,0,0
literal,1234,8192,8192,0.5,915965,21,1,4084,4090,4073,4097,1,0.0006780624389648438,0.0002193450927734375,82,0.07382869720458984,0.00154876708984375,0,0,0
literal,1234,8192,8192,0.5,915965,21,4,4084,4090,4073,4097,1,0.0033850669860839844,0.00106048583984375,38,0.024516582489013672,0.00341033935546875,8190,0,0
literal,1234,8192,8192,0.5,915965,21,5,4084,4090,4073,4097,1,0.009563446044921875,0.0029754638671875,31,0.07652091979980469,0.0008985996246337891,0,0,0
literal,1234,8192,8192,0.5,915965,17,3,4084,4090,4073,4097,1,0.0011987686157226562,0.000286102294921875,68,0.032512664794921875,0.006778717041015625,8191,0,0
literal,1234,8192,8192,0.5,915965,22,10,4084,4090,4073,4097,1,0.099212646484375,0.039306640625,8,0.5549924373626709,0.002618551254272461,0,0,0
literal,1234,8192,8192,0.5,915965,23,4,4084,4090,4073,4097,1,0.03236579895019531,0.02783203125,9,0.359513521194458,0.011661767959594727,0,0,0
literal,1234,8192,8192,0.5,915965,20,3,4084,4090,4073,4097,1,0.0005565881729125977,0.000293731689453125,36,0.025720469653606415,0.000494837760925293,8179,0,0
literal,1235,8192,8192,0.5,822782,20,7,4102,4108,4091,4115,1,0.0003726482391357422,0.000171661376953125,42,0.002215176820755005,0.006923675537109375,8191,0,0
literal,1235,8192,8192,0.5,822782,21,11,4102,4108,4091,4115,1,0.388916015625,0.11767578125,2,0.5453348159790039,0.078948974609375,0,0,0
literal,1235,8192,8192,0.5,822782,22,7,4102,4108,4091,4115,1,0.28269481658935547,0.27734375,1,0.680401086807251,0.021177291870117188,4102,1,1
literal,1235,8192,8192,0.5,822782,18,3,4102,4108,4091,4115,1,0.01126861572265625,0.0042724609375,34,0.13450390100479126,0.01751708984375,8184,0,0
literal,1235,8192,8192,0.5,822782,17,10,4102,4108,4091,4115,1,0.0015172958374023438,0.000354766845703125,86,0.12335491180419922,0.009250640869140625,0,0,0
literal,1235,8192,8192,0.5,822782,20,8,4102,4108,4091,4115,1,0.000493168830871582,0.000308990478515625,27,0.001897724810987711,0.0009236335754394531,8190,0,0
literal,1235,8192,8192,0.5,822782,22,0,4102,4108,4091,4115,1,0.0004655122756958008,0.00019168853759765625,23,0.0015743784606456757,4.380941390991211e-05,0,0,0
literal,1235,8192,8192,0.5,822782,22,4,4102,4108,4091,4115,1,0.012317657470703125,0.003692626953125,18,0.06098473072052002,0.0037450790405273438,8184,0,0
literal,1235,8192,8192,0.5,822782,21,0,4102,4108,4091,4115,1,0.02130126953125,0.005889892578125,4,0.036298274993896484,0.0024557113647460938,0,0,0
literal,1235,8192,8192,0.5,822782,20,6,4102,4108,4091,4115,1,0.00031629204750061035,0.00011777877807617188,74,0.03458830714225769,0.0005970001220703125,8191,0,0
literal,1235,8192,8192,0.5,822782,20,9,4102,4108,4091,4115,1,0.00327301025390625,0.000873565673828125,13,0.005936011206358671,0.004253387451171875,8190,0,0
literal,1235,8192,8192,0.5,822782,21,3,4102,4108,4091,4115,1,0.00012692809104919434,7.43865966796875e-05,79,0.012425333261489868,0.0011010169982910156,0,0,0
literal,1235,8192,8192,0.5,822782,21,1,4102,4108,4091,4115,1,0.00048089027404785156,0.0002155303955078125,79,0.03861737251281738,0.0017466545104980469,0,0,0
literal,1235,8192,8192,0.5,822782,21,4,4102,4108,4091,4115,1,0.005140781402587891,0.0031585693359375,24,0.026850223541259766,0.003986358642578125,8190,0,0
literal,1235,8192,8192,0.5,822782,21,5,4102,4108,4091,4115,1,0.0095977783203125,0.0037689208984375,27,0.07038545608520508,0.0010595321655273438,0,0,0
literal,1235,8192,8192,0.5,822782,17,3,4102,4108,4091,4115,1,0.0004992485046386719,0.000141143798828125,75,0.017941951751708984,0.007976531982421875,8191,0,0
literal,1235,8192,8192,0.5,822782,22,10,4102,4108,4091,4115,1,0.1434326171875,0.06689453125,5,0.5612983703613281,0.0024967193603515625,0,0,0
literal,1235,8192,8192,0.5,822782,23,4,4102,4108,4091,4115,1,0.031055450439453125,0.021240234375,10,0.3921854496002197,0.014650821685791016,0,0,0
literal,1235,8192,8192,0.5,822782,20,3,4102,4108,4091,4115,1,0.0009921789169311523,0.00037384033203125,40,0.025153562426567078,0.0008943080902099609,8179,0,0
literal,1236,8192,8191,0.5,659279,20,7,4088,4094,4077,4101,1,0.0012731552124023438,0.0004100799560546875,33,0.003919839859008789,0.00771331787109375,8190,0,0
literal,1236,8192,8191,0.5,659279,21,11,4088,4094,4077,4101,1,0.462158203125,0.1298828125,1,0.6013765335083008,0.0792388916015625,4091,1,1
literal,1236,8192,8191,0.5,659279,22,7,4088,4094,4077,4101,1,0.4866504669189453,0.47265625,1,0.7866714000701904,0.02397477626800537,4088,1,1
literal,1236,8192,8191,0.5,659279,18,3,4088,4094,4077,4101,1,0.013294219970703125,0.0034637451171875,34,0.1213763952255249,0.024845123291015625,8183,0,0
literal,1236,8192,8191,0.5,659279,17,10,4088,4094,4077,4101,1,0.0009140968322753906,0.000209808349609375,91,0.10960245132446289,0.008914947509765625,0,0,0
literal,1236,8192,8191,0.5,659279,20,8,4088,4094,4077,4101,1,0.00042176246643066406,0.000232696533203125,28,0.0022294933442026377,0.0009191036224365234,8189,0,0
literal,1236,8192,8191,0.5,659279,22,0,4088,4094,4077,4101,1,0.00013499706983566284,0.00010728836059570312,43,0.00106821209192276,4.931539297103882e-05,8190,0,0
literal,1236,8192,8191,0.5,659279,22,4,4088,4094,4077,4101,1,0.0019664764404296875,0.0006866455078125,35,0.05433082580566406,0.004733085632324219,8183,0,0
literal,1236,8192,8191,0.5,659279,21,0,4088,4094,4077,4101,1,0.03787994384765625,0.01397705078125,2,0.06089794635772705,0.002430438995361328,0,0,0
literal,1236,8192,8191,0.5,659279,20,6,4088,4094,4077,4101,1,0.0004385709762573242,0.00019741058349609375,66,0.04004350304603577,0.0005438327789306641,8190,0,0
literal,1236,8192,8191,0.5,659279,20,9,4088,4094,4077,4101,1,0.004927635192871094,0.00160980224609375,11,0.00784887932240963,0.0037298202514648438,8189,0,0
literal,1236,8192,8191,0.5,659279,21,3,4088,4094,4077,4101,1,0.00012946128845214844,3.4332275390625e-05,102,0.01489335298538208,0.0013952255249023438,0,0,0
literal,1236,8192,8191,0.5,659279,21,1,4088,4094,4077,4101,1,0.0009458065032958984,0.0003032684326171875,74,0.058126211166381836,0.0021820068359375,0,0,0
literal,1236,8192,8191,0.5,659279,21,4,4088,4094,4077,4101,1,0.006251811981201172,0.0023956298828125,28,0.030685633420944214,0.0035343170166015625,8189,0,0
literal,1236,8192,8191,0.5,659279,21,5,4088,4094,4077,4101,1,0.0101776123046875,0.002960205078125,34,0.06995630264282227,0.0012317895889282227,0,0,0
literal,1236,8192,8191,0.5,659279,17,3,4088,4094,4077,4101,1,0.0014257431030273438,0.0004558563232421875,63,0.028645038604736328,0.009983062744140625,8190,0,0
literal,1236,8192,8191,0.5,659279,22,10,4088,4094,4077,4101,1,0.167022705078125,0.05712890625,5,0.5773148536682129,0.0026760101318359375,0,0,0
literal,1236,8192,8191,0.5,659279,23,4,4088,4094,4077,4101,1,0.02202606201171875,0.0179443359375,12,0.35561347007751465,0.018335580825805664,0,0,0
literal,1236,8192,8191,0.5,659279,20,3,4088,4094,4077,4101,1,0.0003640204668045044,0.000217437744140625,42,0.02106945589184761,0.0003611445426940918,8178,0,0
literal,1237,8192,8192,0.5,255903,20,7,4101,4107,4090,4114,1,0.0004476308822631836,0.00017642974853515625,43,0.003119349479675293,0.006954193115234375,8191,0,0
literal,1237,8192,8192,0.5,255903,21,11,4101,4107,4090,4114,1,0.3916015625,0.107421875,2,0.5707740783691406,0.080078125,0,0,0
literal,1237,8192,8192,0.5,255903,22,7,4101,4107,4090,4114,1,0.2639331817626953,0.248046875,1,0.6878560781478882,0.03138387203216553,4101,1,1
literal,1237,8192,8192,0.5,255903,18,3,4101,4107,4090,4114,1,0.015941619873046875,0.005523681640625,29,0.1419163942337036,0.0233154296875,8184,0,0
literal,1237,8192,8192,0.5,255903,17,10,4101,4107,4090,4114,1,0.0015077590942382812,0.0003337860107421875,85,0.10862445831298828,0.0081634521484375,0,0,0
literal,1237,8192,8192,0.5,255903,20,8,4101,4107,4090,4114,1,0.0007469654083251953,0.0002956390380859375,31,0.003083854913711548,0.0009589195251464844,8190,0,0
literal,1237,8192,8192,0.5,255903,22,0,4101,4107,4090,4114,1,0.0003757476806640625,0.00020694732666015625,26,0.0021207351237535477,4.620850086212158e-05,0,0,0
literal,1237,8192,8192,0.5,255903,22,4,4101,4107,4090,4114,1,0.0076904296875,0.0035247802734375,16,0.04694521427154541,0.0019702911376953125,8184,0,0
literal,1237,8192,8192,0.5,255903,21,0,4101,4107,4090,4114,1,0.03482818603515625,0.01336669921875,2,0.05393838882446289,0.003971099853515625,0,0,0
literal,1237,8192,8192,0.5,255903,20,6,4101,4107,4090,4114,1,0.0004780292510986328,0.00018405914306640625,67,0.039455950260162354,0.0003820657730102539,8191,0,0
literal,1237,8192,8192,0.5,255903,20,9,4101,4107,4090,4114,1,0.0090789794921875,0.002777099609375,11,0.014461629092693329,0.005340576171875,8190,0,0
literal,1237,8192,8192,0.5,255903,21,3,4101,4107,4090,4114,1,0.00018787384033203125,7.390975952148438e-05,91,0.012665435671806335,0.0012555122375488281,0,0,0
literal,1237,8192,8192,0.5,255903,21,1,4101,4107,4090,4114,1,0.001264333724975586,0.000667572021484375,60,0.03956913948059082,0.002521514892578125,0,0,0
literal,1237,8192,8192,0.5,255903,21,4,4101,4107,4090,4114,1,0.005473136901855469,0.0023193359375,30,0.031711429357528687,0.0041103363037109375,8190,0,0
literal,1237,8192,8192,0.5,255903,21,5,4101,4107,4090,4114,1,0.013336181640625,0.005889892578125,24,0.07695245742797852,0.0009360313415527344,0,0,0
literal,1237,8192,8192,0.5,255903,17,3,4101,4107,4090,4114,1,0.0005147457122802734,0.0001316070556640625,79,0.016520261764526367,0.008426666259765625,8191,0,0
literal,1237,8192,8192,0.5,255903,22,10,4101,4107,4090,4114,1,0.2315673828125,0.064453125,3,0.5822048187255859,0.0034270286560058594,0,0,0
literal,1237,8192,8192,0.5,255903,23,4,4101,4107,4090,4114,1,0.02652740478515625,0.014892578125,15,0.3587484359741211,0.017917633056640625,0,0,0
literal,1237,8192,8192,0.5,255903,20,3,4101,4107,4090,4114,1,0.0010913610458374023,0.00037384033203125,34,0.019571244716644287,0.00047895312309265137,8179,0,0
literal,1238,8192,8192,0.5,127404,20,7,4094,4100,4083,4107,1,0.0015115737915039062,0.0005340576171875,32,0.005114495754241943,0.007831573486328125,8191,0,0
literal,1238,8192,8192,0.5,127404,21,11,4094,4100,4083,4107,1,0.49462890625,0.17578125,1,0.6369762420654297,0.078765869140625,4097,1,1
literal,1238,8192,8192,0.5,127404,22,7,4094,4100,4083,4107,1,0.2578573226928711,0.2255859375,1,0.7001398801803589,0.016706109046936035,4094,1,1
literal,1238,8192,8192,0.5,127404,18,3,4094,4100,4083,4107,1,0.01190185546875,0.0045166015625,32,0.10671362280845642,0.0245819091796875,8184,0,0
literal,1238,8192,8192,0.5,127404,17,10,4094,4100,4083,4107,1,0.0010037422180175781,0.00021457672119140625,87,0.12061357498168945,0.007015228271484375,0,0,0
literal,1238,8192,8192,0.5,127404,20,8,4094,4100,4083,4107,1,0.00048410892486572266,0.000202178955078125,30,0.0024749706499278545,0.0012543201446533203,8190,0,0
literal,1238,8192,8192,0.5,127404,22,0,4094,4100,4083,4107,1,8.590519428253174e-05,4.2438507080078125e-05,111,0.005437985062599182,5.86584210395813e-05,0,0,0
literal,1238,8192,8192,0.5,127404,22,4,4094,4100,4083,4107,1,0.0023784637451171875,0.000896453857421875,32,0.0740199089050293,0.004154205322265625,8184,0,0
literal,1238,8192,8192,0.5,127404,21,0,4094,4100,4083,4107,1,0.037567138671875,0.016845703125,2,0.05920678377151489,0.0034465789794921875,0,0,0
literal,1238,8192,8192,0.5,127404,20,6,4094,4100,4083,4107,1,0.0006366968154907227,0.000293731689453125,59,0.042872071266174316,0.0005875825881958008,8191,0,0
literal,1238,8192,8192,0.5,127404,20,9,4094,4100,4083,4107,1,0.007122039794921875,0.002197265625,10,0.012480294331908226,0.0040340423583984375,8190,0,0
literal,1238,8192,8192,0.5,127404,21,3,4094,4100,4083,4107,1,0.00020247697830200195,0.00010967254638671875,76,0.013801932334899902,0.0017042160034179688,0,0,0
literal,1238,8192,8192,0.5,127404,21,1,4094,4100,4083,4107,1,0.0008883476257324219,0.0004119873046875,73,0.048627376556396484,0.002556324005126953,0,0,0
literal,1238,8192,8192,0.5,127404,21,4,4094,4100,4083,4107,1,0.004720926284790039,0.00179290771484375,33,0.03335845470428467,0.00433349609375,8190,0,0
literal,1238,8192,8192,0.5,127404,21,5,4094,4100,4083,4107,1,0.009070396423339844,0.003936767578125,29,0.08407926559448242,0.0011782646179199219,0,0,0
literal,1238,8192,8192,0.5,127404,17,3,4094,4100,4083,4107,1,0.0005447864532470703,0.00019741058349609375,75,0.025075674057006836,0.007144927978515625,8191,0,0
literal,1238,8192,8192,0.5,127404,22,10,4094,4100,4083,4107,1,0.1837158203125,0.0419921875,8,0.6014482975006104,0.0026063919067382812,0,0,0
literal,1238,8192,8192,0.5,127404,23,4,4094,4100,4083,4107,1,0.036163330078125,0.01611328125,14,0.3785419464111328,0.021709680557250977,0,0,0
literal,1238,8192,8192,0.5,127404,20,3,4094,4100,4083,4107,1,0.0005006790161132812,0.00014400482177734375,48,0.024871528148651123,0.0005117952823638916,8179,0,0
literal,1239,8192,8192,0.5,178315,20,7,4062,4068,4051,4075,1,0.0016460418701171875,0.000453948974609375,36,0.005371689796447754,0.0060214996337890625,8191,0,0
literal,1239,8192,8192,0.5,178315,21,11,4062,4068,4051,4075,1,0.4300537109375,0.171875,1,0.5778646469116211,0.0599822998046875,0,0,0
literal,1239,8192,8192,0.5,178315,22,7,4062,4068,4051,4075,1,0.4310722351074219,0.359375,1,0.7850950956344604,0.018191158771514893,4062,1,1
literal,1239,8192,8192,0.5,178315,18,3,4062,4068,4051,4075,1,0.008190155029296875,0.0026092529296875,42,0.101021409034729,0.022075653076171875,0,0,0
literal,1239,8192,8192,0.5,178315,17,10,4062,4068,4051,4075,1,0.0013093948364257812,0.000278472900390625,87,0.12098407745361328,0.00687408447265625,0,0,0
literal,1239,8192,8192,0.5,178315,20,8,4062,4068,4051,4075,1,0.0007692575454711914,0.0004291534423828125,24,0.0023268319200724363,0.0009331703186035156,8183,0,0
literal,1239,8192,8192,0.5,178315,22,0,4062,4068,4051,4075,1,0.000496208667755127,0.00024318695068359375,27,0.04207274317741394,5.327165126800537e-05,0,0,0
literal,1239,8192,8192,0.5,178315,22,4,4062,4068,4051,4075,1,0.00963592529296875,0.0028076171875,22,0.0876348614692688,0.0047702789306640625,8184,0,0
literal,1239,8192,8192,0.5,178315,21,0,4062,4068,4051,4075,1,0.03520965576171875,0.01373291015625,2,0.06219220161437988,0.0022077560424804688,0,0,0
literal,1239,8192,8192,0.5,178315,20,6,4062,4068,4051,4075,1,0.0005892515182495117,0.000274658203125,62,0.02897423505783081,0.000766754150390625,8191,0,0
literal,1239,8192,8192,0.5,178315,20,9,4062,4068,4051,4075,1,0.010837554931640625,0.00396728515625,7,0.015409004874527454,0.003135204315185547,8190,0,0
literal,1239,8192,8192,0.5,178315,21,3,4062,4068,4051,4075,1,0.000592350959777832,0.000186920166015625,71,0.0356425940990448,0.0012247562408447266,0,0,0
literal,1239,8192,8192,0.5,178315,21,1,4062,4068,4051,4075,1,0.0014269351959228516,0.000457763671875,66,0.06278347969055176,0.0016293525695800781,0,0,0
literal,1239,8192,8192,0.5,178315,21,4,4062,4068,4051,4075,1,0.007595062255859375,0.0037841796875,24,0.06933553516864777,0.0025472640991210938,8190,0,0
literal,1239,8192,8192,0.5,178315,21,5,4062,4068,4051,4075,1,0.0137939453125,0.0052490234375,22,0.08572769165039062,0.0008311271667480469,0,0,0
literal,1239,8192,8192,0.5,178315,17,3,4062,4068,4051,4075,1,0.00148773193359375,0.000308990478515625,69,0.037268638610839844,0.007610321044921875,8191,0,0
literal,1239,8192,8192,0.5,178315,22,10,4062,4068,4051,4075,1,0.1925048828125,0.04052734375,7,0.5970828533172607,0.0029251575469970703,0,0,0
literal,1239,8192,8192,0.5,178315,23,4,4062,4068,4051,4075,1,0.02392578125,0.00927734375,16,0.3642241954803467,0.02347564697265625,0,0,0
literal,1239,8192,8192,0.5,178315,20,3,4062,4068,4051,4075,1,0.0024944543838500977,0.00107574462890625,22,0.04727783799171448,0.0006559491157531738,8179,0,0
literal,1240,8192,8192,0.5,779361,20,7,4082,4088,4071,4095,1,0.0019125938415527344,0.001251220703125,22,0.0053941309452056885,0.006305694580078125,8191,0,0
literal,1240,8192,8192,0.5,779361,21,11,4082,4088,4071,4095,1,0.488037109375,0.150390625,1,0.6516685485839844,0.057220458984375,4083,1,1
literal,1240,8192,8192,0.5,779361,22,7,4082,4088,4071,4095,1,0.34922027587890625,0.34375,1,0.7532669305801392,0.020171910524368286,4082,1,1
literal,1240,8192,8192,0.5,779361,18,3,4082,4088,4071,4095,1,0.009290695190429688,0.0033416748046875,35,0.11064872145652771,0.02065277099609375,8183,0,0
literal,1240,8192,8192,0.5,779361,17,10,4082,4088,4071,4095,1,0.0008502006530761719,0.00018978118896484375,91,0.10794401168823242,0.008129119873046875,0,0,0
literal,1240,8192,8192,0.5,779361,20,8,4082,4088,4071,4095,1,0.0006744861602783203,0.0002079010009765625,32,0.003128795186057687,0.0006997585296630859,8183,0,0
literal,1240,8192,8192,0.5,779361,22,0,4082,4088,4071,4095,1,0.00030875205993652344,0.0001087188720703125,42,0.0015919767320156097,4.814565181732178e-05,0,0,0
literal,1240,8192,8192,0.5,779361,22,4,4082,4088,4071,4095,1,0.005616188049316406,0.0032958984375,20,0.0382082462310791,0.0028867721557617188,8184,0,0
literal,1240,8192,8192,0.5,779361,21,0,4082,4088,4071,4095,1,0.0281524658203125,0.01153564453125,4,0.05343592166900635,0.0017576217651367188,0,0,0
literal,1240,8192,8192,0.5,779361,20,6,4082,4088,4071,4095,1,0.00033664703369140625,0.0001239776611328125,74,0.032093584537506104,0.00048613548278808594,8191,0,0
literal,1240,8192,8192,0.5,779361,20,9,4082,4088,4071,4095,1,0.01055908203125,0.00604248046875,6,0.017237352207303047,0.00376129150390625,8190,0,0
literal,1240,8192,8192,0.5,779361,21,3,4082,4088,4071,4095,1,0.00021785497665405273,8.7738037109375e-05,84,0.019484639167785645,0.0009589195251464844,0,0,0
literal,1240,8192,8192,0.5,779361,21,1,4082,4088,4071,4095,1,0.0009598731994628906,0.00028228759765625,75,0.07039690017700195,0.0011830329895019531,0,0,0
literal,1240,8192,8192,0.5,779361,21,4,4082,4088,4071,4095,1,0.006278038024902344,0.002655029296875,25,0.03509235382080078,0.0026102066040039062,8190,0,0
literal,1240,8192,8192,0.5,779361,21,5,4082,4088,4071,4095,1,0.00981903076171875,0.003509521484375,31,0.08129405975341797,0.0006297826766967773,0,0,0
literal,1240,8192,8192,0.5,779361,17,3,4082,4088,4071,4095,1,0.0016036033630371094,0.0004558563232421875,62,0.032380104064941406,0.0059661865234375,8191,0,0
literal,1240,8192,8192,0.5,779361,22,10,4082,4088,4071,4095,1,0.091796875,0.027587890625,11,0.5249836444854736,0.001850724220275879,0,0,0
literal,1240,8192,8192,0.5,779361,23,4,4082,4088,4071,4095,1,0.026445388793945312,0.024169921875,8,0.41454052925109863,0.010266780853271484,4089,0,1
literal,1240,8192,8192,0.5,779361,20,3,4082,4088,4071,4095,1,0.0008439421653747559,0.000400543212890625,32,0.0253678560256958,0.00038254261016845703,8179,0,0
literal,1241,8192,8191,0.5,731022,20,7,4105,4111,4094,4118,1,0.0008387565612792969,0.0003108978271484375,36,0.0026266872882843018,0.007030487060546875,8190,0,0
literal,1241,8192,8191,0.5,731022,21,11,4105,4111,4094,4118,1,0.414306640625,0.10205078125,2,0.5825634002685547,0.0718994140625,0,0,0
literal,1241,8192,8191,0.5,731022,22,7,4105,4111,4094,4118,1,0.23233461380004883,0.228515625,1,0.6402124166488647,0.046994954347610474,4105,1,1
literal,1241,8192,8191,0.5,731022,18,3,4105,4111,4094,4118,1,0.008596420288085938,0.0028533935546875,36,0.121787428855896,0.01676177978515625,8183,0,0
literal,1241,8192,8191,0.5,731022,17,10,4105,4111,4094,4118,1,0.001270294189453125,0.0003795623779296875,86,0.1222991943359375,0.0074615478515625,0,0,0
literal,1241,8192,8191,0.5,731022,20,8,4105,4111,4094,4118,1,0.0006858110427856445,0.0003204345703125,30,0.0026143044233322144,0.000838160514831543,8182,0,0
literal,1241,8192,8191,0.5,731022,22,0,4105,4111,4094,4118,1,0.0011924654245376587,0.000568389892578125,17,0.002777591347694397,4.1175633668899536e-05,8190,0,0
literal,1241,8192,8191,0.5,731022,22,4,4105,4111,4094,4118,1,0.00606536865234375,0.0037689208984375,19,0.05210453271865845,0.0023119449615478516,8183,0,0
literal,1241,8192,8191,0.5,731022,21,0,4105,4111,4094,4118,1,0.0252685546875,0.0101318359375,3,0.04601040482521057,0.00354766845703125,0,0,0
literal,1241,8192,8191,0.5,731022,20,6,4105,4111,4094,4118,1,0.00029456615447998047,0.00010156631469726562,76,0.04128748178482056,0.0003826618194580078,8190,0,0
literal,1241,8192,8191,0.5,731022,20,9,4105,4111,4094,4118,1,0.004565238952636719,0.00173187255859375,12,0.009856801480054855,0.005096435546875,8189,0,0
literal,1241,8192,8191,0.5,731022,21,3,4105,4111,4094,4118,1,0.00012663006782531738,3.552436828613281e-05,97,0.013617157936096191,0.00109100341796875,0,0,0
literal,1241,8192,8191,0.5,731022,21,1,4105,4111,4094,4118,1,0.0006163120269775391,0.0002498626708984375,75,0.05119729042053223,0.0013437271118164062,0,0,0
literal,1241,8192,8191,0.5,731022,21,4,4105,4111,4094,4118,1,0.003162384033203125,0.0016326904296875,34,0.03207319974899292,0.002559661865234375,8189,0,0
literal,1241,8192,8191,0.5,731022,21,5,4105,4111,4094,4118,1,0.008449554443359375,0.003387451171875,37,0.0779428482055664,0.0005419254302978516,0,0,0
literal,1241,8192,8191,0.5,731022,17,3,4105,4111,4094,4118,1,0.0006151199340820312,0.00019073486328125,74,0.018594741821289062,0.006862640380859375,8190,0,0
literal,1241,8192,8191,0.5,731022,22,10,4105,4111,4094,4118,1,0.081207275390625,0.0250244140625,14,0.5097146034240723,0.0022857189178466797,0,0,0
literal,1241,8192,8191,0.5,731022,23,4,4105,4111,4094,4118,1,0.0372772216796875,0.031005859375,7,0.4254971742630005,0.012035846710205078,4112,0,1
literal,1241,8192,8191,0.5,731022,20,3,4105,4111,4094,4118,1,0.0007497221231460571,0.0004596710205078125,32,0.022489845752716064,0.0006045103073120117,8178,0,0
alias,101234,8192,8193,0.5,476403,20,7,4105,4111,4090,4118,1,0.0004735589027404785,0.00017070770263671875,52,0.002430260181427002,0.01335000991821289,8192,0,0
alias,101234,8192,8193,0.5,476403,21,11,4105,4111,4090,4118,1,0.58154296875,0.1630859375,1,0.6762104034423828,0.112701416015625,4107,1,1
alias,101234,8192,8193,0.5,476403,22,7,4105,4111,4090,4118,1,0.7823700904846191,0.76953125,1,0.9037685394287109,0.012026965618133545,4105,1,1
alias,101234,8192,8193,0.5,476403,18,3,4105,4111,4090,4118,1,0.009340286254882812,0.004150390625,36,0.16744518280029297,0.0075893402099609375,8185,0,0
alias,101234,8192,8193,0.5,476403,17,10,4105,4111,4090,4118,1,0.0011348724365234375,0.0003833770751953125,92,0.1297321319580078,0.004535675048828125,0,0,0
alias,101234,8192,8193,0.5,476403,20,8,4105,4111,4090,4118,1,0.00014770030975341797,4.3392181396484375e-05,49,0.00045518981642089784,0.0009070634841918945,8191,0,0
alias,101234,8192,8193,0.5,476403,22,0,4105,4111,4090,4118,1,0.00019738078117370605,8.630752563476562e-05,43,0.000991232693195343,3.4183263778686523e-05,8192,0,0
alias,101234,8192,8193,0.5,476403,22,4,4105,4111,4090,4118,1,0.010284423828125,0.0032196044921875,22,0.04107093811035156,0.006610870361328125,8192,0,0
alias,101234,8192,8193,0.5,476403,21,0,4105,4111,4090,4118,1,0.0222015380859375,0.0054931640625,9,0.06559467315673828,0.002582550048828125,0,0,0
alias,101234,8192,8193,0.5,476403,20,6,4105,4111,4090,4118,1,0.00021004676818847656,7.772445678710938e-05,69,0.03309103846549988,0.0003771781921386719,0,0,0
alias,101234,8192,8193,0.5,476403,20,9,4105,4111,4090,4118,1,0.00040149688720703125,0.00013446807861328125,15,0.0007516418118029833,0.000904083251953125,8191,0,0
alias,101234,8192,8193,0.5,476403,21,3,4105,4111,4090,4118,1,0.0010867118835449219,0.0005035400390625,53,0.014486134052276611,0.002346515655517578,0,0,0
alias,101234,8192,8193,0.5,476403,21,1,4105,4111,4090,4118,1,0.0006148815155029297,0.00016689300537109375,80,0.06154060363769531,0.0016388893127441406,0,0,0
alias,101234,8192,8193,0.5,476403,21,4,4105,4111,4090,4118,1,0.02243804931640625,0.00555419921875,23,0.0739087462425232,0.0032405853271484375,8191,0,0
alias,101234,8192,8193,0.5,476403,21,5,4105,4111,4090,4118,1,0.01354217529296875,0.003265380859375,37,0.11365413665771484,0.0027780532836914062,0,0,0
alias,101234,8192,8193,0.5,476403,17,3,4105,4111,4090,4118,1,0.0006878376007080078,0.00019168853759765625,80,0.018802642822265625,0.007293701171875,8192,0,0
alias,101234,8192,8193,0.5,476403,22,10,4105,4111,4090,4118,1,0.4097900390625,0.1337890625,1,0.7209842205047607,0.0050771236419677734,4105,1,1
alias,101234,8192,8193,0.5,476403,23,4,4105,4111,4090,4118,1,0.0477447509765625,0.025390625,8,0.25510358810424805,0.016725540161132812,0,0,0
alias,101234,8192,8193,0.5,476403,20,3,4105,4111,4090,4118,1,3.6129727959632874e-05,2.3365020751953125e-05,75,0.0021471362560987473,0.00039890408515930176,8177,0,0
alias,101235,8192,8192,0.5,419257,20,7,4055,4061,4041,4068,1,0.0006558895111083984,0.000316619873046875,46,0.005782604217529297,0.010436534881591797,8191,0,0
alias,101235,8192,8192,0.5,419257,21,11,4055,4061,4041,4068,1,0.68701171875,0.19921875,1,0.7997307777404785,0.0424041748046875,4058,1,1
alias,101235,8192,8192,0.5,419257,22,7,4055,4061,4041,4068,1,0.7553014755249023,0.74609375,1,0.9062683582305908,0.009266026318073273,4055,1,1
alias,101235,8192,8192,0.5,419257,18,3,4055,4061,4041,4068,1,0.007442474365234375,0.0032501220703125,38,0.10666719079017639,0.009613037109375,8184,0,0
alias,101235,8192,8192,0.5,419257,17,10,4055,4061,4041,4068,1,0.0012469291687011719,0.000377655029296875,93,0.14276456832885742,0.005817413330078125,0,0,0
alias,101235,8192,8192,0.5,419257,20,8,4055,4061,4041,4068,1,0.0003418922424316406,9.012222290039062e-05,41,0.0008071400225162506,0.00116729736328125,8190,0,0
alias,101235,8192,8192,0.5,419257,22,0,4055,4061,4041,4068,1,0.006402015686035156,0.0023956298828125,13,0.017889976501464844,4.698336124420166e-05,8191,0,0
alias,101235,8192,8192,0.5,419257,22,4,4055,4061,4041,4068,1,0.03806304931640625,0.01153564453125,11,0.10842418670654297,0.00492095947265625,8191,0,0
alias,101235,8192,8192,0.5,419257,21,0,4055,4061,4041,4068,1,0.02081298828125,0.00469970703125,6,0.06022977828979492,0.0008482933044433594,0,0,0
alias,101235,8192,8192,0.5,419257,20,6,4055,4061,4041,4068,1,0.0004947185516357422,0.0001354217529296875,69,0.029128164052963257,0.0010993480682373047,8190,0,0
alias,101235,8192,8192,0.5,419257,20,9,4055,4061,4041,4068,1,0.0013017654418945312,0.0003032684326171875,13,0.0023442134261131287,0.0018072128295898438,8190,0,0
alias,101235,8192,8192,0.5,419257,21,3,4055,4061,4041,4068,1,0.0020132064819335938,0.00055694580078125,47,0.01698160171508789,0.001766204833984375,0,0,0
alias,101235,8192,8192,0.5,419257,21,1,4055,4061,4041,4068,1,0.0008606910705566406,0.00017261505126953125,85,0.07729959487915039,0.0018787384033203125,0,0,0
alias,101235,8192,8192,0.5,419257,21,4,4055,4061,4041,4068,1,0.029449462890625,0.008544921875,16,0.11866194009780884,0.0016541481018066406,8190,0,0
alias,101235,8192,8192,0.5,419257,21,5,4055,4061,4041,4068,1,0.0149993896484375,0.00457763671875,32,0.1607646942138672,0.0010886192321777344,0,0,0
alias,101235,8192,8192,0.5,419257,17,3,4055,4061,4041,4068,1,0.0015935897827148438,0.0003681182861328125,71,0.030373573303222656,0.00662994384765625,8191,0,0
alias,101235,8192,8192,0.5,419257,22,10,4055,4061,4041,4068,1,0.25042724609375,0.0986328125,2,0.6749069690704346,0.00368344783782959,4061,0,1
alias,101235,8192,8192,0.5,419257,23,4,4055,4061,4041,4068,1,0.040973663330078125,0.0224609375,8,0.30243492126464844,0.008673667907714844,0,0,0
alias,101235,8192,8192,0.5,419257,20,3,4055,4061,4041,4068,1,0.0001810714602470398,0.000102996826171875,53,0.006614699959754944,0.0008769035339355469,8177,0,0
alias,101236,8192,8192,0.5,896301,20,7,4118,4124,4104,4131,1,0.00029289722442626953,0.00011682510375976562,58,0.0017382055521011353,0.00909280776977539,8191,0,0
alias,101236,8192,8192,0.5,896301,21,11,4118,4124,4104,4131,1,0.618896484375,0.2373046875,1,0.7196998596191406,0.0455780029296875,4120,1,1
alias,101236,8192,8192,0.5,896301,22,7,4118,4124,4104,4131,1,0.7384567260742188,0.71875,1,0.8585910797119141,0.005844876170158386,4118,1,1
alias,101236,8192,8192,0.5,896301,18,3,4118,4124,4104,4131,1,0.010374069213867188,0.005401611328125,32,0.15669012069702148,0.010225296020507812,8184,0,0
alias,101236,8192,8192,0.5,896301,17,10,4118,4124,4104,4131,1,0.0006191730499267578,0.0002460479736328125,94,0.11792302131652832,0.004871368408203125,0,0,0
alias,101236,8192,8192,0.5,896301,20,8,4118,4124,4104,4131,1,0.00011655688285827637,4.6253204345703125e-05,44,0.00029926266870461404,0.000517725944519043,8190,0,0
alias,101236,8192,8192,0.5,896301,22,0,4118,4124,4104,4131,1,4.885345697402954e-05,3.0517578125e-05,118,0.0020724907517433167,4.629790782928467e-05,8191,0,0
alias,101236,8192,8192,0.5,896301,22,4,4118,4124,4104,4131,1,0.004466056823730469,0.0018310546875,26,0.03201103210449219,0.003826141357421875,8191,0,0
alias,101236,8192,8192,0.5,896301,21,0,4118,4124,4104,4131,1,0.0263519287109375,0.006256103515625,6,0.056543827056884766,0.0022487640380859375,0,0,0
alias,101236,8192,8192,0.5,896301,20,6,4118,4124,4104,4131,1,0.00024962425231933594,0.00011110305786132812,69,0.025465548038482666,0.0004354715347290039,8190,0,0
alias,101236,8192,8192,0.5,896301,20,9,4118,4124,4104,4131,1,0.0006482601165771484,0.000270843505859375,11,0.0008986438624560833,0.0008585453033447266,8190,0,0
alias,101236,8192,8192,0.5,896301,21,3,4118,4124,4104,4131,1,0.0004407167434692383,0.00014972686767578125,74,0.00831913948059082,0.0027108192443847656,0,0,0
alias,101236,8192,8192,0.5,896301,21,1,4118,4124,4104,4131,1,0.0005707740783691406,0.000164031982421875,81,0.04423248767852783,0.0017461776733398438,0,0,0
alias,101236,8192,8192,0.5,896301,21,4,4118,4124,4104,4131,1,0.011531829833984375,0.002288818359375,33,0.04190559685230255,0.002216815948486328,8190,0,0
alias,101236,8192,8192,0.5,896301,21,5,4118,4124,4104,4131,1,0.01572418212890625,0.005126953125,28,0.09839153289794922,0.0015707015991210938,0,0,0
alias,101236,8192,8192,0.5,896301,17,3,4118,4124,4104,4131,1,0.0004820823669433594,0.00015163421630859375,82,0.015961408615112305,0.0069408416748046875,8191,0,0
alias,101236,8192,8192,0.5,896301,22,10,4118,4124,4104,4131,1,0.4971923828125,0.240234375,1,0.7452824115753174,0.0034143924713134766,4123,1,1
alias,101236,8192,8192,0.5,896301,23,4,4118,4124,4104,4131,1,0.05466461181640625,0.028564453125,9,0.2551116943359375,0.014878273010253906,0,0,0
alias,101236,8192,8192,0.5,896301,20,3,4118,4124,4104,4131,1,3.569759428501129e-05,2.4557113647460938e-05,69,0.0017438363283872604,0.0002484619617462158,8177,0,0
alias,101237,8192,8192,0.5,847571,20,7,4042,4048,4028,4055,1,0.0003561973571777344,9.870529174804688e-05,60,0.003372013568878174,0.011419296264648438,8191,0,0
alias,101237,8192,8192,0.5,847571,21,11,4042,4048,4028,4055,1,0.580078125,0.154296875,1,0.7080812454223633,0.0480499267578125,4043,1,1
alias,101237,8192,8192,0.5,847571,22,7,4042,4048,4028,4055,1,0.6934661865234375,0.671875,1,0.8551425933837891,0.005988582968711853,4042,1,1
alias,101237,8192,8192,0.5,847571,18,3,4042,4048,4028,4055,1,0.00844717025756836,0.0047607421875,33,0.11026090383529663,0.010366439819335938,8184,0,0
alias,101237,8192,8192,0.5,847571,17,10,4042,4048,4028,4055,1,0.0011992454528808594,0.0003757476806640625,92,0.13499212265014648,0.004909515380859375,0,0,0
alias,101237,8192,8192,0.5,847571,20,8,4042,4048,4028,4055,1,0.000239640474319458,0.0001678466796875,26,0.0005527951288968325,0.0007660388946533203,8190,0,0
alias,101237,8192,8192,0.5,847571,22,0,4042,4048,4028,4055,1,0.00103759765625,0.00057220458984375,23,0.009761333465576172,4.8510730266571045e-05,8191,0,0
alias,101237,8192,8192,0.5,847571,22,4,4042,4048,4028,4055,1,0.0301055908203125,0.00921630859375,13,0.0820932388305664,0.004352569580078125,8191,0,0
alias,101237,8192,8192,0.5,847571,21,0,4042,4048,4028,4055,1,0.02569580078125,0.005523681640625,6,0.06176328659057617,0.0015859603881835938,0,0,0
alias,101237,8192,8192,0.5,847571,20,6,4042,4048,4028,4055,1,0.00019213557243347168,7.82012939453125e-05,71,0.012871474027633667,0.0005397796630859375,8190,0,0
alias,101237,8192,8192,0.5,847571,20,9,4042,4048,4028,4055,1,0.00044739246368408203,0.00011873245239257812,14,0.0007291381480172276,0.0005573034286499023,8190,0,0
alias,101237,8192,8192,0.5,847571,21,3,4042,4048,4028,4055,1,0.000946044921875,0.000530242919921875,57,0.020133018493652344,0.0021576881408691406,0,0,0
alias,101237,8192,8192,0.5,847571,21,1,4042,4048,4028,4055,1,0.0007543563842773438,0.000202178955078125,80,0.06007218360900879,0.0017108917236328125,0,0,0
alias,101237,8192,8192,0.5,847571,21,4,4042,4048,4028,4055,1,0.034027099609375,0.0162353515625,11,0.09203308820724487,0.0020456314086914062,8190,0,0
alias,101237,8192,8192,0.5,847571,21,5,4042,4048,4028,4055,1,0.01476287841796875,0.00506591796875,31,0.10481405258178711,0.00185394287109375,0,0,0
alias,101237,8192,8192,0.5,847571,17,3,4042,4048,4028,4055,1,0.0010724067687988281,0.000362396240234375,69,0.029795169830322266,0.007495880126953125,8191,0,0
alias,101237,8192,8192,0.5,847571,22,10,4042,4048,4028,4055,1,0.284912109375,0.13671875,1,0.6456019878387451,0.004166126251220703,4047,1,1
alias,101237,8192,8192,0.5,847571,23,4,4042,4048,4028,4055,1,0.054073333740234375,0.0302734375,8,0.27198636531829834,0.01371622085571289,0,0,0
alias,101237,8192,8192,0.5,847571,20,3,4042,4048,4028,4055,1,7.30566680431366e-05,4.7206878662109375e-05,57,0.002477053552865982,0.0002336353063583374,8177,0,0
alias,101238,8192,8192,0.5,223928,20,7,4103,4109,4088,4116,1,0.0005799531936645508,0.000247955322265625,45,0.002568870782852173,0.011603832244873047,8191,0,0
alias,101238,8192,8192,0.5,223928,21,11,4103,4109,4088,4116,1,0.609619140625,0.1630859375,1,0.7051262855529785,0.09161376953125,4105,1,1
alias,101238,8192,8192,0.5,223928,22,7,4103,4109,4088,4116,1,0.7693028450012207,0.76171875,1,0.9170923233032227,0.007406413555145264,4103,1,1
alias,101238,8192,8192,0.5,223928,18,3,4103,4109,4088,4116,1,0.0075626373291015625,0.003082275390625,44,0.15789169073104858,0.01338958740234375,8184,0,0
alias,101238,8192,8192,0.5,223928,17,10,4103,4109,4088,4116,1,0.0010228157043457031,0.0002346038818359375,100,0.11699533462524414,0.0058193206787109375,0,0,0
alias,101238,8192,8192,0.5,223928,20,8,4103,4109,4088,4116,1,0.00017243623733520508,5.555152893066406e-05,48,0.0004952109884470701,0.0011887550354003906,8190,0,0
alias,101238,8192,8192,0.5,223928,22,0,4103,4109,4088,4116,1,0.0001398921012878418,4.172325134277344e-05,81,0.0009002536535263062,4.419684410095215e-05,8191,0,0
alias,101238,8192,8192,0.5,223928,22,4,4103,4109,4088,4116,1,0.01386260986328125,0.003936767578125,21,0.04543471336364746,0.01122283935546875,8191,0,0
alias,101238,8192,8192,0.5,223928,21,0,4103,4109,4088,4116,1,0.0191802978515625,0.004119873046875,7,0.05569028854370117,0.0019845962524414062,0,0,0
alias,101238,8192,8192,0.5,223928,20,6,4103,4109,4088,4116,1,0.00029468536376953125,0.0001430511474609375,70,0.03193177282810211,0.0010695457458496094,8190,0,0
alias,101238,8192,8192,0.5,223928,20,9,4103,4109,4088,4116,1,0.000514984130859375,0.00011777877807617188,20,0.0010921084322035313,0.0018672943115234375,8190,0,0
alias,101238,8192,8192,0.5,223928,21,3,4103,4109,4088,4116,1,0.0008149147033691406,0.000232696533203125,76,0.012196987867355347,0.0028629302978515625,0,0,0
alias,101238,8192,8192,0.5,223928,21,1,4103,4109,4088,4116,1,0.0007386207580566406,0.00016689300537109375,85,0.059771060943603516,0.0013380050659179688,0,0,0
alias,101238,8192,8192,0.5,223928,21,4,4103,4109,4088,4116,1,0.01842498779296875,0.004791259765625,26,0.06304362416267395,0.0036611557006835938,8190,0,0
alias,101238,8192,8192,0.5,223928,21,5,4103,4109,4088,4116,1,0.01294708251953125,0.00311279296875,41,0.120147705078125,0.003841400146484375,0,0,0
alias,101238,8192,8192,0.5,223928,17,3,4103,4109,4088,4116,1,0.0006146430969238281,0.000141143798828125,84,0.020030975341796875,0.010028839111328125,8191,0,0
alias,101238,8192,8192,0.5,223928,22,10,4103,4109,4088,4116,1,0.4608154296875,0.2216796875,1,0.7718068361282349,0.010143280029296875,4103,1,1
alias,101238,8192,8192,0.5,223928,23,4,4103,4109,4088,4116,1,0.03455352783203125,0.0223388671875,8,0.27604031562805176,0.015036582946777344,0,0,0
alias,101238,8192,8192,0.5,223928,20,3,4103,4109,4088,4116,1,4.195794463157654e-05,2.765655517578125e-05,72,0.0026375707238912582,0.00045609474182128906,8176,0,0
alias,101239,8192,8191,0.5,548522,20,7,4110,4116,4095,4123,1,0.0001748800277709961,4.935264587402344e-05,97,0.002262607216835022,0.014055252075195312,8190,0,0
alias,101239,8192,8191,0.5,548522,21,11,4110,4116,4095,4123,1,0.5123291015625,0.13671875,1,0.6490745544433594,0.1297607421875,4110,1,1
alias,101239,8192,8191,0.5,548522,22,7,4110,4116,4095,4123,1,0.7609529495239258,0.75,1,0.9036598205566406,0.008522704243659973,4110,1,1
alias,101239,8192,8191,0.5,548522,18,3,4110,4116,4095,4123,1,0.006337165832519531,0.0031280517578125,41,0.1634659767150879,0.015169143676757812,8183,0,0
alias,101239,8192,8191,0.5,548522,17,10,4110,4116,4095,4123,1,0.0006182193756103516,0.0001697540283203125,98,0.11259675025939941,0.0050296783447265625,0,0,0
alias,101239,8192,8191,0.5,548522,20,8,4110,4116,4095,4123,1,4.176795482635498e-05,1.430511474609375e-05,63,0.0004761193413287401,0.0012776851654052734,8189,0,0
alias,101239,8192,8191,0.5,548522,22,0,4110,4116,4095,4123,1,1.424737274646759e-05,6.556510925292969e-06,493,0.001454116776585579,4.4345855712890625e-05,8190,0,0
alias,101239,8192,8191,0.5,548522,22,4,4110,4116,4095,4123,1,0.003604888916015625,0.00102996826171875,43,0.05149698257446289,0.010738372802734375,8190,0,0
alias,101239,8192,8191,0.5,548522,21,0,4110,4116,4095,4123,1,0.01532745361328125,0.004913330078125,7,0.048459529876708984,0.0028276443481445312,0,0,0
alias,101239,8192,8191,0.5,548522,20,6,4110,4116,4095,4123,1,4.5627355575561523e-05,2.2292137145996094e-05,104,0.02776697278022766,0.0005500912666320801,0,0,0
alias,101239,8192,8191,0.5,548522,20,9,4110,4116,4095,4123,1,0.00023806095123291016,6.818771362304688e-05,23,0.0008990773931145668,0.0021477937698364258,8189,0,0
alias,101239,8192,8191,0.5,548522,21,3,4110,4116,4095,4123,1,0.0004627704620361328,0.00016117095947265625,79,0.011030793190002441,0.0029168128967285156,0,0,0
alias,101239,8192,8191,0.5,548522,21,1,4110,4116,4095,4123,1,0.00039696693420410156,0.00010061264038085938,93,0.04776740074157715,0.001949310302734375,0,0,0
alias,101239,8192,8191,0.5,548522,21,4,4110,4116,4095,4123,1,0.00789642333984375,0.0017852783203125,38,0.06117212772369385,0.003826141357421875,8189,0,0
alias,101239,8192,8191,0.5,548522,21,5,4110,4116,4095,4123,1,0.009082794189453125,0.0021514892578125,48,0.13773155212402344,0.002833843231201172,0,0,0
alias,101239,8192,8191,0.5,548522,17,3,4110,4116,4095,4123,1,0.0003840923309326172,0.00014400482177734375,83,0.018256664276123047,0.009654998779296875,8190,0,0
alias,101239,8192,8191,0.5,548522,22,10,4110,4116,4095,4123,1,0.3746337890625,0.11572265625,1,0.7127069234848022,0.008299827575683594,4110,1,1
alias,101239,8192,8191,0.5,548522,23,4,4110,4116,4095,4123,1,0.02594757080078125,0.0146484375,12,0.2418537139892578,0.017946720123291016,0,0,0
alias,101239,8192,8191,0.5,548522,20,3,4110,4116,4095,4123,1,1.611746847629547e-05,9.59634780883789e-06,87,0.004291905090212822,0.00037363171577453613,8175,0,0
alias,101240,8192,8193,0.5,890717,20,7,4063,4069,4049,4076,1,0.0012316703796386719,0.0002803802490234375,47,0.004470199346542358,0.013248443603515625,8192,0,0
alias,101240,8192,8193,0.5,890717,21,11,4063,4069,4049,4076,1,0.624755859375,0.19921875,1,0.7335720062255859,0.058349609375,4065,1,1
alias,101240,8192,8193,0.5,890717,22,7,4063,4069,4049,4076,1,0.7781982421875,0.76171875,1,0.9062254428863525,0.005069464445114136,4063,1,1
alias,101240,8192,8193,0.5,890717,18,3,4063,4069,4049,4076,1,0.008170127868652344,0.0050048828125,34,0.11859101057052612,0.01308441162109375,8185,0,0
alias,101240,8192,8193,0.5,890717,17,10,4063,4069,4049,4076,1,0.0010623931884765625,0.0003871917724609375,90,0.12631797790527344,0.00540924072265625,0,0,0
alias,101240,8192,8193,0.5,890717,20,8,4063,4069,4049,4076,1,0.00026670098304748535,0.00015163421630859375,31,0.0005368390120565891,0.0007430315017700195,8191,0,0
alias,101240,8192,8193,0.5,890717,22,0,4063,4069,4049,4076,1,0.0004263445734977722,0.00031280517578125,30,0.0377650186419487,4.228949546813965e-05,8192,0,0
alias,101240,8192,8193,0.5,890717,22,4,4063,4069,4049,4076,1,0.01332855224609375,0.0054931640625,15,0.06820130348205566,0.0059795379638671875,8192,0,0
alias,101240,8192,8193,0.5,890717,21,0,4063,4069,4049,4076,1,0.0303497314453125,0.007598876953125,5,0.06888794898986816,0.0017957687377929688,0,0,0
alias,101240,8192,8193,0.5,890717,20,6,4063,4069,4049,4076,1,0.000474393367767334,0.00022029876708984375,60,0.02110975980758667,0.0005548596382141113,8191,0,0
alias,101240,8192,8193,0.5,890717,20,9,4063,4069,4049,4076,1,0.0024471282958984375,0.0011749267578125,8,0.0030642016790807247,0.0015119314193725586,8191,0,0
alias,101240,8192,8193,0.5,890717,21,3,4063,4069,4049,4076,1,0.0010883808135986328,0.00037384033203125,63,0.02149266004562378,0.0021653175354003906,0,0,0
alias,101240,8192,8193,0.5,890717,21,1,4063,4069,4049,4076,1,0.00101470947265625,0.000347137451171875,70,0.07980728149414062,0.0014352798461914062,0,0,0
alias,101240,8192,8193,0.5,890717,21,4,4063,4069,4049,4076,1,0.01645660400390625,0.004852294921875,23,0.07168114185333252,0.002322673797607422,8191,0,0
alias,101240,8192,8193,0.5,890717,21,5,4063,4069,4049,4076,1,0.01468658447265625,0.00518798828125,31,0.1255350112915039,0.0016255378723144531,0,0,0
alias,101240,8192,8193,0.5,890717,17,3,4063,4069,4049,4076,1,0.00122833251953125,0.0003643035888671875,70,0.0334324836730957,0.007534027099609375,8192,0,0
alias,101240,8192,8193,0.5,890717,22,10,4063,4069,4049,4076,1,0.306884765625,0.0732421875,3,0.6687755584716797,0.0035080909729003906,4069,0,1
alias,101240,8192,8193,0.5,890717,23,4,4063,4069,4049,4076,1,0.038394927978515625,0.019775390625,11,0.28683900833129883,0.01287531852722168,0,0,0
alias,101240,8192,8193,0.5,890717,20,3,4063,4069,4049,4076,1,7.206201553344727e-05,4.601478576660156e-05,68,0.0044574253261089325,0.0004463493824005127,8178,0,0
alias,101241,8192,8192,0.5,184514,20,7,4085,4091,4071,4098,1,0.00017535686492919922,5.745887756347656e-05,87,0.0029378533363342285,0.012042045593261719,8191,0,0
alias,101241,8192,8192,0.5,184514,21,11,4085,4091,4071,4098,1,0.5947265625,0.166015625,1,0.7140159606933594,0.079071044921875,4087,1,1
alias,101241,8192,8192,0.5,184514,22,7,4085,4091,4071,4098,1,0.7718076705932617,0.7421875,1,0.9172096252441406,0.00378282368183136,4085,1,1
alias,101241,8192,8192,0.5,184514,18,3,4085,4091,4071,4098,1,0.00568389892578125,0.00193023681640625,50,0.12984204292297363,0.012398719787597656,8184,0,0
alias,101241,8192,8192,0.5,184514,17,10,4085,4091,4071,4098,1,0.0008108615875244141,0.00021648406982421875,93,0.11174416542053223,0.00595855712890625,0,0,0
alias,101241,8192,8192,0.5,184514,20,8,4085,4091,4071,4098,1,7.237493991851807e-05,2.47955322265625e-05,54,0.0002911050687544048,0.0007762908935546875,8190,0,0
alias,101241,8192,8192,0.5,184514,22,0,4085,4091,4071,4098,1,0.00024083629250526428,9.298324584960938e-05,46,0.001191999763250351,6.555765867233276e-05,0,0,0
alias,101241,8192,8192,0.5,184514,22,4,4085,4091,4071,4098,1,0.011081695556640625,0.003570556640625,21,0.062464237213134766,0.0066089630126953125,8191,0,0
alias,101241,8192,8192,0.5,184514,21,0,4085,4091,4071,4098,1,0.0098419189453125,0.002532958984375,11,0.03786182403564453,0.0017023086547851562,0,0,0
alias,101241,8192,8192,0.5,184514,20,6,4085,4091,4071,4098,1,0.0001971125602722168,9.584426879882812e-05,72,0.03078041970729828,0.000563502311706543,8190,0,0
alias,101241,8192,8192,0.5,184514,20,9,4085,4091,4071,4098,1,0.0004825592041015625,0.0001678466796875,16,0.0010682363063097,0.001065969467163086,8190,0,0
alias,101241,8192,8192,0.5,184514,21,3,4085,4091,4071,4098,1,0.00040289759635925293,0.00018596649169921875,76,0.014780491590499878,0.0030045509338378906,0,0,0
alias,101241,8192,8192,0.5,184514,21,1,4085,4091,4071,4098,1,0.0004317760467529297,8.344650268554688e-05,98,0.055602312088012695,0.0019168853759765625,0,0,0
alias,101241,8192,8192,0.5,184514,21,4,4085,4091,4071,4098,1,0.008096694946289062,0.0027923583984375,31,0.04768815636634827,0.0033054351806640625,8190,0,0
alias,101241,8192,8192,0.5,184514,21,5,4085,4091,4071,4098,1,0.008563995361328125,0.0025482177734375,42,0.1339430809020996,0.0022706985473632812,0,0,0
alias,101241,8192,8192,0.5,184514,17,3,4085,4091,4071,4098,1,0.0011148452758789062,0.000301361083984375,70,0.024630069732666016,0.0092315673828125,8191,0,0
alias,101241,8192,8192,0.5,184514,22,10,4085,4091,4071,4098,1,0.3065185546875,0.12451171875,2,0.6847248077392578,0.0049152374267578125,4091,0,1
alias,101241,8192,8192,0.5,184514,23,4,4085,4091,4071,4098,1,0.02254486083984375,0.011474609375,16,0.2387409210205078,0.019809722900390625,0,0,0
alias,101241,8192,8192,0.5,184514,20,3,4085,4091,4071,4098,1,7.541105151176453e-05,3.600120544433594e-05,68,0.005020741373300552,0.0004514157772064209,8177,0,0
paraphrase,201234,8192,8192,0.5,193786,20,7,4107,4113,4090,4120,1,0.0007534027099609375,0.0002689361572265625,48,0.002773880958557129,0.0214996337890625,8191,0,0
paraphrase,201234,8192,8192,0.5,193786,21,11,4107,4113,4090,4120,1,0.3223876953125,0.1328125,2,0.5010030269622803,0.12237548828125,0,0,0
paraphrase,201234,8192,8192,0.5,193786,22,7,4107,4113,4090,4120,1,0.4478154182434082,0.375,1,0.6946501135826111,0.012570321559906006,4107,1,1
paraphrase,201234,8192,8192,0.5,193786,18,3,4107,4113,4090,4120,1,0.022418975830078125,0.0118408203125,19,0.20956534147262573,0.0230255126953125,8184,0,0
paraphrase,201234,8192,8192,0.5,193786,17,10,4107,4113,4090,4120,1,0.0018310546875,0.00040435791015625,91,0.1640605926513672,0.00946044921875,0,0,0
paraphrase,201234,8192,8192,0.5,193786,20,8,4107,4113,4090,4120,1,4.394352436065674e-05,1.341104507446289e-05,47,0.0009837392717599869,0.000972747802734375,8180,0,0
paraphrase,201234,8192,8192,0.5,193786,22,0,4107,4113,4090,4120,1,0.000607416033744812,0.0003490447998046875,21,0.0025493018329143524,0.00021082162857055664,8191,0,0
paraphrase,201234,8192,8192,0.5,193786,22,4,4107,4113,4090,4120,1,0.02280426025390625,0.0091552734375,15,0.11827898025512695,0.0200347900390625,8191,0,0
paraphrase,201234,8192,8192,0.5,193786,21,0,4107,4113,4090,4120,1,0.02373504638671875,0.006011962890625,7,0.0616612434387207,0.002277374267578125,0,0,0
paraphrase,201234,8192,8192,0.5,193786,20,6,4107,4113,4090,4120,1,0.0005915164947509766,0.00023937225341796875,71,0.019503682851791382,0.0020837783813476562,8190,0,0
paraphrase,201234,8192,8192,0.5,193786,20,9,4107,4113,4090,4120,1,0.0035390853881835938,0.00141143798828125,13,0.006850379053503275,0.00560760498046875,8190,0,0
paraphrase,201234,8192,8192,0.5,193786,21,3,4107,4113,4090,4120,1,0.0004229545593261719,9.632110595703125e-05,117,0.02152252197265625,0.0063838958740234375,0,0,0
paraphrase,201234,8192,8192,0.5,193786,21,1,4107,4113,4090,4120,1,0.0006198883056640625,0.0003681182861328125,77,0.03370773792266846,0.008367538452148438,0,0,0
paraphrase,201234,8192,8192,0.5,193786,21,4,4107,4113,4090,4120,1,0.009735107421875,0.002288818359375,39,0.16470372676849365,0.0053558349609375,8190,0,0
paraphrase,201234,8192,8192,0.5,193786,21,5,4107,4113,4090,4120,1,0.02251434326171875,0.00653076171875,26,0.07766342163085938,0.002277374267578125,0,0,0
paraphrase,201234,8192,8192,0.5,193786,17,3,4107,4113,4090,4120,1,0.001382589340209961,0.000614166259765625,52,0.028247833251953125,0.017078399658203125,8191,0,0
paraphrase,201234,8192,8192,0.5,193786,22,10,4107,4113,4090,4120,1,0.2122802734375,0.05517578125,5,0.7023769617080688,0.003989219665527344,4106,0,1
paraphrase,201234,8192,8192,0.5,193786,23,4,4107,4113,4090,4120,1,0.04028797149658203,0.0201416015625,9,0.23936080932617188,0.0701751708984375,0,0,0
paraphrase,201234,8192,8192,0.5,193786,20,3,4107,4113,4090,4120,1,0.0004718601703643799,0.00021648406982421875,27,0.0034863054752349854,0.0006279945373535156,8177,0,0
paraphrase,201235,8192,8192,0.5,207278,20,7,4086,4092,4069,4099,1,0.0006494522094726562,0.000339508056640625,43,0.004995614290237427,0.011688232421875,8191,0,0
paraphrase,201235,8192,8192,0.5,207278,21,11,4086,4092,4069,4099,1,0.4046630859375,0.181640625,1,0.5960837006568909,0.089874267578125,4091,1,1
paraphrase,201235,8192,8192,0.5,207278,22,7,4086,4092,4069,4099,1,0.20792865753173828,0.158203125,3,0.6131203770637512,0.011745467782020569,4085,0,1
paraphrase,201235,8192,8192,0.5,207278,18,3,4086,4092,4069,4099,1,0.014886856079101562,0.00604248046875,24,0.17446762323379517,0.01154327392578125,8184,0,0
paraphrase,201235,8192,8192,0.5,207278,17,10,4086,4092,4069,4099,1,0.0014028549194335938,0.00042724609375,92,0.1519327163696289,0.00797271728515625,0,0,0
paraphrase,201235,8192,8192,0.5,207278,20,8,4086,4092,4069,4099,1,7.18533992767334e-05,3.457069396972656e-05,39,0.0011797533370554447,0.000500798225402832,8180,0,0
paraphrase,201235,8192,8192,0.5,207278,22,0,4086,4092,4069,4099,1,0.0006487742066383362,0.0003376007080078125,18,0.0014068782329559326,0.00014990568161010742,8191,0,0
paraphrase,201235,8192,8192,0.5,207278,22,4,4086,4092,4069,4099,1,0.0110321044921875,0.005767822265625,19,0.08200764656066895,0.015552520751953125,8191,0,0
paraphrase,201235,8192,8192,0.5,207278,21,0,4086,4092,4069,4099,1,0.0218658447265625,0.006317138671875,6,0.06854414939880371,0.0010848045349121094,0,0,0
paraphrase,201235,8192,8192,0.5,207278,20,6,4086,4092,4069,4099,1,0.0007948875427246094,0.00020694732666015625,64,0.017476797103881836,0.0017724037170410156,8190,0,0
paraphrase,201235,8192,8192,0.5,207278,20,9,4086,4092,4069,4099,1,0.004380702972412109,0.0014495849609375,10,0.007843142375349998,0.0015909671783447266,8190,0,0
paraphrase,201235,8192,8192,0.5,207278,21,3,4086,4092,4069,4099,1,0.0006783008575439453,0.0003814697265625,76,0.028931140899658203,0.0066680908203125,0,0,0
paraphrase,201235,8192,8192,0.5,207278,21,1,4086,4092,4069,4099,1,0.0011143684387207031,0.000812530517578125,54,0.05060529708862305,0.005901336669921875,0,0,0
paraphrase,201235,8192,8192,0.5,207278,21,4,4086,4092,4069,4099,1,0.014495849609375,0.0047607421875,28,0.23572063446044922,0.006293296813964844,4083,0,1
paraphrase,201235,8192,8192,0.5,207278,21,5,4086,4092,4069,4099,1,0.01927947998046875,0.0062255859375,25,0.08776092529296875,0.0019273757934570312,0,0,0
paraphrase,201235,8192,8192,0.5,207278,17,3,4086,4092,4069,4099,1,0.0024776458740234375,0.001007080078125,48,0.04408836364746094,0.011882781982421875,8191,0,0
paraphrase,201235,8192,8192,0.5,207278,22,10,4086,4092,4069,4099,1,0.11505126953125,0.0286865234375,9,0.5671004056930542,0.0027456283569335938,4085,0,1
paraphrase,201235,8192,8192,0.5,207278,23,4,4086,4092,4069,4099,1,0.042057037353515625,0.0233154296875,9,0.2844463586807251,0.06415939331054688,0,0,0
paraphrase,201235,8192,8192,0.5,207278,20,3,4086,4092,4069,4099,1,0.0004292726516723633,0.00017642974853515625,23,0.00466675590723753,0.00035631656646728516,8177,0,0
paraphrase,201236,8192,8192,0.5,331504,20,7,4093,4099,4076,4106,1,0.00138092041015625,0.00051116943359375,38,0.004758402705192566,0.01149749755859375,8191,0,0
paraphrase,201236,8192,8192,0.5,331504,21,11,4093,4099,4076,4106,1,0.44482421875,0.115234375,2,0.608051061630249,0.07134246826171875,0,0,0
paraphrase,201236,8192,8192,0.5,331504,22,7,4093,4099,4076,4106,1,0.34587574005126953,0.318359375,1,0.7084004878997803,0.006431423127651215,4093,1,1
paraphrase,201236,8192,8192,0.5,331504,18,3,4093,4099,4076,4106,1,0.01732635498046875,0.005645751953125,25,0.17860299348831177,0.01105499267578125,8184,0,0
paraphrase,201236,8192,8192,0.5,331504,17,10,4093,4099,4076,4106,1,0.0018033981323242188,0.0004367828369140625,94,0.15152835845947266,0.008846282958984375,0,0,0
paraphrase,201236,8192,8192,0.5,331504,20,8,4093,4099,4076,4106,1,6.546080112457275e-05,1.7404556274414062e-05,47,0.0008832818130031228,0.0010085105895996094,8180,0,0
paraphrase,201236,8192,8192,0.5,331504,22,0,4093,4099,4076,4106,1,4.5433640480041504e-05,1.3768672943115234e-05,349,0.0017869845032691956,0.00021717697381973267,8191,0,0
paraphrase,201236,8192,8192,0.5,331504,22,4,4093,4099,4076,4106,1,0.008123397827148438,0.0024261474609375,26,0.1105196475982666,0.012150764465332031,8191,0,0
paraphrase,201236,8192,8192,0.5,331504,21,0,4093,4099,4076,4106,1,0.02001190185546875,0.007049560546875,4,0.06486296653747559,0.0013365745544433594,0,0,0
paraphrase,201236,8192,8192,0.5,331504,20,6,4093,4099,4076,4106,1,0.0009021759033203125,0.00029754638671875,61,0.01817581057548523,0.0028076171875,8190,0,0
paraphrase,201236,8192,8192,0.5,331504,20,9,4093,4099,4076,4106,1,0.009387969970703125,0.003570556640625,9,0.012475952506065369,0.0032716989517211914,8190,0,0
paraphrase,201236,8192,8192,0.5,331504,21,3,4093,4099,4076,4106,1,0.0005979537963867188,0.00017547607421875,99,0.02187633514404297,0.008087158203125,0,0,0
paraphrase,201236,8192,8192,0.5,331504,21,1,4093,4099,4076,4106,1,0.001664876937866211,0.001220703125,46,0.03653419017791748,0.0071887969970703125,0,0,0
paraphrase,201236,8192,8192,0.5,331504,21,4,4093,4099,4076,4106,1,0.014072418212890625,0.003997802734375,24,0.1649249792098999,0.005736351013183594,8190,0,0
paraphrase,201236,8192,8192,0.5,331504,21,5,4093,4099,4076,4106,1,0.0255279541015625,0.0078125,20,0.09665489196777344,0.002407073974609375,0,0,0
paraphrase,201236,8192,8192,0.5,331504,17,3,4093,4099,4076,4106,1,0.0012264251708984375,0.0003643035888671875,66,0.034737586975097656,0.009532928466796875,8191,0,0
paraphrase,201236,8192,8192,0.5,331504,22,10,4093,4099,4076,4106,1,0.1400146484375,0.0289306640625,7,0.6196907758712769,0.0021021366119384766,4092,0,1
paraphrase,201236,8192,8192,0.5,331504,23,4,4093,4099,4076,4106,1,0.034023284912109375,0.0269775390625,8,0.285815954208374,0.05129814147949219,0,0,0
paraphrase,201236,8192,8192,0.5,331504,20,3,4093,4099,4076,4106,1,0.0002773702144622803,0.00014495849609375,27,0.004273056052625179,0.00040340423583984375,8177,0,0
paraphrase,201237,8192,8191,0.5,888821,20,7,4089,4095,4072,4102,1,0.0009403228759765625,0.00022220611572265625,52,0.0038040578365325928,0.0108795166015625,8190,0,0
paraphrase,201237,8192,8191,0.5,888821,21,11,4089,4095,4072,4102,1,0.4620361328125,0.11279296875,2,0.6059513092041016,0.058441162109375,0,0,0
paraphrase,201237,8192,8191,0.5,888821,22,7,4089,4095,4072,4102,1,0.3333611488342285,0.314453125,1,0.6566917896270752,0.007598459720611572,4089,1,1
paraphrase,201237,8192,8191,0.5,888821,18,3,4089,4095,4072,4102,1,0.014986038208007812,0.007659912109375,22,0.16711735725402832,0.0103759765625,8183,0,0
paraphrase,201237,8192,8191,0.5,888821,17,10,4089,4095,4072,4102,1,0.0019130706787109375,0.00043487548828125,94,0.13071632385253906,0.01053619384765625,0,0,0
paraphrase,201237,8192,8191,0.5,888821,20,8,4089,4095,4072,4102,1,5.916506052017212e-05,2.7060508728027344e-05,44,0.0011098134564235806,0.00122833251953125,8179,0,0
paraphrase,201237,8192,8191,0.5,888821,22,0,4089,4095,4072,4102,1,5.027651786804199e-05,3.528594970703125e-05,136,0.0013022273778915405,0.00010497123003005981,8190,0,0
paraphrase,201237,8192,8191,0.5,888821,22,4,4089,4095,4072,4102,1,0.005767822265625,0.0017547607421875,28,0.06999969482421875,0.007777214050292969,8190,0,0
paraphrase,201237,8192,8191,0.5,888821,21,0,4089,4095,4072,4102,1,0.02056884765625,0.004547119140625,12,0.06778037548065186,0.0016222000122070312,0,0,0
paraphrase,201237,8192,8191,0.5,888821,20,6,4089,4095,4072,4102,1,0.0005115270614624023,0.0002002716064453125,70,0.01618875563144684,0.0035791397094726562,8189,0,0
paraphrase,201237,8192,8191,0.5,888821,20,9,4089,4095,4072,4102,1,0.008812904357910156,0.003875732421875,9,0.01298599038273096,0.003147125244140625,8189,0,0
paraphrase,201237,8192,8191,0.5,888821,21,3,4089,4095,4072,4102,1,0.0004901885986328125,0.00011205673217773438,104,0.029419660568237305,0.00494384765625,0,0,0
paraphrase,201237,8192,8191,0.5,888821,21,1,4089,4095,4072,4102,1,0.0008717775344848633,0.0003662109375,81,0.031159520149230957,0.00415802001953125,0,0,0
paraphrase,201237,8192,8191,0.5,888821,21,4,4089,4095,4072,4102,1,0.016139984130859375,0.00469970703125,22,0.16881054639816284,0.00753021240234375,8189,0,0
paraphrase,201237,8192,8191,0.5,888821,21,5,4089,4095,4072,4102,1,0.029693603515625,0.010009765625,14,0.08817625045776367,0.0020151138305664062,0,0,0
paraphrase,201237,8192,8191,0.5,888821,17,3,4089,4095,4072,4102,1,0.0018701553344726562,0.000835418701171875,48,0.035956382751464844,0.009952545166015625,8190,0,0
paraphrase,201237,8192,8191,0.5,888821,22,10,4089,4095,4072,4102,1,0.1226043701171875,0.041259765625,7,0.5658581256866455,0.002532482147216797,0,0,0
paraphrase,201237,8192,8191,0.5,888821,23,4,4089,4095,4072,4102,1,0.036724090576171875,0.0213623046875,9,0.22689855098724365,0.04501533508300781,0,0,0
paraphrase,201237,8192,8191,0.5,888821,20,3,4089,4095,4072,4102,1,0.0003602355718612671,0.00018787384033203125,28,0.005985155235975981,0.0006201267242431641,8176,0,0
paraphrase,201238,8192,8192,0.5,987809,20,7,4084,4090,4067,4097,1,0.0007842779159545898,0.0003376007080078125,47,0.0044761598110198975,0.00872039794921875,8191,0,0
paraphrase,201238,8192,8192,0.5,987809,21,11,4084,4090,4067,4097,1,0.596923828125,0.1650390625,1,0.7511081099510193,0.019525527954101562,4089,1,1
paraphrase,201238,8192,8192,0.5,987809,22,7,4084,4090,4067,4097,1,0.466064453125,0.41015625,1,0.6912298202514648,0.0021354109048843384,4084,1,1
paraphrase,201238,8192,8192,0.5,987809,18,3,4084,4090,4067,4097,1,0.010097503662109375,0.005859375,25,0.13632634282112122,0.009429931640625,8184,0,0
paraphrase,201238,8192,8192,0.5,987809,17,10,4084,4090,4067,4097,1,0.0013513565063476562,0.0003452301025390625,94,0.14226245880126953,0.007080078125,0,0,0
paraphrase,201238,8192,8192,0.5,987809,20,8,4084,4090,4067,4097,1,9.350478649139404e-05,3.409385681152344e-05,45,0.0017319972394034266,0.0013051033020019531,8180,0,0
paraphrase,201238,8192,8192,0.5,987809,22,0,4084,4090,4067,4097,1,0.0005860328674316406,0.00017070770263671875,32,0.001909259706735611,0.00011560320854187012,8191,0,0
paraphrase,201238,8192,8192,0.5,987809,22,4,4084,4090,4067,4097,1,0.012601375579833984,0.0089111328125,13,0.08180117607116699,0.010955810546875,8191,0,0
paraphrase,201238,8192,8192,0.5,987809,21,0,4084,4090,4067,4097,1,0.04034423828125,0.0086669921875,5,0.08956819772720337,0.00058746337890625,0,0,0
paraphrase,201238,8192,8192,0.5,987809,20,6,4084,4090,4067,4097,1,0.0011212825775146484,0.00034332275390625,61,0.019770801067352295,0.003116607666015625,8190,0,0
paraphrase,201238,8192,8192,0.5,987809,20,9,4084,4090,4067,4097,1,0.03252410888671875,0.018310546875,6,0.0406014584004879,0.0023984909057617188,8190,0,0
paraphrase,201238,8192,8192,0.5,987809,21,3,4084,4090,4067,4097,1,0.00028228759765625,8.392333984375e-05,127,0.029753923416137695,0.004390716552734375,0,0,0
paraphrase,201238,8192,8192,0.5,987809,21,1,4084,4090,4067,4097,1,0.001708984375,0.001007080078125,52,0.06575322151184082,0.0038809776306152344,0,0,0
paraphrase,201238,8192,8192,0.5,987809,21,4,4084,4090,4067,4097,1,0.022228240966796875,0.00946044921875,16,0.18476641178131104,0.003488302230834961,8190,0,0
paraphrase,201238,8192,8192,0.5,987809,21,5,4084,4090,4067,4097,1,0.040985107421875,0.0106201171875,13,0.09853458404541016,0.0011303424835205078,0,0,0
paraphrase,201238,8192,8192,0.5,987809,17,3,4084,4090,4067,4097,1,0.0027246475219726562,0.00098419189453125,43,0.045320987701416016,0.006927490234375,8191,0,0
paraphrase,201238,8192,8192,0.5,987809,22,10,4084,4090,4067,4097,1,0.12139892578125,0.037841796875,7,0.5349280834197998,0.0010465383529663086,0,0,0
paraphrase,201238,8192,8192,0.5,987809,23,4,4084,4090,4067,4097,1,0.0499420166015625,0.024658203125,6,0.2652702331542969,0.013875961303710938,0,0,0
paraphrase,201238,8192,8192,0.5,987809,20,3,4084,4090,4067,4097,1,0.0008210092782974243,0.0004062652587890625,21,0.006832771468907595,0.0005991458892822266,8177,0,0
paraphrase,201239,8192,8192,0.5,845811,20,7,4128,4134,4111,4141,1,0.0003323554992675781,8.0108642578125e-05,104,0.0033700168132781982,0.01171875,8191,0,0
paraphrase,201239,8192,8192,0.5,845811,21,11,4128,4134,4111,4141,1,0.393310546875,0.09912109375,2,0.5684473514556885,0.058990478515625,0,0,0
paraphrase,201239,8192,8192,0.5,845811,22,7,4128,4134,4111,4141,1,0.2989006042480469,0.28125,1,0.5666911602020264,0.011484086513519287,4128,1,1
paraphrase,201239,8192,8192,0.5,845811,18,3,4128,4134,4111,4141,1,0.021846771240234375,0.01275634765625,19,0.21725726127624512,0.012310028076171875,8184,0,0
paraphrase,201239,8192,8192,0.5,845811,17,10,4128,4134,4111,4141,1,0.000946044921875,0.0002593994140625,94,0.1563282012939453,0.00824737548828125,0,0,0
paraphrase,201239,8192,8192,0.5,845811,20,8,4128,4134,4111,4141,1,4.565343260765076e-05,2.1219253540039062e-05,45,0.0005440638633444905,0.0009329319000244141,8180,0,0
paraphrase,201239,8192,8192,0.5,845811,22,0,4128,4134,4111,4141,1,1.609697937965393e-05,8.52346420288086e-06,513,0.0007523931562900543,7.80448317527771e-05,8191,0,0
paraphrase,201239,8192,8192,0.5,845811,22,4,4128,4134,4111,4141,1,0.0062427520751953125,0.0023651123046875,25,0.06704163551330566,0.007905960083007812,8191,0,0
paraphrase,201239,8192,8192,0.5,845811,21,0,4128,4134,4111,4141,1,0.026824951171875,0.006103515625,6,0.06861138343811035,0.0012989044189453125,0,0,0
paraphrase,201239,8192,8192,0.5,845811,20,6,4128,4134,4111,4141,1,0.0005128383636474609,0.000179290771484375,72,0.010772272944450378,0.002811431884765625,8190,0,0
paraphrase,201239,8192,8192,0.5,845811,20,9,4128,4134,4111,4141,1,0.004041194915771484,0.0013427734375,12,0.007265143096446991,0.0021467208862304688,8190,0,0
paraphrase,201239,8192,8192,0.5,845811,21,3,4128,4134,4111,4141,1,0.0001226663589477539,4.3392181396484375e-05,199,0.012983202934265137,0.00588226318359375,0,0,0
paraphrase,201239,8192,8192,0.5,845811,21,1,4128,4134,4111,4141,1,0.0006730556488037109,0.00030517578125,82,0.027153611183166504,0.0038862228393554688,0,0,0
paraphrase,201239,8192,8192,0.5,845811,21,4,4128,4134,4111,4141,1,0.012622833251953125,0.003936767578125,30,0.10984915494918823,0.007244110107421875,8190,0,0
paraphrase,201239,8192,8192,0.5,845811,21,5,4128,4134,4111,4141,1,0.025604248046875,0.005096435546875,32,0.08164024353027344,0.0016269683837890625,0,0,0
paraphrase,201239,8192,8192,0.5,845811,17,3,4128,4134,4111,4141,1,0.0018239021301269531,0.000782012939453125,49,0.025942325592041016,0.00884246826171875,8191,0,0
paraphrase,201239,8192,8192,0.5,845811,22,10,4128,4134,4111,4141,1,0.1903076171875,0.060791015625,6,0.6229976415634155,0.004940509796142578,4127,0,1
paraphrase,201239,8192,8192,0.5,845811,23,4,4128,4134,4111,4141,1,0.05272340774536133,0.0322265625,7,0.2533787488937378,0.05323982238769531,0,0,0
paraphrase,201239,8192,8192,0.5,845811,20,3,4128,4134,4111,4141,1,0.00048644840717315674,0.0002574920654296875,22,0.0040711392648518085,0.0003437995910644531,8177,0,0
paraphrase,201240,8192,8191,0.5,825220,20,7,4045,4051,4028,4058,1,0.0010873079299926758,0.000514984130859375,36,0.004135757684707642,0.009613037109375,8190,0,0
paraphrase,201240,8192,8191,0.5,825220,21,11,4045,4051,4028,4058,1,0.367919921875,0.07861328125,2,0.5574625730514526,0.0397186279296875,0,0,0
paraphrase,201240,8192,8191,0.5,825220,22,7,4045,4051,4028,4058,1,0.30667877197265625,0.283203125,1,0.5957075357437134,0.010837212204933167,4045,1,1
paraphrase,201240,8192,8191,0.5,825220,18,3,4045,4051,4028,4058,1,0.02004241943359375,0.0101318359375,19,0.13371044397354126,0.012420654296875,8183,0,0
paraphrase,201240,8192,8191,0.5,825220,17,10,4045,4051,4028,4058,1,0.002452850341796875,0.000690460205078125,89,0.16753768920898438,0.0066375732421875,0,0,0
paraphrase,201240,8192,8191,0.5,825220,20,8,4045,4051,4028,4058,1,0.00012709200382232666,4.1484832763671875e-05,38,0.0015343220438808203,0.0008890628814697266,8179,0,0
paraphrase,201240,8192,8191,0.5,825220,22,0,4045,4051,4028,4058,1,0.0033721923828125,0.000881195068359375,19,0.03567647933959961,0.00010957568883895874,8190,0,0
paraphrase,201240,8192,8191,0.5,825220,22,4,4045,4051,4028,4058,1,0.0323638916015625,0.01806640625,9,0.1794571876525879,0.01055908203125,8190,0,0
paraphrase,201240,8192,8191,0.5,825220,21,0,4045,4051,4028,4058,1,0.0347747802734375,0.007720947265625,6,0.07775676250457764,0.000843048095703125,0,0,0
paraphrase,201240,8192,8191,0.5,825220,20,6,4045,4051,4028,4058,1,0.0007767677307128906,0.0002498626708984375,56,0.019188642501831055,0.0020499229431152344,8189,0,0
paraphrase,201240,8192,8191,0.5,825220,20,9,4045,4051,4028,4058,1,0.0065364837646484375,0.00274658203125,10,0.010694464668631554,0.0013446807861328125,8189,0,0
paraphrase,201240,8192,8191,0.5,825220,21,3,4045,4051,4028,4058,1,0.0012903213500976562,0.000400543212890625,77,0.04059267044067383,0.0051822662353515625,0,0,0
paraphrase,201240,8192,8191,0.5,825220,21,1,4045,4051,4028,4058,1,0.0014739036560058594,0.000789642333984375,52,0.03160285949707031,0.005110740661621094,0,0,0
paraphrase,201240,8192,8191,0.5,825220,21,4,4045,4051,4028,4058,1,0.0495452880859375,0.0194091796875,12,0.2668769359588623,0.0048847198486328125,4042,0,1
paraphrase,201240,8192,8191,0.5,825220,21,5,4045,4051,4028,4058,1,0.02361297607421875,0.006591796875,23,0.080322265625,0.0013327598571777344,0,0,0
paraphrase,201240,8192,8191,0.5,825220,17,3,4045,4051,4028,4058,1,0.0028562545776367188,0.0012054443359375,41,0.04857969284057617,0.008579254150390625,8190,0,0
paraphrase,201240,8192,8191,0.5,825220,22,10,4045,4051,4028,4058,1,0.131744384765625,0.04052734375,6,0.6662272214889526,0.002886056900024414,4044,0,1
paraphrase,201240,8192,8191,0.5,825220,23,4,4045,4051,4028,4058,1,0.0733795166015625,0.042236328125,5,0.2802276611328125,0.06123971939086914,0,0,0
paraphrase,201240,8192,8191,0.5,825220,20,3,4045,4051,4028,4058,1,0.0026328563690185547,0.00154876708984375,15,0.00878769252449274,0.00036638975143432617,8176,0,0
paraphrase,201241,8192,8192,0.5,844590,20,7,4108,4114,4091,4121,1,0.0010533332824707031,0.000453948974609375,37,0.002987414598464966,0.01421356201171875,8191,0,0
paraphrase,201241,8192,8192,0.5,844590,21,11,4108,4114,4091,4121,1,0.3740234375,0.11181640625,2,0.5147108435630798,0.099212646484375,0,0,0
paraphrase,201241,8192,8192,0.5,844590,22,7,4108,4114,4091,4121,1,0.27116966247558594,0.2578125,1,0.6047148704528809,0.00623282790184021,4108,1,1
paraphrase,201241,8192,8192,0.5,844590,18,3,4108,4114,4091,4121,1,0.020841598510742188,0.008544921875,22,0.1722170114517212,0.01152801513671875,8184,0,0
paraphrase,201241,8192,8192,0.5,844590,17,10,4108,4114,4091,4121,1,0.002017974853515625,0.0005950927734375,85,0.1557483673095703,0.00818634033203125,0,0,0
paraphrase,201241,8192,8192,0.5,844590,20,8,4108,4114,4091,4121,1,4.903972148895264e-05,1.8835067749023438e-05,47,0.0006557715823873878,0.0010570287704467773,8180,0,0
paraphrase,201241,8192,8192,0.5,844590,22,0,4108,4114,4091,4121,1,0.00037556886672973633,0.0002765655517578125,26,0.0034686848521232605,0.00011861324310302734,0,0,0
paraphrase,201241,8192,8192,0.5,844590,22,4,4108,4114,4091,4121,1,0.011402130126953125,0.00634765625,16,0.08319538831710815,0.010405540466308594,8191,0,0
paraphrase,201241,8192,8192,0.5,844590,21,0,4108,4114,4091,4121,1,0.0208892822265625,0.004791259765625,6,0.05616283416748047,0.0013799667358398438,0,0,0
paraphrase,201241,8192,8192,0.5,844590,20,6,4108,4114,4091,4121,1,0.0004589557647705078,0.00014781951904296875,69,0.014136552810668945,0.0018963813781738281,8190,0,0
paraphrase,201241,8192,8192,0.5,844590,20,9,4108,4114,4091,4121,1,0.0038595199584960938,0.00153350830078125,12,0.006785790901631117,0.002277374267578125,8190,0,0
paraphrase,201241,8192,8192,0.5,844590,21,3,4108,4114,4091,4121,1,0.00037407875061035156,0.0001087188720703125,110,0.023107409477233887,0.0041446685791015625,0,0,0
paraphrase,201241,8192,8192,0.5,844590,21,1,4108,4114,4091,4121,1,0.0011191368103027344,0.000652313232421875,60,0.031572818756103516,0.005751609802246094,0,0,0
paraphrase,201241,8192,8192,0.5,844590,21,4,4108,4114,4091,4121,1,0.016384124755859375,0.006317138671875,24,0.15172433853149414,0.0077266693115234375,8190,0,0
paraphrase,201241,8192,8192,0.5,844590,21,5,4108,4114,4091,4121,1,0.0276641845703125,0.006683349609375,20,0.08185768127441406,0.00302886962890625,0,0,0
paraphrase,201241,8192,8192,0.5,844590,17,3,4108,4114,4091,4121,1,0.002206087112426758,0.000919342041015625,45,0.028113365173339844,0.01470184326171875,8191,0,0
paraphrase,201241,8192,8192,0.5,844590,22,10,4108,4114,4091,4121,1,0.111572265625,0.0341796875,8,0.5554401874542236,0.010506153106689453,0,0,0
paraphrase,201241,8192,8192,0.5,844590,23,4,4108,4114,4091,4121,1,0.030748367309570312,0.021484375,10,0.24675273895263672,0.038248300552368164,0,0,0
paraphrase,201241,8192,8192,0.5,844590,20,3,4108,4114,4091,4121,1,0.0003775358200073242,0.000202178955078125,25,0.0029215579852461815,0.0004665851593017578,8177,0,0
relational,301234,8192,8192,0.5,994066,20,7,4047,4053,4027,4060,1,0.0008749961853027344,0.0003833770751953125,41,0.00378621369600296,0.003579258918762207,8191,0,0
relational,301234,8192,8192,0.5,994066,21,11,4047,4053,4027,4060,1,0.49609375,0.1796875,1,0.6592583656311035,0.10968017578125,4048,1,1
relational,301234,8192,8192,0.5,994066,22,7,4047,4053,4027,4060,1,0.6771087646484375,0.66796875,1,0.8747076392173767,0.012903369963169098,4047,1,1
relational,301234,8192,8192,0.5,994066,18,3,4047,4053,4027,4060,1,0.0008262395858764648,0.00040435791015625,83,0.09619200229644775,0.0074045658111572266,8184,0,0
relational,301234,8192,8192,0.5,994066,17,10,4047,4053,4027,4060,1,0.0008368492126464844,0.00024127960205078125,104,0.12930536270141602,0.0037288665771484375,0,0,0
relational,301234,8192,8192,0.5,994066,20,8,4047,4053,4027,4060,1,2.707540988922119e-05,1.2278556823730469e-05,51,0.00011995922250207514,0.0012371540069580078,8175,0,0
relational,301234,8192,8192,0.5,994066,22,0,4047,4053,4027,4060,1,0.003949642181396484,0.001190185546875,19,0.053125858306884766,6.777048110961914e-05,0,0,0
relational,301234,8192,8192,0.5,994066,22,4,4047,4053,4027,4060,1,0.0654144287109375,0.031982421875,7,0.35158348083496094,0.010936737060546875,8184,0,0
relational,301234,8192,8192,0.5,994066,21,0,4047,4053,4027,4060,1,0.012714385986328125,0.0037994384765625,5,0.03710651397705078,0.0011091232299804688,0,0,0
relational,301234,8192,8192,0.5,994066,20,6,4047,4053,4027,4060,1,0.00021791458129882812,8.20159912109375e-05,82,0.00942923128604889,0.0003096461296081543,8190,0,0
relational,301234,8192,8192,0.5,994066,20,9,4047,4053,4027,4060,1,0.0023679733276367188,0.00154876708984375,11,0.00374470092356205,0.0013926029205322266,8190,0,0
relational,301234,8192,8192,0.5,994066,21,3,4047,4053,4027,4060,1,0.0009391307830810547,0.0003871917724609375,74,0.018886804580688477,0.00188446044921875,0,0,0
relational,301234,8192,8192,0.5,994066,21,1,4047,4053,4027,4060,1,0.00044083595275878906,0.00012111663818359375,94,0.03109145164489746,0.001092672348022461,0,0,0
relational,301234,8192,8192,0.5,994066,21,4,4047,4053,4027,4060,1,0.0371856689453125,0.00787353515625,16,0.1060866117477417,0.0041179656982421875,0,0,0
relational,301234,8192,8192,0.5,994066,21,5,4047,4053,4027,4060,1,0.049591064453125,0.0130615234375,10,0.2678842544555664,0.0026655197143554688,0,0,0
relational,301234,8192,8192,0.5,994066,17,3,4047,4053,4027,4060,1,0.0004248619079589844,0.00012493133544921875,93,0.03484225273132324,0.0054988861083984375,8191,0,0
relational,301234,8192,8192,0.5,994066,22,10,4047,4053,4027,4060,1,0.33721923828125,0.13671875,1,0.6868963241577148,0.007502555847167969,4048,1,1
relational,301234,8192,8192,0.5,994066,23,4,4047,4053,4027,4060,1,0.03308868408203125,0.0257568359375,5,0.1901233196258545,0.012683868408203125,0,0,0
relational,301234,8192,8192,0.5,994066,20,3,4047,4053,4027,4060,1,6.28940761089325e-05,4.124641418457031e-05,60,0.002620585262775421,0.000666201114654541,8175,0,0
relational,301235,8192,8192,0.5,726316,20,7,4087,4093,4069,4100,1,0.00038874149322509766,0.00011301040649414062,64,0.0032338201999664307,0.004366874694824219,8191,0,0
relational,301235,8192,8192,0.5,726316,21,11,4087,4093,4069,4100,1,0.47509765625,0.1171875,1,0.6047153472900391,0.176025390625,4089,1,1
relational,301235,8192,8192,0.5,726316,22,7,4087,4093,4069,4100,1,0.6592683792114258,0.65625,1,0.8895692825317383,0.006630852818489075,4087,1,1
relational,301235,8192,8192,0.5,726316,18,3,4087,4093,4069,4100,1,0.0033164024353027344,0.0022735595703125,53,0.11803066730499268,0.012178421020507812,8184,0,0
relational,301235,8192,8192,0.5,726316,17,10,4087,4093,4069,4100,1,0.0005581378936767578,0.0002117156982421875,103,0.10024094581604004,0.005245208740234375,0,0,0
relational,301235,8192,8192,0.5,726316,20,8,4087,4093,4069,4100,1,5.813688039779663e-05,2.1457672119140625e-05,51,0.00014663691399618983,0.0023071765899658203,8175,0,0
relational,301235,8192,8192,0.5,726316,22,0,4087,4093,4069,4100,1,0.00038484856486320496,0.0002460479736328125,26,0.001674901694059372,6.091594696044922e-05,0,0,0
relational,301235,8192,8192,0.5,726316,22,4,4087,4093,4069,4100,1,0.0050258636474609375,0.00286865234375,34,0.08431577682495117,0.014310836791992188,8191,0,0
relational,301235,8192,8192,0.5,726316,21,0,4087,4093,4069,4100,1,0.0068073272705078125,0.0034942626953125,10,0.03188133239746094,0.002567291259765625,0,0,0
relational,301235,8192,8192,0.5,726316,20,6,4087,4093,4069,4100,1,0.0002741813659667969,0.00017070770263671875,64,0.014011062681674957,0.0002887845039367676,10,0,0
relational,301235,8192,8192,0.5,726316,20,9,4087,4093,4069,4100,1,0.0011920928955078125,0.0004291534423828125,18,0.0022521805949509144,0.00638270378112793,8190,0,0
relational,301235,8192,8192,0.5,726316,21,3,4087,4093,4069,4100,1,0.00045365095138549805,0.00018787384033203125,80,0.017215311527252197,0.0033082962036132812,0,0,0
relational,301235,8192,8192,0.5,726316,21,1,4087,4093,4069,4100,1,0.0005269050598144531,0.00013446807861328125,96,0.03818237781524658,0.0025577545166015625,0,0,0
relational,301235,8192,8192,0.5,726316,21,4,4087,4093,4069,4100,1,0.014034271240234375,0.005523681640625,26,0.07549786567687988,0.00881195068359375,0,0,0
relational,301235,8192,8192,0.5,726316,21,5,4087,4093,4069,4100,1,0.019500732421875,0.005950927734375,26,0.304074764251709,0.0050258636474609375,0,0,0
relational,301235,8192,8192,0.5,726316,17,3,4087,4093,4069,4100,1,0.0008409023284912109,0.00030517578125,78,0.024344921112060547,0.00701904296875,8191,0,0
relational,301235,8192,8192,0.5,726316,22,10,4087,4093,4069,4100,1,0.364501953125,0.16015625,2,0.7403087615966797,0.006626129150390625,4086,0,1
relational,301235,8192,8192,0.5,726316,23,4,4087,4093,4069,4100,1,0.028406143188476562,0.0218505859375,7,0.19861507415771484,0.012256622314453125,0,0,0
relational,301235,8192,8192,0.5,726316,20,3,4087,4093,4069,4100,1,2.6112422347068787e-05,1.7523765563964844e-05,69,0.003526632906869054,0.0007700324058532715,8175,0,0
relational,301236,8192,8192,0.5,708819,20,7,4124,4130,4106,4137,1,0.00021767616271972656,5.793571472167969e-05,98,0.0017023123800754547,0.00371551513671875,8191,0,0
relational,301236,8192,8192,0.5,708819,21,11,4124,4130,4106,4137,1,0.489501953125,0.11083984375,2,0.6150355339050293,0.139923095703125,0,0,0
relational,301236,8192,8192,0.5,708819,22,7,4124,4130,4106,4137,1,0.685759961605072,0.68359375,1,0.9013985991477966,0.008629836142063141,4124,1,1
relational,301236,8192,8192,0.5,708819,18,3,4124,4130,4106,4137,1,0.0017650127410888672,0.00116729736328125,68,0.12744617462158203,0.008253097534179688,8184,0,0
relational,301236,8192,8192,0.5,708819,17,10,4124,4130,4106,4137,1,0.0003770589828491211,0.00014591217041015625,103,0.11484992504119873,0.0042972564697265625,0,0,0
relational,301236,8192,8192,0.5,708819,20,8,4124,4130,4106,4137,1,2.1323561668395996e-05,1.1146068572998047e-05,61,0.00010168596054427326,0.002335667610168457,8175,0,0
relational,301236,8192,8192,0.5,708819,22,0,4124,4130,4106,4137,1,2.537854015827179e-05,1.7642974853515625e-05,223,0.0019723642617464066,4.304945468902588e-05,0,0,0
relational,301236,8192,8192,0.5,708819,22,4,4124,4130,4106,4137,1,0.0049381256103515625,0.0021820068359375,31,0.07502079010009766,0.010955810546875,8191,0,0
relational,301236,8192,8192,0.5,708819,21,0,4124,4130,4106,4137,1,0.008453369140625,0.0035858154296875,11,0.03868734836578369,0.0020732879638671875,0,0,0
relational,301236,8192,8192,0.5,708819,20,6,4124,4130,4106,4137,1,0.00016158819198608398,0.00010824203491210938,71,0.015315305441617966,0.0001353919506072998,10,0,0
relational,301236,8192,8192,0.5,708819,20,9,4124,4130,4106,4137,1,0.0004749298095703125,0.0002155303955078125,20,0.0018770615570247173,0.0034856796264648438,8190,0,0
relational,301236,8192,8192,0.5,708819,21,3,4124,4130,4106,4137,1,0.000307232141494751,0.0001087188720703125,87,0.009728223085403442,0.002803802490234375,0,0,0
relational,301236,8192,8192,0.5,708819,21,1,4124,4130,4106,4137,1,0.0003031492233276367,9.870529174804688e-05,97,0.030447036027908325,0.0017213821411132812,0,0,0
relational,301236,8192,8192,0.5,708819,21,4,4124,4130,4106,4137,1,0.01497650146484375,0.004150390625,29,0.08442142605781555,0.006183624267578125,0,0,0
relational,301236,8192,8192,0.5,708819,21,5,4124,4130,4106,4137,1,0.0288238525390625,0.0084228515625,16,0.30446624755859375,0.002025127410888672,0,0,0
relational,301236,8192,8192,0.5,708819,17,3,4124,4130,4106,4137,1,0.00016075372695922852,4.315376281738281e-05,99,0.017035067081451416,0.0064640045166015625,8191,0,0
relational,301236,8192,8192,0.5,708819,22,10,4124,4130,4106,4137,1,0.4251251220703125,0.2177734375,1,0.7756742835044861,0.0064313411712646484,4124,1,1
relational,301236,8192,8192,0.5,708819,23,4,4124,4130,4106,4137,1,0.03999805450439453,0.0286865234375,5,0.1849229335784912,0.009357929229736328,0,0,0
relational,301236,8192,8192,0.5,708819,20,3,4124,4130,4106,4137,1,1.4377757906913757e-05,8.881092071533203e-06,74,0.0017543573630973697,0.000620722770690918,8175,0,0
relational,301237,8192,8192,0.5,227126,20,7,4069,4075,4049,4082,1,0.00034427642822265625,0.00014209747314453125,59,0.004267603158950806,0.003069281578063965,8191,0,0
relational,301237,8192,8192,0.5,227126,21,11,4069,4075,4049,4082,1,0.5009765625,0.1123046875,2,0.66058349609375,0.10711669921875,0,0,0
relational,301237,8192,8192,0.5,227126,22,7,4069,4075,4049,4082,1,0.4997882843017578,0.49609375,1,0.8794801235198975,0.005645088851451874,4069,1,1
relational,301237,8192,8192,0.5,227126,18,3,4069,4075,4049,4082,1,0.0011521577835083008,0.000576019287109375,78,0.07671302556991577,0.0100860595703125,8184,0,0
relational,301237,8192,8192,0.5,227126,17,10,4069,4075,4049,4082,1,0.0006558895111083984,0.00021457672119140625,106,0.11626505851745605,0.004009246826171875,0,0,0
relational,301237,8192,8192,0.5,227126,20,8,4069,4075,4049,4082,1,5.123019218444824e-05,1.3768672943115234e-05,57,0.0002270791883347556,0.0017218589782714844,8175,0,0
relational,301237,8192,8192,0.5,227126,22,0,4069,4075,4049,4082,1,0.00010704994201660156,3.6716461181640625e-05,162,0.02314925193786621,5.2228569984436035e-05,0,0,0
relational,301237,8192,8192,0.5,227126,22,4,4069,4075,4049,4082,1,0.01949310302734375,0.007080078125,20,0.15270090103149414,0.00939178466796875,8191,0,0
relational,301237,8192,8192,0.5,227126,21,0,4069,4075,4049,4082,1,0.00795745849609375,0.0025634765625,15,0.04925572872161865,0.0017256736755371094,0,0,0
relational,301237,8192,8192,0.5,227126,20,6,4069,4075,4049,4082,1,0.0003266334533691406,0.00016498565673828125,71,0.015211418271064758,0.00030219554901123047,10,0,0
relational,301237,8192,8192,0.5,227126,20,9,4069,4075,4049,4082,1,0.002170562744140625,0.00063323974609375,18,0.007331180851906538,0.0027701854705810547,8190,0,0
relational,301237,8192,8192,0.5,227126,21,3,4069,4075,4049,4082,1,0.0008292198181152344,0.000270843505859375,82,0.027829885482788086,0.00307464599609375,0,0,0
relational,301237,8192,8192,0.5,227126,21,1,4069,4075,4049,4082,1,0.0010001659393310547,0.0003833770751953125,78,0.04919159412384033,0.0019388198852539062,0,0,0
relational,301237,8192,8192,0.5,227126,21,4,4069,4075,4049,4082,1,0.0146026611328125,0.00482177734375,28,0.12880045175552368,0.0061092376708984375,0,0,0
relational,301237,8192,8192,0.5,227126,21,5,4069,4075,4049,4082,1,0.0354461669921875,0.0107421875,16,0.3497588634490967,0.0025377273559570312,0,0,0
relational,301237,8192,8192,0.5,227126,17,3,4069,4075,4049,4082,1,0.0005755424499511719,0.00013828277587890625,95,0.033896446228027344,0.0060253143310546875,8191,0,0
relational,301237,8192,8192,0.5,227126,22,10,4069,4075,4049,4082,1,0.441436767578125,0.224609375,1,0.7719585299491882,0.005285739898681641,4069,1,1
relational,301237,8192,8192,0.5,227126,23,4,4069,4075,4049,4082,1,0.0292510986328125,0.0181884765625,9,0.187896728515625,0.02202606201171875,0,0,0
relational,301237,8192,8192,0.5,227126,20,3,4069,4075,4049,4082,1,3.388524055480957e-05,1.609325408935547e-05,70,0.0034074082504957914,0.0003656744956970215,8175,0,0
relational,301238,8192,8192,0.5,112467,20,7,4094,4100,4076,4107,1,0.0005595684051513672,0.0001678466796875,59,0.0035324320197105408,0.0029397010803222656,8191,0,0
relational,301238,8192,8192,0.5,112467,21,11,4094,4100,4076,4107,1,0.50732421875,0.134765625,1,0.6549148559570312,0.1258544921875,4096,1,1
relational,301238,8192,8192,0.5,112467,22,7,4094,4100,4076,4107,1,0.7208085060119629,0.64453125,1,0.9194645881652832,0.016632527112960815,4094,1,1
relational,301238,8192,8192,0.5,112467,18,3,4094,4100,4076,4107,1,0.0017709732055664062,0.00054931640625,76,0.1233435869216919,0.01540374755859375,8184,0,0
relational,301238,8192,8192,0.5,112467,17,10,4094,4100,4076,4107,1,0.0005133152008056641,0.00011873245239257812,109,0.11103653907775879,0.005096435546875,0,0,0
relational,301238,8192,8192,0.5,112467,20,8,4094,4100,4076,4107,1,1.4632940292358398e-05,4.291534423828125e-06,62,4.210991755826399e-05,0.0011556148529052734,8175,0,0
relational,301238,8192,8192,0.5,112467,22,0,4094,4100,4076,4107,1,4.9561262130737305e-05,1.5974044799804688e-05,232,0.0023993849754333496,4.747509956359863e-05,0,0,0
relational,301238,8192,8192,0.5,112467,22,4,4094,4100,4076,4107,1,0.012067794799804688,0.00634765625,14,0.07285594940185547,0.01142120361328125,8191,0,0
relational,301238,8192,8192,0.5,112467,21,0,4094,4100,4076,4107,1,0.004772186279296875,0.00128173828125,17,0.03029322624206543,0.0030584335327148438,0,0,0
relational,301238,8192,8192,0.5,112467,20,6,4094,4100,4076,4107,1,0.00011676549911499023,4.3392181396484375e-05,79,0.01194760948419571,0.00020933151245117188,8190,0,0
relational,301238,8192,8192,0.5,112467,20,9,4094,4100,4076,4107,1,0.0009741783142089844,0.0003719329833984375,18,0.0017614706885069609,0.0021598339080810547,8190,0,0
relational,301238,8192,8192,0.5,112467,21,3,4094,4100,4076,4107,1,0.00043529272079467773,0.00018596649169921875,83,0.014897733926773071,0.0028409957885742188,0,0,0
relational,301238,8192,8192,0.5,112467,21,1,4094,4100,4076,4107,1,0.0004413127899169922,0.0001430511474609375,88,0.03656768798828125,0.0022034645080566406,0,0,0
relational,301238,8192,8192,0.5,112467,21,4,4094,4100,4076,4107,1,0.007038116455078125,0.002410888671875,39,0.06248050928115845,0.0064945220947265625,0,0,0
relational,301238,8192,8192,0.5,112467,21,5,4094,4100,4076,4107,1,0.0218963623046875,0.00762939453125,21,0.27017784118652344,0.0038461685180664062,0,0,0
relational,301238,8192,8192,0.5,112467,17,3,4094,4100,4076,4107,1,0.00035130977630615234,8.916854858398438e-05,99,0.024629950523376465,0.007801055908203125,8191,0,0
relational,301238,8192,8192,0.5,112467,22,10,4094,4100,4076,4107,1,0.61077880859375,0.26953125,1,0.8429102897644043,0.006085872650146484,4094,1,1
relational,301238,8192,8192,0.5,112467,23,4,4094,4100,4076,4107,1,0.0237579345703125,0.0093994140625,14,0.14853143692016602,0.023632049560546875,0,0,0
relational,301238,8192,8192,0.5,112467,20,3,4094,4100,4076,4107,1,1.0797753930091858e-05,3.9637088775634766e-06,106,0.0020744134671986103,0.0006688237190246582,8175,0,0
relational,301239,8192,8192,0.5,367666,20,7,4083,4089,4065,4096,1,0.00041735172271728516,0.0001773834228515625,57,0.004215717315673828,0.003292083740234375,8191,0,0
relational,301239,8192,8192,0.5,367666,21,11,4083,4089,4065,4096,1,0.485107421875,0.1298828125,1,0.631587028503418,0.12054443359375,4084,1,1
relational,301239,8192,8192,0.5,367666,22,7,4083,4089,4065,4096,1,0.6584048271179199,0.65234375,1,0.8877551555633545,0.006436675786972046,4083,1,1
relational,301239,8192,8192,0.5,367666,18,3,4083,4089,4065,4096,1,0.001828908920288086,0.00115203857421875,65,0.09305781126022339,0.009882926940917969,8184,0,0
relational,301239,8192,8192,0.5,367666,17,10,4083,4089,4065,4096,1,0.0004379749298095703,0.000102996826171875,105,0.10003209114074707,0.006046295166015625,0,0,0
relational,301239,8192,8192,0.5,367666,20,8,4083,4089,4065,4096,1,2.526119351387024e-05,1.0669231414794922e-05,54,6.405598105629906e-05,0.0021293163299560547,8175,0,0
relational,301239,8192,8192,0.5,367666,22,0,4083,4089,4065,4096,1,0.00017058849334716797,5.364418029785156e-05,74,0.0014956295490264893,5.097687244415283e-05,0,0,0
relational,301239,8192,8192,0.5,367666,22,4,4083,4089,4065,4096,1,0.008892059326171875,0.003570556640625,28,0.08164513111114502,0.012010574340820312,8191,0,0
relational,301239,8192,8192,0.5,367666,21,0,4083,4089,4065,4096,1,0.005100250244140625,0.0020751953125,16,0.03309309482574463,0.0019741058349609375,0,0,0
relational,301239,8192,8192,0.5,367666,20,6,4083,4089,4065,4096,1,0.0001485198736190796,8.916854858398438e-05,71,0.015474643558263779,0.0002790093421936035,10,0,0
relational,301239,8192,8192,0.5,367666,20,9,4083,4089,4065,4096,1,0.0008481740951538086,0.0002803802490234375,19,0.001808773260563612,0.0024421215057373047,8190,0,0
relational,301239,8192,8192,0.5,367666,21,3,4083,4089,4065,4096,1,0.00019156932830810547,6.151199340820312e-05,106,0.019513249397277832,0.0026731491088867188,0,0,0
relational,301239,8192,8192,0.5,367666,21,1,4083,4089,4065,4096,1,0.00045680999755859375,0.00015544891357421875,93,0.04359990358352661,0.0014986991882324219,0,0,0
relational,301239,8192,8192,0.5,367666,21,4,4083,4089,4065,4096,1,0.011005401611328125,0.0038299560546875,26,0.053137630224227905,0.0052280426025390625,0,0,0
relational,301239,8192,8192,0.5,367666,21,5,4083,4089,4065,4096,1,0.027923583984375,0.006011962890625,22,0.3197762966156006,0.0035600662231445312,0,0,0
relational,301239,8192,8192,0.5,367666,17,3,4083,4089,4065,4096,1,0.0008106231689453125,0.0001773834228515625,89,0.024438858032226562,0.008295059204101562,8191,0,0
relational,301239,8192,8192,0.5,367666,22,10,4083,4089,4065,4096,1,0.4569244384765625,0.26171875,1,0.7944737672805786,0.006238579750061035,4083,1,1
relational,301239,8192,8192,0.5,367666,23,4,4083,4089,4065,4096,1,0.026680946350097656,0.0240478515625,6,0.1528109312057495,0.014074325561523438,0,0,0
relational,301239,8192,8192,0.5,367666,20,3,4083,4089,4065,4096,1,1.0151416063308716e-05,6.079673767089844e-06,81,0.0013701531570404768,0.0005304217338562012,8175,0,0
relational,301240,8192,8191,0.5,321185,20,7,4093,4099,4073,4106,1,0.000659942626953125,0.00022220611572265625,52,0.003519684076309204,0.003464341163635254,8190,0,0
relational,301240,8192,8191,0.5,321185,21,11,4093,4099,4073,4106,1,0.495849609375,0.11865234375,2,0.6435432434082031,0.10986328125,0,0,0
relational,301240,8192,8191,0.5,321185,22,7,4093,4099,4073,4106,1,0.6702327728271484,0.6640625,1,0.8994126319885254,0.00727459043264389,4093,1,1
relational,301240,8192,8191,0.5,321185,18,3,4093,4099,4073,4106,1,0.0029883384704589844,0.00183868408203125,58,0.11383992433547974,0.010750770568847656,8183,0,0
relational,301240,8192,8191,0.5,321185,17,10,4093,4099,4073,4106,1,0.0006165504455566406,0.00017070770263671875,104,0.1164698600769043,0.0040740966796875,0,0,0
relational,301240,8192,8191,0.5,321185,20,8,4093,4099,4073,4106,1,6.282702088356018e-05,2.4080276489257812e-05,50,0.0001656217937124893,0.002041339874267578,8174,0,0
relational,301240,8192,8191,0.5,321185,22,0,4093,4099,4073,4106,1,5.7220458984375e-05,2.1696090698242188e-05,187,0.002633228898048401,5.595386028289795e-05,0,0,0
relational,301240,8192,8191,0.5,321185,22,4,4093,4099,4073,4106,1,0.011936187744140625,0.004913330078125,26,0.11675453186035156,0.00954437255859375,8190,0,0
relational,301240,8192,8191,0.5,321185,21,0,4093,4099,4073,4106,1,0.006104469299316406,0.0020599365234375,12,0.030414462089538574,0.0023345947265625,0,0,0
relational,301240,8192,8191,0.5,321185,20,6,4093,4099,4073,4106,1,0.0003266334533691406,0.00015354156494140625,65,0.015280447900295258,0.00025594234466552734,10,0,0
relational,301240,8192,8191,0.5,321185,20,9,4093,4099,4073,4106,1,0.002688884735107422,0.00112152099609375,13,0.003976892679929733,0.0034742355346679688,8189,0,0
relational,301240,8192,8191,0.5,321185,21,3,4093,4099,4073,4106,1,0.00037986040115356445,0.00014495849609375,84,0.013907700777053833,0.00295257568359375,0,0,0
relational,301240,8192,8191,0.5,321185,21,1,4093,4099,4073,4106,1,0.0005209445953369141,0.0001773834228515625,93,0.041368067264556885,0.0019235610961914062,0,0,0
relational,301240,8192,8191,0.5,321185,21,4,4093,4099,4073,4106,1,0.009199142456054688,0.0034027099609375,34,0.06122457981109619,0.00783538818359375,0,0,0
relational,301240,8192,8191,0.5,321185,21,5,4093,4099,4073,4106,1,0.019317626953125,0.004180908203125,36,0.2111034393310547,0.0032939910888671875,0,0,0
relational,301240,8192,8191,0.5,321185,17,3,4093,4099,4073,4106,1,0.0005235671997070312,0.00017833709716796875,90,0.02450084686279297,0.007106781005859375,8190,0,0
relational,301240,8192,8191,0.5,321185,22,10,4093,4099,4073,4106,1,0.514892578125,0.255859375,1,0.8166429996490479,0.004492759704589844,4093,1,1
relational,301240,8192,8191,0.5,321185,23,4,4093,4099,4073,4106,1,0.04260063171386719,0.031494140625,5,0.19315791130065918,0.02198171615600586,0,0,0
relational,301240,8192,8191,0.5,321185,20,3,4093,4099,4073,4106,1,2.1405518054962158e-05,1.2040138244628906e-05,80,0.00448321457952261,0.0005206465721130371,8174,0,0
relational,301241,8192,8192,0.5,795577,20,7,4096,4102,4076,4109,1,0.0004565715789794922,9.965896606445312e-05,75,0.004998296499252319,0.010207653045654297,8191,0,0
relational,301241,8192,8192,0.5,795577,21,11,4096,4102,4076,4109,1,0.4266357421875,0.1162109375,1,0.5704483985900879,0.24169921875,4096,1,1
relational,301241,8192,8192,0.5,795577,22,7,4096,4102,4076,4109,1,0.48896002769470215,0.486328125,1,0.727008581161499,0.19765084981918335,4096,1,1
relational,301241,8192,8192,0.5,795577,18,3,4096,4102,4076,4109,1,0.001543581485748291,0.0009613037109375,68,0.11504232883453369,0.012673377990722656,8184,0,0
relational,301241,8192,8192,0.5,795577,17,10,4096,4102,4076,4109,1,0.00038504600524902344,9.965896606445312e-05,110,0.10766482353210449,0.004428863525390625,0,0,0
relational,301241,8192,8192,0.5,795577,20,8,4096,4102,4076,4109,1,1.5716999769210815e-05,7.361173629760742e-06,59,6.678087083855644e-05,0.0016748905181884766,8175,0,0
relational,301241,8192,8192,0.5,795577,22,0,4096,4102,4076,4109,1,9.73045825958252e-05,4.0531158447265625e-05,92,0.002948060631752014,4.915893077850342e-05,8191,0,0
relational,301241,8192,8192,0.5,795577,22,4,4096,4102,4076,4109,1,0.0089874267578125,0.0029296875,30,0.07005691528320312,0.0136260986328125,8191,0,0
relational,301241,8192,8192,0.5,795577,21,0,4096,4102,4076,4109,1,0.01103973388671875,0.005279541015625,7,0.05146646499633789,0.0070362091064453125,0,0,0
relational,301241,8192,8192,0.5,795577,20,6,4096,4102,4076,4109,1,9.192526340484619e-05,5.936622619628906e-05,84,0.013617191463708878,0.00025904178619384766,8190,0,0
relational,301241,8192,8192,0.5,795577,20,9,4096,4102,4076,4109,1,0.00110626220703125,0.0004024505615234375,19,0.0020364734809845686,0.005601406097412109,8190,0,0
relational,301241,8192,8192,0.5,795577,21,3,4096,4102,4076,4109,1,0.0006030499935150146,0.00025177001953125,79,0.015191882848739624,0.0072650909423828125,0,0,0
relational,301241,8192,8192,0.5,795577,21,1,4096,4102,4076,4109,1,0.0003243684768676758,9.775161743164062e-05,100,0.04203474521636963,0.0028314590454101562,0,0,0
relational,301241,8192,8192,0.5,795577,21,4,4096,4102,4076,4109,1,0.010435104370117188,0.003021240234375,35,0.06125950813293457,0.00931549072265625,0,0,0
relational,301241,8192,8192,0.5,795577,21,5,4096,4102,4076,4109,1,0.0223388671875,0.00628662109375,30,0.22033405303955078,0.010283470153808594,0,0,0
relational,301241,8192,8192,0.5,795577,17,3,4096,4102,4076,4109,1,0.00031113624572753906,0.00010061264038085938,97,0.027368545532226562,0.01105499267578125,8191,0,0
relational,301241,8192,8192,0.5,795577,22,10,4096,4102,4076,4109,1,0.325958251953125,0.1650390625,1,0.6595950126647949,0.02121567726135254,4096,1,1
relational,301241,8192,8192,0.5,795577,23,4,4096,4102,4076,4109,1,0.017371177673339844,0.014404296875,12,0.1627330780029297,0.015018463134765625,0,0,0
relational,301241,8192,8192,0.5,795577,20,3,4096,4102,4076,4109,1,5.450798198580742e-06,3.084540367126465e-06,100,0.0016792954411357641,0.0007840394973754883,8171,0,0
distractor_heavy,401234,8192,8192,0.5,210681,20,7,4102,4108,4077,4115,2,0.00039082765579223633,0.0002460479736328125,44,0.0025023072957992554,0.008869469165802002,8191,0,0
distractor_heavy,401234,8192,8192,0.5,210681,21,11,4102,4108,4077,4115,2,0.362060546875,0.0810546875,2,0.6656193733215332,0.17523193359375,0,0,0
distractor_heavy,401234,8192,8192,0.5,210681,22,7,4102,4108,4077,4115,2,0.3603782653808594,0.353515625,1,0.8374030590057373,0.03957286477088928,4102,1,1
distractor_heavy,401234,8192,8192,0.5,210681,18,3,4102,4108,4077,4115,2,0.004334449768066406,0.00159454345703125,48,0.10114538669586182,0.026144027709960938,8184,0,0
distractor_heavy,401234,8192,8192,0.5,210681,17,10,4102,4108,4077,4115,2,0.00043892860412597656,0.00010967254638671875,107,0.09920954704284668,0.005353450775146484,0,0,0
distractor_heavy,401234,8192,8192,0.5,210681,20,8,4102,4108,4077,4115,2,0.0001046210527420044,4.57763671875e-05,40,0.00025504970108158886,0.0003397725522518158,8190,0,0
distractor_heavy,401234,8192,8192,0.5,210681,22,0,4102,4108,4077,4115,2,0.00020778179168701172,6.866455078125e-05,75,0.0015162210911512375,0.00037427060306072235,8191,0,0
distractor_heavy,401234,8192,8192,0.5,210681,22,4,4102,4108,4077,4115,2,0.0193939208984375,0.00433349609375,22,0.09420382976531982,0.0075054168701171875,8191,0,0
distractor_heavy,401234,8192,8192,0.5,210681,21,0,4102,4108,4077,4115,2,0.0407867431640625,0.013427734375,4,0.09253370761871338,0.01834869384765625,0,0,0
distractor_heavy,401234,8192,8192,0.5,210681,20,6,4102,4108,4077,4115,2,0.00012609362602233887,4.00543212890625e-05,79,0.01667148992419243,0.0001582503318786621,8190,0,0
distractor_heavy,401234,8192,8192,0.5,210681,20,9,4102,4108,4077,4115,2,0.0023012161254882812,0.000732421875,10,0.0034630128648132086,0.0003307163715362549,8190,0,0
distractor_heavy,401234,8192,8192,0.5,210681,21,3,4102,4108,4077,4115,2,5.7220458984375e-05,1.424551010131836e-05,162,0.011982113122940063,0.003992259502410889,0,0,0
distractor_heavy,401234,8192,8192,0.5,210681,21,1,4102,4108,4077,4115,2,0.00020116567611694336,7.486343383789062e-05,114,0.054217755794525146,0.004158973693847656,0,0,0
distractor_heavy,401234,8192,8192,0.5,210681,21,4,4102,4108,4077,4115,2,0.002051830291748047,0.000858306884765625,47,0.0284845232963562,0.0076122283935546875,8190,0,0
distractor_heavy,401234,8192,8192,0.5,210681,21,5,4102,4108,4077,4115,2,0.006366729736328125,0.001983642578125,54,0.10999011993408203,0.022251605987548828,0,0,0
distractor_heavy,401234,8192,8192,0.5,210681,17,3,4102,4108,4077,4115,2,0.00011715292930603027,3.552436828613281e-05,107,0.02290782332420349,0.005207061767578125,8191,0,0
distractor_heavy,401234,8192,8192,0.5,210681,22,10,4102,4108,4077,4115,2,0.255126953125,0.087890625,4,0.7236731052398682,0.0397639274597168,4101,0,1
distractor_heavy,401234,8192,8192,0.5,210681,23,4,4102,4108,4077,4115,2,0.014194488525390625,0.009521484375,16,0.4190638065338135,0.018746256828308105,4109,0,1
distractor_heavy,401234,8192,8192,0.5,210681,20,3,4102,4108,4077,4115,2,0.00010291114449501038,3.695487976074219e-05,62,0.01203093770891428,0.0009917765855789185,8175,0,0
distractor_heavy,401235,8192,8192,0.5,639039,20,7,4106,4112,4082,4119,2,0.0005719661712646484,0.000152587890625,51,0.0026058033108711243,0.008785724639892578,8191,0,0
distractor_heavy,401235,8192,8192,0.5,639039,21,11,4106,4112,4082,4119,2,0.44091796875,0.1044921875,1,0.675853967666626,0.178741455078125,4107,1,1
distractor_heavy,401235,8192,8192,0.5,639039,22,7,4106,4112,4082,4119,2,0.5558738708496094,0.546875,1,0.8795838952064514,0.050943732261657715,4106,1,1
distractor_heavy,401235,8192,8192,0.5,639039,18,3,4106,4112,4082,4119,2,0.007244110107421875,0.0018157958984375,46,0.10298573970794678,0.029077529907226562,8184,0,0
distractor_heavy,401235,8192,8192,0.5,639039,17,10,4106,4112,4082,4119,2,0.00038361549377441406,0.00010395050048828125,108,0.09359955787658691,0.005139350891113281,0,0,0
distractor_heavy,401235,8192,8192,0.5,639039,20,8,4106,4112,4082,4119,2,0.0002930164337158203,8.678436279296875e-05,42,0.0005977021064609289,0.0007945522665977478,8190,0,0
distractor_heavy,401235,8192,8192,0.5,639039,22,0,4106,4112,4082,4119,2,0.0007495544850826263,0.0004062652587890625,16,0.0026031509041786194,7.606297731399536e-05,8191,0,0
distractor_heavy,401235,8192,8192,0.5,639039,22,4,4106,4112,4082,4119,2,0.0071258544921875,0.0022735595703125,31,0.0813484787940979,0.00877523422241211,8191,0,0
distractor_heavy,401235,8192,8192,0.5,639039,21,0,4106,4112,4082,4119,2,0.039825439453125,0.01177978515625,5,0.09023106098175049,0.022647857666015625,0,0,0
distractor_heavy,401235,8192,8192,0.5,639039,20,6,4106,4112,4082,4119,2,8.735060691833496e-05,1.9431114196777344e-05,99,0.03314824402332306,0.00028471648693084717,8191,0,0
distractor_heavy,401235,8192,8192,0.5,639039,20,9,4106,4112,4082,4119,2,0.002872467041015625,0.0008697509765625,10,0.004376092925667763,0.0011450275778770447,8190,0,0
distractor_heavy,401235,8192,8192,0.5,639039,21,3,4106,4112,4082,4119,2,5.8770179748535156e-05,1.8596649169921875e-05,137,0.010241687297821045,0.00360909104347229,0,0,0
distractor_heavy,401235,8192,8192,0.5,639039,21,1,4106,4112,4082,4119,2,0.0004082918167114258,0.00016021728515625,91,0.044110894203186035,0.004314422607421875,0,0,0
distractor_heavy,401235,8192,8192,0.5,639039,21,4,4106,4112,4082,4119,2,0.003692626953125,0.00177001953125,37,0.036727435886859894,0.008453369140625,8190,0,0
distractor_heavy,401235,8192,8192,0.5,639039,21,5,4106,4112,4082,4119,2,0.007373809814453125,0.0021820068359375,51,0.1032705307006836,0.017473220825195312,0,0,0
distractor_heavy,401235,8192,8192,0.5,639039,17,3,4106,4112,4082,4119,2,0.00019317865371704102,5.650520324707031e-05,102,0.02079218626022339,0.0054168701171875,8191,0,0
distractor_heavy,401235,8192,8192,0.5,639039,22,10,4106,4112,4082,4119,2,0.20556640625,0.0732421875,4,0.6611301898956299,0.06012749671936035,0,0,0
distractor_heavy,401235,8192,8192,0.5,639039,23,4,4106,4112,4082,4119,2,0.015531539916992188,0.01177978515625,15,0.38730430603027344,0.016750216484069824,0,0,0
distractor_heavy,401235,8192,8192,0.5,639039,20,3,4106,4112,4082,4119,2,0.00011444091796875,6.771087646484375e-05,63,0.012505315244197845,0.0016330480575561523,8176,0,0
distractor_heavy,401236,8192,8191,0.5,705589,20,7,4087,4093,4063,4100,2,0.001115560531616211,0.0004863739013671875,43,0.005331635475158691,0.011252820491790771,8190,0,0
distractor_heavy,401236,8192,8191,0.5,705589,21,11,4087,4093,4063,4100,2,0.481201171875,0.12451171875,1,0.7084143161773682,0.1408538818359375,4089,1,1
distractor_heavy,401236,8192,8191,0.5,705589,22,7,4087,4093,4063,4100,2,0.6373138427734375,0.6328125,1,0.9470885396003723,0.0120130255818367,4087,1,1
distractor_heavy,401236,8192,8191,0.5,705589,18,3,4087,4093,4063,4100,2,0.008619308471679688,0.0038299560546875,33,0.0907433032989502,0.02877521514892578,8183,0,0
distractor_heavy,401236,8192,8191,0.5,705589,17,10,4087,4093,4063,4100,2,0.0002892017364501953,6.437301635742188e-05,115,0.09252095222473145,0.005206108093261719,0,0,0
distractor_heavy,401236,8192,8191,0.5,705589,20,8,4087,4093,4063,4100,2,0.00013233721256256104,6.914138793945312e-05,42,0.00038372213020920753,0.000895284116268158,8189,0,0
distractor_heavy,401236,8192,8191,0.5,705589,22,0,4087,4093,4063,4100,2,0.0002927156165242195,0.00026702880859375,25,0.0014270925894379616,0.0003462284803390503,8190,0,0
distractor_heavy,401236,8192,8191,0.5,705589,22,4,4087,4093,4063,4100,2,0.00519561767578125,0.00238037109375,29,0.05632442235946655,0.018222808837890625,8190,0,0
distractor_heavy,401236,8192,8191,0.5,705589,21,0,4087,4093,4063,4100,2,0.0443878173828125,0.0218505859375,3,0.1011199951171875,0.0181121826171875,0,0,0
distractor_heavy,401236,8192,8191,0.5,705589,20,6,4087,4093,4063,4100,2,0.0001118779182434082,2.956390380859375e-05,89,0.037448689341545105,0.00027479231357574463,8190,0,0
distractor_heavy,401236,8192,8191,0.5,705589,20,9,4087,4093,4063,4100,2,0.005279541015625,0.00186920166015625,9,0.007152867503464222,0.0019436031579971313,8189,0,0
distractor_heavy,401236,8192,8191,0.5,705589,21,3,4087,4093,4063,4100,2,5.0574541091918945e-05,2.0265579223632812e-05,127,0.02977779507637024,0.004044651985168457,0,0,0
distractor_heavy,401236,8192,8191,0.5,705589,21,1,4087,4093,4063,4100,2,0.00043833255767822266,0.00012302398681640625,109,0.07020199298858643,0.004547119140625,0,0,0
distractor_heavy,401236,8192,8191,0.5,705589,21,4,4087,4093,4063,4100,2,0.004376888275146484,0.002838134765625,25,0.03662675619125366,0.00875091552734375,8189,0,0
distractor_heavy,401236,8192,8191,0.5,705589,21,5,4087,4093,4063,4100,2,0.0102081298828125,0.004180908203125,34,0.12001895904541016,0.018532752990722656,0,0,0
distractor_heavy,401236,8192,8191,0.5,705589,17,3,4087,4093,4063,4100,2,0.0003421306610107422,0.00010585784912109375,96,0.024413347244262695,0.004975795745849609,8190,0,0
distractor_heavy,401236,8192,8191,0.5,705589,22,10,4087,4093,4063,4100,2,0.190826416015625,0.08642578125,4,0.6763443946838379,0.03618514537811279,4094,0,1
distractor_heavy,401236,8192,8191,0.5,705589,23,4,4087,4093,4063,4100,2,0.010021686553955078,0.007293701171875,15,0.38780641555786133,0.006365418434143066,0,0,0
distractor_heavy,401236,8192,8191,0.5,705589,20,3,4087,4093,4063,4100,2,6.794929504394531e-05,3.814697265625e-05,68,0.016849450767040253,0.0019063353538513184,8175,0,0
distractor_heavy,401237,8192,8192,0.5,577255,20,7,4079,4085,4055,4092,2,0.0008082389831542969,0.0003185272216796875,44,0.00457724928855896,0.01305389404296875,8191,0,0
distractor_heavy,401237,8192,8192,0.5,577255,21,11,4079,4085,4055,4092,2,0.419189453125,0.119140625,1,0.6577203273773193,0.20751953125,4084,1,1
distractor_heavy,401237,8192,8192,0.5,577255,22,7,4079,4085,4055,4092,2,0.7290325164794922,0.71484375,1,0.9504446983337402,0.05309292674064636,4079,1,1
distractor_heavy,401237,8192,8192,0.5,577255,18,3,4079,4085,4055,4092,2,0.005199432373046875,0.0025787353515625,40,0.0845748782157898,0.035155296325683594,8184,0,0
distractor_heavy,401237,8192,8192,0.5,577255,17,10,4079,4085,4055,4092,2,0.00026476383209228516,7.915496826171875e-05,116,0.10159313678741455,0.005002498626708984,0,0,0
distractor_heavy,401237,8192,8192,0.5,577255,20,8,4079,4085,4055,4092,2,0.00014668703079223633,4.6253204345703125e-05,46,0.0004961897502653301,0.001003853976726532,8190,0,0
distractor_heavy,401237,8192,8192,0.5,577255,22,0,4079,4085,4055,4092,2,0.00013051927089691162,5.0067901611328125e-05,134,0.011843614280223846,0.0001527443528175354,8191,0,0
distractor_heavy,401237,8192,8192,0.5,577255,22,4,4079,4085,4055,4092,2,0.02333831787109375,0.0150146484375,10,0.07406222820281982,0.01662445068359375,8191,0,0
distractor_heavy,401237,8192,8192,0.5,577255,21,0,4079,4085,4055,4092,2,0.051239013671875,0.01397705078125,4,0.1203603744506836,0.02458953857421875,0,0,0
distractor_heavy,401237,8192,8192,0.5,577255,20,6,4079,4085,4055,4092,2,8.344650268554688e-05,2.7060508728027344e-05,93,0.03188900277018547,0.000315837562084198,8191,0,0
distractor_heavy,401237,8192,8192,0.5,577255,20,9,4079,4085,4055,4092,2,0.004909515380859375,0.00133514404296875,7,0.0065226564183831215,0.0015091747045516968,8190,0,0
distractor_heavy,401237,8192,8192,0.5,577255,21,3,4079,4085,4055,4092,2,7.192790508270264e-05,2.5391578674316406e-05,124,0.04685549437999725,0.004944205284118652,0,0,0
distractor_heavy,401237,8192,8192,0.5,577255,21,1,4079,4085,4055,4092,2,0.0006104707717895508,0.00018310546875,104,0.04609644412994385,0.005770683288574219,0,0,0
distractor_heavy,401237,8192,8192,0.5,577255,21,4,4079,4085,4055,4092,2,0.0035295486450195312,0.001220703125,48,0.04457598924636841,0.010894775390625,8190,0,0
distractor_heavy,401237,8192,8192,0.5,577255,21,5,4079,4085,4055,4092,2,0.01434326171875,0.006591796875,20,0.122314453125,0.020616531372070312,0,0,0
distractor_heavy,401237,8192,8192,0.5,577255,17,3,4079,4085,4055,4092,2,0.00040477514266967773,0.00011587142944335938,96,0.0330161452293396,0.005939006805419922,8191,0,0
distractor_heavy,401237,8192,8192,0.5,577255,22,10,4079,4085,4055,4092,2,0.19732666015625,0.078125,3,0.6525862216949463,0.08331966400146484,4078,0,1
distractor_heavy,401237,8192,8192,0.5,577255,23,4,4079,4085,4055,4092,2,0.008652210235595703,0.00714111328125,20,0.34125804901123047,0.01588904857635498,0,0,0
distractor_heavy,401237,8192,8192,0.5,577255,20,3,4079,4085,4055,4092,2,6.761401891708374e-05,3.2901763916015625e-05,72,0.01932147517800331,0.0016497969627380371,8176,0,0
distractor_heavy,401238,8192,8192,0.5,984712,20,7,4097,4103,4073,4110,2,0.0005360841751098633,0.0001773834228515625,52,0.0033245980739593506,0.010470330715179443,8191,0,0
distractor_heavy,401238,8192,8192,0.5,984712,21,11,4097,4103,4073,4110,2,0.410888671875,0.09375,1,0.6408333778381348,0.1849365234375,4098,1,1
distractor_heavy,401238,8192,8192,0.5,984712,22,7,4097,4103,4073,4110,2,0.5814666748046875,0.56640625,1,0.8510290384292603,0.05422297120094299,4097,1,1
distractor_heavy,401238,8192,8192,0.5,984712,18,3,4097,4103,4073,4110,2,0.0058460235595703125,0.002288818359375,43,0.0833619236946106,0.032016754150390625,8184,0,0
distractor_heavy,401238,8192,8192,0.5,984712,17,10,4097,4103,4073,4110,2,0.0003094673156738281,9.632110595703125e-05,113,0.09634971618652344,0.005115509033203125,0,0,0
distractor_heavy,401238,8192,8192,0.5,984712,20,8,4097,4103,4073,4110,2,0.0001431107521057129,4.315376281738281e-05,43,0.0004101390950381756,0.0005170907825231552,8190,0,0
distractor_heavy,401238,8192,8192,0.5,984712,22,0,4097,4103,4073,4110,2,4.503875970840454e-05,1.7523765563964844e-05,281,0.0050573647022247314,0.00020491331815719604,8191,0,0
distractor_heavy,401238,8192,8192,0.5,984712,22,4,4097,4103,4073,4110,2,0.004366874694824219,0.00127410888671875,37,0.05179595947265625,0.011642932891845703,8191,0,0
distractor_heavy,401238,8192,8192,0.5,984712,21,0,4097,4103,4073,4110,2,0.057403564453125,0.01544189453125,4,0.11877763271331787,0.02332305908203125,0,0,0
distractor_heavy,401238,8192,8192,0.5,984712,20,6,4097,4103,4073,4110,2,6.76959753036499e-05,1.8477439880371094e-05,111,0.017996490001678467,0.00023446977138519287,8191,0,0
distractor_heavy,401238,8192,8192,0.5,984712,20,9,4097,4103,4073,4110,2,0.003143310546875,0.000904083251953125,12,0.0048037366941571236,0.0007599592208862305,8190,0,0
distractor_heavy,401238,8192,8192,0.5,984712,21,3,4097,4103,4073,4110,2,5.492568016052246e-05,1.621246337890625e-05,152,0.014025717973709106,0.004251718521118164,0,0,0
distractor_heavy,401238,8192,8192,0.5,984712,21,1,4097,4103,4073,4110,2,0.0005726814270019531,0.000141143798828125,110,0.05257225036621094,0.004306316375732422,0,0,0
distractor_heavy,401238,8192,8192,0.5,984712,21,4,4097,4103,4073,4110,2,0.0017957687377929688,0.00055694580078125,69,0.022874578833580017,0.008979320526123047,8190,0,0
distractor_heavy,401238,8192,8192,0.5,984712,21,5,4097,4103,4073,4110,2,0.007251739501953125,0.00154876708984375,65,0.0971527099609375,0.020076751708984375,0,0,0
distractor_heavy,401238,8192,8192,0.5,984712,17,3,4097,4103,4073,4110,2,0.00011390447616577148,3.695487976074219e-05,112,0.026202619075775146,0.004799365997314453,8191,0,0
distractor_heavy,401238,8192,8192,0.5,984712,22,10,4097,4103,4073,4110,2,0.2772216796875,0.1171875,1,0.6509134769439697,0.03980374336242676,4098,1,1
distractor_heavy,401238,8192,8192,0.5,984712,23,4,4097,4103,4073,4110,2,0.01330113410949707,0.01068115234375,14,0.36396217346191406,0.015047788619995117,0,0,0
distractor_heavy,401238,8192,8192,0.5,984712,20,3,4097,4103,4073,4110,2,3.330409526824951e-05,1.3768672943115234e-05,91,0.012432411313056946,0.0012435615062713623,8176,0,0
distractor_heavy,401239,8192,8191,0.5,836886,20,7,4100,4106,4076,4113,2,0.0003108084201812744,0.00018024444580078125,52,0.0026129484176635742,0.00809401273727417,8190,0,0
distractor_heavy,401239,8192,8191,0.5,836886,21,11,4100,4106,4076,4113,2,0.487548828125,0.1337890625,1,0.7136149406433105,0.14776611328125,4105,1,1
distractor_heavy,401239,8192,8191,0.5,836886,22,7,4100,4106,4076,4113,2,0.5873336791992188,0.578125,1,0.8983875513076782,0.033304452896118164,4100,1,1
distractor_heavy,401239,8192,8191,0.5,836886,18,3,4100,4106,4076,4113,2,0.007458209991455078,0.0034027099609375,35,0.10629737377166748,0.023067474365234375,8183,0,0
distractor_heavy,401239,8192,8191,0.5,836886,17,10,4100,4106,4076,4113,2,0.00047969818115234375,0.00010919570922851562,105,0.09260845184326172,0.004708766937255859,0,0,0
distractor_heavy,401239,8192,8191,0.5,836886,20,8,4100,4106,4076,4113,2,0.00024612247943878174,0.00010061264038085938,34,0.0005295294104143977,0.0007554441690444946,8179,0,0
distractor_heavy,401239,8192,8191,0.5,836886,22,0,4100,4106,4076,4113,2,0.00018393993377685547,8.392333984375e-05,64,0.002675861120223999,0.0004337579011917114,8190,0,0
distractor_heavy,401239,8192,8191,0.5,836886,22,4,4100,4106,4076,4113,2,0.02014923095703125,0.00482177734375,21,0.09565412998199463,0.00817728042602539,8190,0,0
distractor_heavy,401239,8192,8191,0.5,836886,21,0,4100,4106,4076,4113,2,0.0662841796875,0.03125,2,0.13016176223754883,0.02155303955078125,0,0,0
distractor_heavy,401239,8192,8191,0.5,836886,20,6,4100,4106,4076,4113,2,0.00012117624282836914,3.981590270996094e-05,86,0.019982028752565384,0.0002703815698623657,8190,0,0
distractor_heavy,401239,8192,8191,0.5,836886,20,9,4100,4106,4076,4113,2,0.004235267639160156,0.001708984375,7,0.006072662770748138,0.0007649362087249756,8189,0,0
distractor_heavy,401239,8192,8191,0.5,836886,21,3,4100,4106,4076,4113,2,7.212162017822266e-05,2.562999725341797e-05,125,0.014086991548538208,0.004208803176879883,0,0,0
distractor_heavy,401239,8192,8191,0.5,836886,21,1,4100,4106,4076,4113,2,0.0005838871002197266,0.0001811981201171875,99,0.05834794044494629,0.0054454803466796875,0,0,0
distractor_heavy,401239,8192,8191,0.5,836886,21,4,4100,4106,4076,4113,2,0.005491733551025391,0.00335693359375,23,0.037832796573638916,0.009102344512939453,8189,0,0
distractor_heavy,401239,8192,8191,0.5,836886,21,5,4100,4106,4076,4113,2,0.0146026611328125,0.0052490234375,27,0.12185335159301758,0.026060104370117188,0,0,0
distractor_heavy,401239,8192,8191,0.5,836886,17,3,4100,4106,4076,4113,2,0.00013169646263122559,5.030632019042969e-05,104,0.02496775984764099,0.005229949951171875,8190,0,0
distractor_heavy,401239,8192,8191,0.5,836886,22,10,4100,4106,4076,4113,2,0.3133544921875,0.1376953125,1,0.7108811140060425,0.044332027435302734,4101,1,1
distractor_heavy,401239,8192,8191,0.5,836886,23,4,4100,4106,4076,4113,2,0.015984535217285156,0.0107421875,14,0.39730238914489746,0.01356363296508789,0,0,0
distractor_heavy,401239,8192,8191,0.5,836886,20,3,4100,4106,4076,4113,2,9.28044319152832e-05,3.039836883544922e-05,67,0.017749648541212082,0.0015208721160888672,8175,0,0
distractor_heavy,401240,8192,8192,0.5,453754,20,7,4113,4119,4089,4126,2,0.0002684593200683594,8.296966552734375e-05,94,0.0032834112644195557,0.009486764669418335,8191,0,0
distractor_heavy,401240,8192,8192,0.5,453754,21,11,4113,4119,4089,4126,2,0.468017578125,0.1083984375,1,0.668499231338501,0.1178741455078125,0,0,0
distractor_heavy,401240,8192,8192,0.5,453754,22,7,4113,4119,4089,4126,2,0.5812492370605469,0.57421875,1,0.9343599677085876,0.013700578361749649,4113,1,1
distractor_heavy,401240,8192,8192,0.5,453754,18,3,4113,4119,4089,4126,2,0.006847381591796875,0.0019683837890625,44,0.09047526121139526,0.025392532348632812,8184,0,0
distractor_heavy,401240,8192,8192,0.5,453754,17,10,4113,4119,4089,4126,2,0.0003266334533691406,9.250640869140625e-05,116,0.09511280059814453,0.005200386047363281,0,0,0
distractor_heavy,401240,8192,8192,0.5,453754,20,8,4113,4119,4089,4126,2,0.00011788308620452881,5.841255187988281e-05,42,0.00037342877476476133,0.0003751050680875778,8190,0,0
distractor_heavy,401240,8192,8192,0.5,453754,22,0,4113,4119,4089,4126,2,6.41942024230957e-05,2.8848648071289062e-05,208,0.0028012022376060486,8.88928771018982e-05,8191,0,0
distractor_heavy,401240,8192,8192,0.5,453754,22,4,4113,4119,4089,4126,2,0.0036144256591796875,0.00113677978515625,39,0.04448699951171875,0.0075054168701171875,8191,0,0
distractor_heavy,401240,8192,8192,0.5,453754,21,0,4113,4119,4089,4126,2,0.0416717529296875,0.01214599609375,5,0.09577775001525879,0.017408370971679688,0,0,0
distractor_heavy,401240,8192,8192,0.5,453754,20,6,4113,4119,4089,4126,2,0.00010588765144348145,2.86102294921875e-05,98,0.022967778146266937,0.000147305428981781,8191,0,0
distractor_heavy,401240,8192,8192,0.5,453754,20,9,4113,4119,4089,4126,2,0.004467010498046875,0.0014801025390625,8,0.005956997163593769,0.00025913864374160767,8190,0,0
distractor_heavy,401240,8192,8192,0.5,453754,21,3,4113,4119,4089,4126,2,4.64320182800293e-05,1.728534698486328e-05,163,0.01112547516822815,0.0037508606910705566,0,0,0
distractor_heavy,401240,8192,8192,0.5,453754,21,1,4113,4119,4089,4126,2,0.0003247261047363281,0.0001678466796875,93,0.04363739490509033,0.004080772399902344,0,0,0
distractor_heavy,401240,8192,8192,0.5,453754,21,4,4113,4119,4089,4126,2,0.0043964385986328125,0.00177001953125,36,0.04028037190437317,0.007657766342163086,8190,0,0
distractor_heavy,401240,8192,8192,0.5,453754,21,5,4113,4119,4089,4126,2,0.00775146484375,0.0023193359375,56,0.10396480560302734,0.01785564422607422,0,0,0
distractor_heavy,401240,8192,8192,0.5,453754,17,3,4113,4119,4089,4126,2,0.00022602081298828125,8.344650268554688e-05,93,0.01737689971923828,0.004225254058837891,8191,0,0
distractor_heavy,401240,8192,8192,0.5,453754,22,10,4113,4119,4089,4126,2,0.245941162109375,0.09619140625,3,0.7223718166351318,0.02846527099609375,4112,0,1
distractor_heavy,401240,8192,8192,0.5,453754,23,4,4113,4119,4089,4126,2,0.007668256759643555,0.00665283203125,19,0.30329060554504395,0.008732795715332031,0,0,0
distractor_heavy,401240,8192,8192,0.5,453754,20,3,4113,4119,4089,4126,2,0.00013555586338043213,8.440017700195312e-05,54,0.009871695190668106,0.0010614991188049316,8176,0,0
distractor_heavy,401241,8192,8192,0.5,395505,20,7,4072,4078,4048,4085,2,0.0009080171585083008,0.000392913818359375,46,0.005438268184661865,0.01306295394897461,8191,0,0
distractor_heavy,401241,8192,8192,0.5,395505,21,11,4072,4078,4048,4085,2,0.52734375,0.150390625,1,0.7367451190948486,0.0914764404296875,4073,1,1
distractor_heavy,401241,8192,8192,0.5,395505,22,7,4072,4078,4048,4085,2,0.4221034049987793,0.41015625,1,0.9424054026603699,0.014030318707227707,4072,1,1
distractor_heavy,401241,8192,8192,0.5,395505,18,3,4072,4078,4048,4085,2,0.00421905517578125,0.0016632080078125,47,0.06750047206878662,0.033455848693847656,8184,0,0
distractor_heavy,401241,8192,8192,0.5,395505,17,10,4072,4078,4048,4085,2,0.0002841949462890625,5.841255187988281e-05,117,0.10330724716186523,0.0064983367919921875,0,0,0
distractor_heavy,401241,8192,8192,0.5,395505,20,8,4072,4078,4048,4085,2,0.0002484321594238281,0.000133514404296875,34,0.000569409690797329,0.0006466656923294067,8190,0,0
distractor_heavy,401241,8192,8192,0.5,395505,22,0,4072,4078,4048,4085,2,0.000144273042678833,4.291534423828125e-05,162,0.015164047479629517,0.009516015648841858,0,0,0
distractor_heavy,401241,8192,8192,0.5,395505,22,4,4072,4078,4048,4085,2,0.01529693603515625,0.004913330078125,18,0.08917415142059326,0.01741504669189453,8191,0,0
distractor_heavy,401241,8192,8192,0.5,395505,21,0,4072,4078,4048,4085,2,0.025482177734375,0.013671875,5,0.12173891067504883,0.023212432861328125,0,0,0
distractor_heavy,401241,8192,8192,0.5,395505,20,6,4072,4078,4048,4085,2,0.00013905763626098633,6.008148193359375e-05,82,0.021345963701605797,0.00024551525712013245,8190,0,0
distractor_heavy,401241,8192,8192,0.5,395505,20,9,4072,4078,4048,4085,2,0.014726638793945312,0.00616455078125,6,0.017031043767929077,0.0007512643933296204,8190,0,0
distractor_heavy,401241,8192,8192,0.5,395505,21,3,4072,4078,4048,4085,2,0.00011336803436279297,4.982948303222656e-05,106,0.01967814564704895,0.0074329376220703125,0,0,0
distractor_heavy,401241,8192,8192,0.5,395505,21,1,4072,4078,4048,4085,2,0.0004911422729492188,0.00016117095947265625,106,0.05578279495239258,0.006772041320800781,0,0,0
distractor_heavy,401241,8192,8192,0.5,395505,21,4,4072,4078,4048,4085,2,0.0022878646850585938,0.0015869140625,54,0.06922698020935059,0.015577316284179688,8190,0,0
distractor_heavy,401241,8192,8192,0.5,395505,21,5,4072,4078,4048,4085,2,0.007950782775878906,0.005096435546875,30,0.1380929946899414,0.018648624420166016,0,0,0
distractor_heavy,401241,8192,8192,0.5,395505,17,3,4072,4078,4048,4085,2,0.0004265308380126953,0.00015926361083984375,90,0.034169912338256836,0.006543636322021484,8191,0,0
distractor_heavy,401241,8192,8192,0.5,395505,22,10,4072,4078,4048,4085,2,0.166046142578125,0.05517578125,4,0.7357044219970703,0.02201172709465027,4071,0,1
distractor_heavy,401241,8192,8192,0.5,395505,23,4,4072,4078,4048,4085,2,0.006144523620605469,0.0038909912109375,25,0.26825642585754395,0.011273622512817383,0,0,0
distractor_heavy,401241,8192,8192,0.5,395505,20,3,4072,4078,4048,4085,2,0.00023281574249267578,7.867813110351562e-05,66,0.026507090777158737,0.002366006374359131,8176,0,0
