{
  "model_id": "Qwen/Qwen2.5-1.5B-Instruct",
  "n_examples": 40,
  "variants": [
    "literal",
    "alias",
    "paraphrase",
    "relational",
    "distractor_heavy"
  ],
  "top_pairs": [
    [
      21,
      11
    ],
    [
      0,
      8
    ],
    [
      22,
      7
    ],
    [
      21,
      9
    ],
    [
      20,
      2
    ],
    [
      20,
      9
    ],
    [
      17,
      3
    ],
    [
      20,
      3
    ]
  ],
  "random_pairs": [
    [
      0,
      1
    ],
    [
      17,
      6
    ],
    [
      20,
      11
    ],
    [
      20,
      1
    ],
    [
      20,
      10
    ],
    [
      21,
      10
    ],
    [
      21,
      8
    ],
    [
      22,
      6
    ]
  ],
  "intervention_scope": "query",
  "by_variant": {
    "literal": {
      "n": 8,
      "mean_baseline_logprob": -2.038513680299123,
      "mean_delta_topk": -0.406309058268865,
      "mean_delta_randomk": 0.024734824895858792
    },
    "alias": {
      "n": 8,
      "mean_baseline_logprob": -1.850402146577835,
      "mean_delta_topk": -0.35631472865740454,
      "mean_delta_randomk": -0.07544041673342392
    },
    "paraphrase": {
      "n": 8,
      "mean_baseline_logprob": -2.1712203472852707,
      "mean_delta_topk": -0.5183115452528,
      "mean_delta_randomk": -0.04160355528195697
    },
    "relational": {
      "n": 8,
      "mean_baseline_logprob": -1.9126594066619873,
      "mean_delta_topk": -0.2831020255883534,
      "mean_delta_randomk": -0.039440284172693796
    },
    "distractor_heavy": {
      "n": 8,
      "mean_baseline_logprob": -2.088412543137868,
      "mean_delta_topk": -0.3829485972722372,
      "mean_delta_randomk": -0.02651993433634453
    }
  }
}