{
  "model_id": "Qwen/Qwen2.5-1.5B-Instruct",
  "n_examples": 10,
  "variants": [
    "literal",
    "alias",
    "paraphrase",
    "relational",
    "distractor_heavy"
  ],
  "top_pairs": [
    [
      21,
      11
    ],
    [
      0,
      8
    ],
    [
      22,
      7
    ],
    [
      21,
      9
    ],
    [
      20,
      2
    ],
    [
      20,
      9
    ],
    [
      17,
      3
    ],
    [
      20,
      3
    ]
  ],
  "random_pairs": [
    [
      0,
      1
    ],
    [
      17,
      6
    ],
    [
      20,
      11
    ],
    [
      20,
      1
    ],
    [
      20,
      10
    ],
    [
      21,
      10
    ],
    [
      21,
      8
    ],
    [
      22,
      6
    ]
  ],
  "intervention_scope": "all",
  "by_variant": {
    "literal": {
      "n": 2,
      "mean_baseline_logprob": -2.0225814978281655,
      "mean_delta_topk": -0.2878632148106893,
      "mean_delta_randomk": -0.005220452944437737
    },
    "alias": {
      "n": 2,
      "mean_baseline_logprob": -1.9540899594624839,
      "mean_delta_topk": -0.37425518035888683,
      "mean_delta_randomk": -0.03164617220560717
    },
    "paraphrase": {
      "n": 2,
      "mean_baseline_logprob": -2.1544454495112104,
      "mean_delta_topk": -0.3450980087121327,
      "mean_delta_randomk": -0.03530045350392652
    },
    "relational": {
      "n": 2,
      "mean_baseline_logprob": -1.855132500330607,
      "mean_delta_topk": -0.29695423444112146,
      "mean_delta_randomk": -0.0067766507466634485
    },
    "distractor_heavy": {
      "n": 2,
      "mean_baseline_logprob": -1.9801019032796223,
      "mean_delta_topk": -0.36147491137186694,
      "mean_delta_randomk": -0.04669109980265318
    }
  }
}