variant,seed,target_tokens,actual_tokens,needle_frac,gold,layer,head,gold_span_start,gold_span_end,needle_span_start,needle_span_end,n_distractor_spans,gold_mass,gold_max,gold_rank,needle_mass,distractor_mass,argmax_token_index,argmax_in_gold,argmax_in_needle
literal,1234,8192,8191,0.1,915965,20,7,864,870,853,877,1,0.0007410049438476562,0.0003757476806640625,39,0.006024837493896484,0.008884429931640625,8190,0,0
literal,1234,8192,8191,0.1,915965,21,11,864,870,853,877,1,0.481201171875,0.15625,1,0.6573381423950195,0.095245361328125,867,1,1
literal,1234,8192,8191,0.1,915965,22,7,864,870,853,877,1,0.3677346706390381,0.365234375,1,0.6047723293304443,0.02689528465270996,864,1,1
literal,1234,8192,8191,0.1,915965,18,3,864,870,853,877,1,0.003040313720703125,0.000827789306640625,63,0.05986142158508301,0.02901458740234375,8182,0,0
literal,1234,8192,8191,0.1,915965,17,10,864,870,853,877,1,0.0004913806915283203,0.0001659393310546875,92,0.07205796241760254,0.00919342041015625,0,0,0
literal,1234,8192,8191,0.1,915965,20,8,864,870,853,877,1,4.811584949493408e-05,1.7881393432617188e-05,53,0.0003079022280871868,0.00173187255859375,8189,0,0
literal,1234,8192,8191,0.1,915965,22,0,864,870,853,877,1,1.611188054084778e-05,1.0073184967041016e-05,288,6.930902600288391e-05,3.906339406967163e-05,8190,0,0
literal,1234,8192,8191,0.1,915965,22,4,864,870,853,877,1,0.0016307830810546875,0.0008087158203125,26,0.012852385640144348,0.0033521652221679688,8183,0,0
literal,1234,8192,8191,0.1,915965,21,0,864,870,853,877,1,0.006206512451171875,0.00151824951171875,18,0.015507340431213379,0.0044193267822265625,0,0,0
literal,1234,8192,8191,0.1,915965,20,6,864,870,853,877,1,0.0002480745315551758,7.390975952148438e-05,72,0.05966252088546753,0.00046455860137939453,8190,0,0
literal,1234,8192,8191,0.1,915965,20,9,864,870,853,877,1,0.0019183158874511719,0.00060272216796875,17,0.004045054782181978,0.007129669189453125,8189,0,0
literal,1234,8192,8191,0.1,915965,21,3,864,870,853,877,1,0.00022339820861816406,5.340576171875e-05,85,0.017286688089370728,0.0015268325805664062,0,0,0
literal,1234,8192,8191,0.1,915965,21,1,864,870,853,877,1,0.00016427040100097656,4.887580871582031e-05,116,0.05500340461730957,0.0020780563354492188,0,0,0
literal,1234,8192,8191,0.1,915965,21,4,864,870,853,877,1,0.0045337677001953125,0.00146484375,37,0.03742453455924988,0.005756378173828125,8189,0,0
literal,1234,8192,8191,0.1,915965,21,5,864,870,853,877,1,0.004913330078125,0.00136566162109375,47,0.09859848022460938,0.0013799667358398438,0,0,0
literal,1234,8192,8191,0.1,915965,17,3,864,870,853,877,1,0.0001285076141357422,4.673004150390625e-05,88,0.0039743781089782715,0.0085296630859375,8190,0,0
literal,1234,8192,8191,0.1,915965,22,10,864,870,853,877,1,0.09930419921875,0.037109375,8,0.5892972946166992,0.0035457611083984375,871,0,1
literal,1234,8192,8191,0.1,915965,23,4,864,870,853,877,1,0.046295166015625,0.041259765625,8,0.32324016094207764,0.013051986694335938,0,0,0
literal,1234,8192,8191,0.1,915965,20,3,864,870,853,877,1,0.001024007797241211,0.000705718994140625,28,0.029037892818450928,0.0009176731109619141,8178,0,0
literal,1235,8192,8193,0.1,822782,20,7,840,846,829,853,1,0.0007402896881103516,0.00024127960205078125,41,0.007347583770751953,0.008968353271484375,8192,0,0
literal,1235,8192,8193,0.1,822782,21,11,840,846,829,853,1,0.481689453125,0.1455078125,1,0.6767082214355469,0.09130859375,843,1,1
literal,1235,8192,8193,0.1,822782,22,7,840,846,829,853,1,0.4358675479888916,0.43359375,1,0.7214334011077881,0.023710131645202637,840,1,1
literal,1235,8192,8193,0.1,822782,18,3,840,846,829,853,1,0.0034699440002441406,0.00109100341796875,58,0.07099604606628418,0.02365875244140625,8184,0,0
literal,1235,8192,8193,0.1,822782,17,10,840,846,829,853,1,0.0008187294006347656,0.0001621246337890625,89,0.08054971694946289,0.01294708251953125,0,0,0
literal,1235,8192,8193,0.1,822782,20,8,840,846,829,853,1,0.00012153387069702148,4.6253204345703125e-05,45,0.000507305609062314,0.0015456676483154297,8184,0,0
literal,1235,8192,8193,0.1,822782,22,0,840,846,829,853,1,2.3499131202697754e-05,1.2576580047607422e-05,271,0.0006892606616020203,4.332885146141052e-05,0,0,0
literal,1235,8192,8193,0.1,822782,22,4,840,846,829,853,1,0.0046062469482421875,0.00147247314453125,22,0.024556756019592285,0.0046596527099609375,8185,0,0
literal,1235,8192,8193,0.1,822782,21,0,840,846,829,853,1,0.007038116455078125,0.00201416015625,10,0.015604555606842041,0.0040645599365234375,0,0,0
literal,1235,8192,8193,0.1,822782,20,6,840,846,829,853,1,0.0003796219825744629,0.00012493133544921875,71,0.056051671504974365,0.0008852481842041016,8192,0,0
literal,1235,8192,8193,0.1,822782,20,9,840,846,829,853,1,0.0015716552734375,0.0003948211669921875,19,0.002947924891486764,0.00565338134765625,8191,0,0
literal,1235,8192,8193,0.1,822782,21,3,840,846,829,853,1,0.00023382902145385742,9.72747802734375e-05,78,0.008936047554016113,0.001445770263671875,0,0,0
literal,1235,8192,8193,0.1,822782,21,1,840,846,829,853,1,0.00031125545501708984,0.00010061264038085938,96,0.04564988613128662,0.0025205612182617188,0,0,0
literal,1235,8192,8193,0.1,822782,21,4,840,846,829,853,1,0.01108551025390625,0.006805419921875,16,0.03945912420749664,0.006076812744140625,8191,0,0
literal,1235,8192,8193,0.1,822782,21,5,840,846,829,853,1,0.006832122802734375,0.003173828125,34,0.0870809555053711,0.0016613006591796875,0,0,0
literal,1235,8192,8193,0.1,822782,17,3,840,846,829,853,1,0.00014954805374145508,7.867813110351562e-05,80,0.004904210567474365,0.00836181640625,8192,0,0
literal,1235,8192,8193,0.1,822782,22,10,840,846,829,853,1,0.086181640625,0.031982421875,11,0.5122144222259521,0.0027260780334472656,0,0,0
literal,1235,8192,8193,0.1,822782,23,4,840,846,829,853,1,0.031154632568359375,0.0234375,11,0.2994261384010315,0.01667499542236328,0,0,0
literal,1235,8192,8193,0.1,822782,20,3,840,846,829,853,1,0.0022922754287719727,0.00138092041015625,26,0.038877665996551514,0.0016179084777832031,8180,0,0
literal,1236,8192,8192,0.1,659279,20,7,839,845,828,852,1,0.0009902715682983398,0.0002841949462890625,40,0.007277488708496094,0.00925445556640625,8191,0,0
literal,1236,8192,8192,0.1,659279,21,11,839,845,828,852,1,0.54833984375,0.150390625,1,0.7208738327026367,0.0814056396484375,841,1,1
literal,1236,8192,8192,0.1,659279,22,7,839,845,828,852,1,0.6724104881286621,0.6640625,1,0.8400226831436157,0.030198127031326294,839,1,1
literal,1236,8192,8192,0.1,659279,18,3,839,845,828,852,1,0.004150390625,0.001220703125,55,0.06612420082092285,0.0327911376953125,8179,0,0
literal,1236,8192,8192,0.1,659279,17,10,839,845,828,852,1,0.0006947517395019531,0.0001468658447265625,92,0.07120180130004883,0.01071929931640625,0,0,0
literal,1236,8192,8192,0.1,659279,20,8,839,845,828,852,1,0.00017341971397399902,7.43865966796875e-05,43,0.0005778507329523563,0.0015347003936767578,8183,0,0
literal,1236,8192,8192,0.1,659279,22,0,839,845,828,852,1,5.3063035011291504e-05,2.3484230041503906e-05,173,0.0006236471235752106,4.9486756324768066e-05,8191,0,0
literal,1236,8192,8192,0.1,659279,22,4,839,845,828,852,1,0.003204345703125,0.001068115234375,29,0.021734774112701416,0.0053234100341796875,8184,0,0
literal,1236,8192,8192,0.1,659279,21,0,839,845,828,852,1,0.010347366333007812,0.004608154296875,7,0.021808326244354248,0.005555152893066406,0,0,0
literal,1236,8192,8192,0.1,659279,20,6,839,845,828,852,1,0.00044095516204833984,0.00018024444580078125,67,0.06408268213272095,0.0005180835723876953,8191,0,0
literal,1236,8192,8192,0.1,659279,20,9,839,845,828,852,1,0.0026845932006835938,0.000885009765625,16,0.004294337704777718,0.006183624267578125,8190,0,0
literal,1236,8192,8192,0.1,659279,21,3,839,845,828,852,1,0.00024127960205078125,7.62939453125e-05,87,0.009775161743164062,0.0018138885498046875,0,0,0
literal,1236,8192,8192,0.1,659279,21,1,839,845,828,852,1,0.0003981590270996094,0.00010013580322265625,100,0.04417276382446289,0.0023789405822753906,0,0,0
literal,1236,8192,8192,0.1,659279,21,4,839,845,828,852,1,0.010416984558105469,0.004974365234375,19,0.0333256870508194,0.0047817230224609375,8190,0,0
literal,1236,8192,8192,0.1,659279,21,5,839,845,828,852,1,0.0061016082763671875,0.00189971923828125,45,0.0794367790222168,0.0015447139739990234,0,0,0
literal,1236,8192,8192,0.1,659279,17,3,839,845,828,852,1,0.00017207860946655273,5.53131103515625e-05,85,0.004618406295776367,0.00896453857421875,8191,0,0
literal,1236,8192,8192,0.1,659279,22,10,839,845,828,852,1,0.150634765625,0.051513671875,7,0.5427532196044922,0.0035953521728515625,0,0,0
literal,1236,8192,8192,0.1,659279,23,4,839,845,828,852,1,0.03331947326660156,0.0289306640625,9,0.28708040714263916,0.01757645606994629,0,0,0
literal,1236,8192,8192,0.1,659279,20,3,839,845,828,852,1,0.001919865608215332,0.00128173828125,24,0.03328061103820801,0.0006583929061889648,8179,0,0
literal,1237,8192,8191,0.1,255903,20,7,846,852,835,859,1,0.0022153854370117188,0.00077056884765625,30,0.0091286301612854,0.007282257080078125,8190,0,0
literal,1237,8192,8191,0.1,255903,21,11,846,852,835,859,1,0.5489501953125,0.23046875,1,0.75286865234375,0.0673828125,848,1,1
literal,1237,8192,8191,0.1,255903,22,7,846,852,835,859,1,0.34311676025390625,0.32421875,1,0.7241508960723877,0.019641637802124023,846,1,1
literal,1237,8192,8191,0.1,255903,18,3,846,852,835,859,1,0.0041942596435546875,0.00171661376953125,51,0.07381367683410645,0.0294952392578125,8178,0,0
literal,1237,8192,8191,0.1,255903,17,10,846,852,835,859,1,0.0007624626159667969,0.00020694732666015625,87,0.0655980110168457,0.01000213623046875,0,0,0
literal,1237,8192,8191,0.1,255903,20,8,846,852,835,859,1,0.00017334520816802979,8.153915405273438e-05,42,0.0005598480347543955,0.0014729499816894531,8182,0,0
literal,1237,8192,8191,0.1,255903,22,0,846,852,835,859,1,1.734774559736252e-05,1.609325408935547e-05,270,0.0004474921151995659,4.437565803527832e-05,0,0,0
literal,1237,8192,8191,0.1,255903,22,4,846,852,835,859,1,0.0013699531555175781,0.000484466552734375,39,0.029983818531036377,0.0024580955505371094,8183,0,0
literal,1237,8192,8191,0.1,255903,21,0,846,852,835,859,1,0.01186370849609375,0.005828857421875,4,0.025701284408569336,0.0058116912841796875,0,0,0
literal,1237,8192,8191,0.1,255903,20,6,846,852,835,859,1,0.000502467155456543,0.00014591217041015625,68,0.056942522525787354,0.0004118680953979492,8190,0,0
literal,1237,8192,8191,0.1,255903,20,9,846,852,835,859,1,0.0034914016723632812,0.000942230224609375,15,0.005136091262102127,0.006656646728515625,8189,0,0
literal,1237,8192,8191,0.1,255903,21,3,846,852,835,859,1,0.00033545494079589844,0.0001087188720703125,81,0.017720401287078857,0.0017390251159667969,0,0,0
literal,1237,8192,8191,0.1,255903,21,1,846,852,835,859,1,0.0007727146148681641,0.00034332275390625,77,0.04233956336975098,0.0029935836791992188,0,0,0
literal,1237,8192,8191,0.1,255903,21,4,846,852,835,859,1,0.008480548858642578,0.00457763671875,20,0.04293031990528107,0.0056056976318359375,8189,0,0
literal,1237,8192,8191,0.1,255903,21,5,846,852,835,859,1,0.00910186767578125,0.004058837890625,26,0.08640480041503906,0.0011281967163085938,0,0,0
literal,1237,8192,8191,0.1,255903,17,3,846,852,835,859,1,0.00010588765144348145,3.337860107421875e-05,87,0.0039605796337127686,0.0074920654296875,8190,0,0
literal,1237,8192,8191,0.1,255903,22,10,846,852,835,859,1,0.1954345703125,0.055908203125,5,0.6264318227767944,0.002657651901245117,853,0,1
literal,1237,8192,8191,0.1,255903,23,4,846,852,835,859,1,0.02458953857421875,0.0159912109375,15,0.2689852714538574,0.018901824951171875,0,0,0
literal,1237,8192,8191,0.1,255903,20,3,846,852,835,859,1,0.004272937774658203,0.00183868408203125,24,0.042729586362838745,0.0008907914161682129,8178,0,0
literal,1238,8192,8192,0.1,127404,20,7,851,857,840,864,1,0.0006583333015441895,0.0002613067626953125,38,0.005633920431137085,0.007244110107421875,8191,0,0
literal,1238,8192,8192,0.1,127404,21,11,851,857,840,864,1,0.510009765625,0.173828125,1,0.7336301803588867,0.084197998046875,854,1,1
literal,1238,8192,8192,0.1,127404,22,7,851,857,840,864,1,0.24632740020751953,0.2373046875,1,0.6393409967422485,0.010468758642673492,851,1,1
literal,1238,8192,8192,0.1,127404,18,3,851,857,840,864,1,0.0031681060791015625,0.001312255859375,53,0.06745457649230957,0.036022186279296875,8184,0,0
literal,1238,8192,8192,0.1,127404,17,10,851,857,840,864,1,0.0007696151733398438,0.00023746490478515625,86,0.07963848114013672,0.008411407470703125,0,0,0
literal,1238,8192,8192,0.1,127404,20,8,851,857,840,864,1,9.79304313659668e-05,3.0040740966796875e-05,52,0.000504941213876009,0.0020284652709960938,8183,0,0
literal,1238,8192,8192,0.1,127404,22,0,851,857,840,864,1,4.822388291358948e-06,2.1457672119140625e-06,1122,0.0002089422196149826,4.9758702516555786e-05,0,0,0
literal,1238,8192,8192,0.1,127404,22,4,851,857,840,864,1,0.0020799636840820312,0.000888824462890625,28,0.026754945516586304,0.0036487579345703125,8184,0,0
literal,1238,8192,8192,0.1,127404,21,0,851,857,840,864,1,0.0101318359375,0.004364013671875,8,0.023136377334594727,0.005096435546875,0,0,0
literal,1238,8192,8192,0.1,127404,20,6,851,857,840,864,1,0.0004591941833496094,0.0001659393310546875,65,0.07441240549087524,0.000561833381652832,8191,0,0
literal,1238,8192,8192,0.1,127404,20,9,851,857,840,864,1,0.0027866363525390625,0.00104522705078125,15,0.005025320220738649,0.0067844390869140625,8190,0,0
literal,1238,8192,8192,0.1,127404,21,3,851,857,840,864,1,0.0003647804260253906,0.000225067138671875,64,0.022045433521270752,0.0017838478088378906,0,0,0
literal,1238,8192,8192,0.1,127404,21,1,851,857,840,864,1,0.00028824806213378906,0.00011014938354492188,93,0.038622140884399414,0.0030727386474609375,0,0,0
literal,1238,8192,8192,0.1,127404,21,4,851,857,840,864,1,0.006390571594238281,0.0025482177734375,29,0.053162604570388794,0.0052947998046875,8190,0,0
literal,1238,8192,8192,0.1,127404,21,5,851,857,840,864,1,0.006210803985595703,0.0027618408203125,36,0.09992361068725586,0.0012068748474121094,0,0,0
literal,1238,8192,8192,0.1,127404,17,3,851,857,840,864,1,0.00013056397438049316,4.863739013671875e-05,85,0.004522114992141724,0.008096694946289062,8191,0,0
literal,1238,8192,8192,0.1,127404,22,10,851,857,840,864,1,0.1376953125,0.0283203125,12,0.6007227897644043,0.002173185348510742,845,0,1
literal,1238,8192,8192,0.1,127404,23,4,851,857,840,864,1,0.0399627685546875,0.01904296875,12,0.3231937885284424,0.02160501480102539,0,0,0
literal,1238,8192,8192,0.1,127404,20,3,851,857,840,864,1,0.001957416534423828,0.00102996826171875,27,0.033907726407051086,0.0007102489471435547,8179,0,0
literal,1239,8192,8192,0.1,178315,20,7,844,850,833,857,1,0.0028362274169921875,0.00141143798828125,21,0.008039996027946472,0.007755279541015625,8191,0,0
literal,1239,8192,8192,0.1,178315,21,11,844,850,833,857,1,0.535400390625,0.1826171875,1,0.7320537567138672,0.069000244140625,847,1,1
literal,1239,8192,8192,0.1,178315,22,7,844,850,833,857,1,0.46941518783569336,0.443359375,1,0.7945619821548462,0.013209149241447449,844,1,1
literal,1239,8192,8192,0.1,178315,18,3,844,850,833,857,1,0.0035762786865234375,0.00128936767578125,53,0.0715947151184082,0.0295257568359375,8184,0,0
literal,1239,8192,8192,0.1,178315,17,10,844,850,833,857,1,0.000728607177734375,0.000225067138671875,87,0.07851409912109375,0.008892059326171875,0,0,0
literal,1239,8192,8192,0.1,178315,20,8,844,850,833,857,1,0.00013475865125656128,6.341934204101562e-05,40,0.0004584421403706074,0.0012631416320800781,8183,0,0
literal,1239,8192,8192,0.1,178315,22,0,844,850,833,857,1,0.0002087191678583622,0.00015735626220703125,24,0.00033803703263401985,5.30146062374115e-05,0,0,0
literal,1239,8192,8192,0.1,178315,22,4,844,850,833,857,1,0.002258777618408203,0.0009918212890625,29,0.02132764458656311,0.0040645599365234375,8184,0,0
literal,1239,8192,8192,0.1,178315,21,0,844,850,833,857,1,0.0074558258056640625,0.0038299560546875,5,0.015712320804595947,0.003932952880859375,0,0,0
literal,1239,8192,8192,0.1,178315,20,6,844,850,833,857,1,0.0006241798400878906,0.0001964569091796875,68,0.055262207984924316,0.0007112026214599609,8191,0,0
literal,1239,8192,8192,0.1,178315,20,9,844,850,833,857,1,0.0045566558837890625,0.0014190673828125,12,0.00593147985637188,0.00567626953125,8190,0,0
literal,1239,8192,8192,0.1,178315,21,3,844,850,833,857,1,0.00038355588912963867,0.0001983642578125,70,0.01271134614944458,0.0017409324645996094,0,0,0
literal,1239,8192,8192,0.1,178315,21,1,844,850,833,857,1,0.0004693269729614258,0.0001583099365234375,88,0.048259854316711426,0.002364635467529297,0,0,0
literal,1239,8192,8192,0.1,178315,21,4,844,850,833,857,1,0.0071563720703125,0.003631591796875,21,0.0397760272026062,0.00402069091796875,8190,0,0
literal,1239,8192,8192,0.1,178315,21,5,844,850,833,857,1,0.006496429443359375,0.002410888671875,38,0.08077001571655273,0.0012280941009521484,0,0,0
literal,1239,8192,8192,0.1,178315,17,3,844,850,833,857,1,0.00013959407806396484,4.124641418457031e-05,87,0.004579901695251465,0.0078582763671875,8191,0,0
literal,1239,8192,8192,0.1,178315,22,10,844,850,833,857,1,0.134033203125,0.0341796875,10,0.5551851987838745,0.002557992935180664,0,0,0
literal,1239,8192,8192,0.1,178315,23,4,844,850,833,857,1,0.024257659912109375,0.0125732421875,14,0.31851983070373535,0.01800537109375,0,0,0
literal,1239,8192,8192,0.1,178315,20,3,844,850,833,857,1,0.0033974647521972656,0.0014801025390625,23,0.04797571897506714,0.0011396408081054688,8179,0,0
literal,1240,8192,8191,0.1,779361,20,7,839,845,828,852,1,0.0009393692016601562,0.000377655029296875,38,0.007444024085998535,0.00852203369140625,8190,0,0
literal,1240,8192,8191,0.1,779361,21,11,839,845,828,852,1,0.55078125,0.16015625,1,0.7434606552124023,0.065185546875,842,1,1
literal,1240,8192,8191,0.1,779361,22,7,839,845,828,852,1,0.5818729400634766,0.57421875,1,0.8142074346542358,0.017501771450042725,839,1,1
literal,1240,8192,8191,0.1,779361,18,3,839,845,828,852,1,0.00331878662109375,0.000751495361328125,66,0.07061934471130371,0.02680206298828125,8178,0,0
literal,1240,8192,8191,0.1,779361,17,10,839,845,828,852,1,0.0006995201110839844,0.0001735687255859375,91,0.07526826858520508,0.01007843017578125,0,0,0
literal,1240,8192,8191,0.1,779361,20,8,839,845,828,852,1,0.00015423446893692017,4.506111145019531e-05,49,0.0005269888788461685,0.001056671142578125,8182,0,0
literal,1240,8192,8191,0.1,779361,22,0,839,845,828,852,1,7.330626249313354e-05,2.5153160095214844e-05,149,0.0003309473395347595,3.983825445175171e-05,8190,0,0
literal,1240,8192,8191,0.1,779361,22,4,839,845,828,852,1,0.00365447998046875,0.0015411376953125,23,0.019611001014709473,0.00357818603515625,8183,0,0
literal,1240,8192,8191,0.1,779361,21,0,839,845,828,852,1,0.010862350463867188,0.005035400390625,5,0.020753830671310425,0.0037078857421875,0,0,0
literal,1240,8192,8191,0.1,779361,20,6,839,845,828,852,1,0.0004673004150390625,0.000133514404296875,73,0.069161057472229,0.0004923343658447266,8190,0,0
literal,1240,8192,8191,0.1,779361,20,9,839,845,828,852,1,0.0027403831481933594,0.00136566162109375,11,0.004261414520442486,0.0047626495361328125,8189,0,0
literal,1240,8192,8191,0.1,779361,21,3,839,845,828,852,1,0.0005664825439453125,0.00018978118896484375,69,0.00982654094696045,0.0014085769653320312,0,0,0
literal,1240,8192,8191,0.1,779361,21,1,839,845,828,852,1,0.00042366981506347656,0.00010967254638671875,99,0.045557260513305664,0.001750946044921875,0,0,0
literal,1240,8192,8191,0.1,779361,21,4,839,845,828,852,1,0.01316070556640625,0.004974365234375,19,0.037228941917419434,0.0041255950927734375,8189,0,0
literal,1240,8192,8191,0.1,779361,21,5,839,845,828,852,1,0.007434844970703125,0.0024261474609375,38,0.08141899108886719,0.000980377197265625,0,0,0
literal,1240,8192,8191,0.1,779361,17,3,839,845,828,852,1,0.00018829107284545898,6.008148193359375e-05,84,0.004473567008972168,0.0069580078125,8190,0,0
literal,1240,8192,8191,0.1,779361,22,10,839,845,828,852,1,0.112640380859375,0.03515625,10,0.5296918153762817,0.002565622329711914,0,0,0
literal,1240,8192,8191,0.1,779361,23,4,839,845,828,852,1,0.03479766845703125,0.032470703125,8,0.3338592052459717,0.007829904556274414,0,0,0
literal,1240,8192,8191,0.1,779361,20,3,839,845,828,852,1,0.0020530223846435547,0.00118255615234375,26,0.04425764083862305,0.0007920265197753906,8178,0,0
literal,1241,8192,8192,0.1,731022,20,7,858,864,847,871,1,0.0005123615264892578,0.000148773193359375,58,0.005510784685611725,0.0076770782470703125,8191,0,0
literal,1241,8192,8192,0.1,731022,21,11,858,864,847,871,1,0.524169921875,0.1279296875,1,0.7215347290039062,0.0830230712890625,860,1,1
literal,1241,8192,8192,0.1,731022,22,7,858,864,847,871,1,0.4576389193534851,0.455078125,1,0.7107058167457581,0.06695421040058136,858,1,1
literal,1241,8192,8192,0.1,731022,18,3,858,864,847,871,1,0.002933502197265625,0.00067138671875,65,0.05760359764099121,0.01836395263671875,8184,0,0
literal,1241,8192,8192,0.1,731022,17,10,858,864,847,871,1,0.0005984306335449219,0.00012874603271484375,89,0.07270097732543945,0.0087127685546875,0,0,0
literal,1241,8192,8192,0.1,731022,20,8,858,864,847,871,1,0.00013466179370880127,6.818771362304688e-05,46,0.0005379747599363327,0.0008733272552490234,8183,0,0
literal,1241,8192,8192,0.1,731022,22,0,858,864,847,871,1,4.090950824320316e-06,3.7103891372680664e-06,584,6.880483124405146e-05,3.290921449661255e-05,8191,0,0
literal,1241,8192,8192,0.1,731022,22,4,858,864,847,871,1,0.002071380615234375,0.000736236572265625,26,0.013396799564361572,0.002480745315551758,8184,0,0
literal,1241,8192,8192,0.1,731022,21,0,858,864,847,871,1,0.01395416259765625,0.0062255859375,6,0.030221939086914062,0.007099151611328125,0,0,0
literal,1241,8192,8192,0.1,731022,20,6,858,864,847,871,1,0.00022333860397338867,5.7220458984375e-05,85,0.08862721920013428,0.00025218725204467773,8191,0,0
literal,1241,8192,8192,0.1,731022,20,9,858,864,847,871,1,0.0024204254150390625,0.000827789306640625,14,0.005342450924217701,0.0051403045654296875,8190,0,0
literal,1241,8192,8192,0.1,731022,21,3,858,864,847,871,1,0.0003662109375,9.72747802734375e-05,76,0.02332150936126709,0.0012173652648925781,0,0,0
literal,1241,8192,8192,0.1,731022,21,1,858,864,847,871,1,0.0003063678741455078,9.72747802734375e-05,97,0.045584917068481445,0.0019550323486328125,0,0,0
literal,1241,8192,8192,0.1,731022,21,4,858,864,847,871,1,0.006148338317871094,0.003570556640625,25,0.044345080852508545,0.0033502578735351562,8191,0,0
literal,1241,8192,8192,0.1,731022,21,5,858,864,847,871,1,0.00649261474609375,0.0024871826171875,38,0.09642744064331055,0.0007872581481933594,0,0,0
literal,1241,8192,8192,0.1,731022,17,3,858,864,847,871,1,0.00015336275100708008,7.43865966796875e-05,79,0.0038962960243225098,0.00760650634765625,8191,0,0
literal,1241,8192,8192,0.1,731022,22,10,858,864,847,871,1,0.1241455078125,0.039794921875,8,0.5801918506622314,0.0031633377075195312,865,0,1
literal,1241,8192,8192,0.1,731022,23,4,858,864,847,871,1,0.04066276550292969,0.03369140625,8,0.3002796173095703,0.011876106262207031,0,0,0
literal,1241,8192,8192,0.1,731022,20,3,858,864,847,871,1,0.0010378360748291016,0.000644683837890625,31,0.02986389398574829,0.0005230903625488281,8179,0,0
alias,101234,8192,8192,0.1,476403,20,7,858,864,843,871,1,0.00029671192169189453,9.107589721679688e-05,75,0.005836576223373413,0.011356353759765625,8191,0,0
alias,101234,8192,8192,0.1,476403,21,11,858,864,843,871,1,0.715087890625,0.220703125,1,0.8280386924743652,0.0710601806640625,860,1,1
alias,101234,8192,8192,0.1,476403,22,7,858,864,843,871,1,0.8332905769348145,0.8203125,1,0.9317717552185059,0.007762052118778229,858,1,1
alias,101234,8192,8192,0.1,476403,18,3,858,864,843,871,1,0.004584312438964844,0.0021514892578125,54,0.09081029891967773,0.007915496826171875,8184,0,0
alias,101234,8192,8192,0.1,476403,17,10,858,864,843,871,1,0.0005133152008056641,0.0001468658447265625,97,0.08340287208557129,0.005695343017578125,0,0,0
alias,101234,8192,8192,0.1,476403,20,8,858,864,843,871,1,6.829202175140381e-05,3.838539123535156e-05,52,0.00024011824280023575,0.0007499456405639648,8190,0,0
alias,101234,8192,8192,0.1,476403,22,0,858,864,843,871,1,8.071074262261391e-07,3.9301812648773193e-07,2853,0.0003843927988782525,4.366040229797363e-05,8191,0,0
alias,101234,8192,8192,0.1,476403,22,4,858,864,843,871,1,0.0022411346435546875,0.000518798828125,39,0.014623045921325684,0.0044384002685546875,8191,0,0
alias,101234,8192,8192,0.1,476403,21,0,858,864,843,871,1,0.01831817626953125,0.0042724609375,13,0.05233049392700195,0.003437042236328125,0,0,0
alias,101234,8192,8192,0.1,476403,20,6,858,864,843,871,1,0.0005195140838623047,0.00020503997802734375,59,0.09124208986759186,0.0002503395080566406,0,0,0
alias,101234,8192,8192,0.1,476403,20,9,858,864,843,871,1,0.0004851818084716797,0.0001773834228515625,17,0.0010501444339752197,0.001340627670288086,8190,0,0
alias,101234,8192,8192,0.1,476403,21,3,858,864,843,871,1,0.0009303092956542969,0.000274658203125,67,0.025032222270965576,0.002186298370361328,0,0,0
alias,101234,8192,8192,0.1,476403,21,1,858,864,843,871,1,0.00023132562637329102,6.580352783203125e-05,101,0.04872018098831177,0.0018229484558105469,0,0,0
alias,101234,8192,8192,0.1,476403,21,4,858,864,843,871,1,0.028789520263671875,0.00927734375,16,0.10614600777626038,0.0023708343505859375,8190,0,0
alias,101234,8192,8192,0.1,476403,21,5,858,864,843,871,1,0.0091094970703125,0.002532958984375,39,0.12228679656982422,0.0025238990783691406,0,0,0
alias,101234,8192,8192,0.1,476403,17,3,858,864,843,871,1,0.00013768672943115234,4.649162292480469e-05,88,0.004581093788146973,0.0083770751953125,8191,0,0
alias,101234,8192,8192,0.1,476403,22,10,858,864,843,871,1,0.55108642578125,0.185546875,1,0.8370670080184937,0.0027848482131958008,863,1,1
alias,101234,8192,8192,0.1,476403,23,4,858,864,843,871,1,0.07515716552734375,0.03955078125,6,0.27192533016204834,0.01448965072631836,0,0,0
alias,101234,8192,8192,0.1,476403,20,3,858,864,843,871,1,0.00010189414024353027,5.9604644775390625e-05,62,0.007632136344909668,0.0004483461380004883,8176,0,0
alias,101235,8192,8192,0.1,419257,20,7,829,835,815,842,1,0.0006847381591796875,0.0002079010009765625,53,0.0037322044372558594,0.010908126831054688,8191,0,0
alias,101235,8192,8192,0.1,419257,21,11,829,835,815,842,1,0.755615234375,0.2099609375,1,0.8748540878295898,0.0455780029296875,832,1,1
alias,101235,8192,8192,0.1,419257,22,7,829,835,815,842,1,0.8429040908813477,0.8359375,1,0.940190315246582,0.004122842103242874,829,1,1
alias,101235,8192,8192,0.1,419257,18,3,829,835,815,842,1,0.0035524368286132812,0.00138092041015625,59,0.0821685791015625,0.01186370849609375,8184,0,0
alias,101235,8192,8192,0.1,419257,17,10,829,835,815,842,1,0.0006308555603027344,0.0001373291015625,98,0.08155584335327148,0.00592803955078125,0,0,0
alias,101235,8192,8192,0.1,419257,20,8,829,835,815,842,1,7.40736722946167e-05,3.4809112548828125e-05,55,0.0002945822197943926,0.0009713172912597656,8190,0,0
alias,101235,8192,8192,0.1,419257,22,0,829,835,815,842,1,1.2899748980998993e-05,9.5367431640625e-06,327,0.0001514083705842495,6.102025508880615e-05,8191,0,0
alias,101235,8192,8192,0.1,419257,22,4,829,835,815,842,1,0.007890701293945312,0.0026702880859375,19,0.025424540042877197,0.005123138427734375,8191,0,0
alias,101235,8192,8192,0.1,419257,21,0,829,835,815,842,1,0.00775909423828125,0.00244140625,15,0.023662090301513672,0.0019049644470214844,0,0,0
alias,101235,8192,8192,0.1,419257,20,6,829,835,815,842,1,0.0003845691680908203,0.00010061264038085938,70,0.08199930191040039,0.00037401914596557617,8191,0,0
alias,101235,8192,8192,0.1,419257,20,9,829,835,815,842,1,0.0005075931549072266,0.00012111663818359375,20,0.0011440720409154892,0.0018951892852783203,8190,0,0
alias,101235,8192,8192,0.1,419257,21,3,829,835,815,842,1,0.0005637407302856445,0.00023555755615234375,74,0.011318385601043701,0.002071380615234375,0,0,0
alias,101235,8192,8192,0.1,419257,21,1,829,835,815,842,1,0.0003018379211425781,6.437301635742188e-05,99,0.05206871032714844,0.0017385482788085938,0,0,0
alias,101235,8192,8192,0.1,419257,21,4,829,835,815,842,1,0.02547454833984375,0.0084228515625,17,0.07907205820083618,0.0020759105682373047,8190,0,0
alias,101235,8192,8192,0.1,419257,21,5,829,835,815,842,1,0.007068634033203125,0.002197265625,45,0.1334075927734375,0.0018544197082519531,0,0,0
alias,101235,8192,8192,0.1,419257,17,3,829,835,815,842,1,0.0002548694610595703,6.771087646484375e-05,85,0.005398750305175781,0.00951385498046875,8191,0,0
alias,101235,8192,8192,0.1,419257,22,10,829,835,815,842,1,0.47723388671875,0.1748046875,1,0.829405665397644,0.0022959113121032715,829,1,1
alias,101235,8192,8192,0.1,419257,23,4,829,835,815,842,1,0.07646942138671875,0.03466796875,7,0.32124292850494385,0.009902000427246094,0,0,0
alias,101235,8192,8192,0.1,419257,20,3,829,835,815,842,1,0.00019571185111999512,0.00010251998901367188,55,0.013232231140136719,0.0007687807083129883,8177,0,0
alias,101236,8192,8192,0.1,896301,20,7,869,875,855,882,1,0.00014674663543701172,3.7670135498046875e-05,125,0.0031936168670654297,0.007236480712890625,8191,0,0
alias,101236,8192,8192,0.1,896301,21,11,869,875,855,882,1,0.71484375,0.298828125,1,0.8707013130187988,0.02887725830078125,871,1,1
alias,101236,8192,8192,0.1,896301,22,7,869,875,855,882,1,0.8725757598876953,0.86328125,1,0.944415807723999,0.0030168071389198303,869,1,1
alias,101236,8192,8192,0.1,896301,18,3,869,875,855,882,1,0.0030465126037597656,0.00160980224609375,59,0.05813884735107422,0.009357452392578125,8184,0,0
alias,101236,8192,8192,0.1,896301,17,10,869,875,855,882,1,0.0004012584686279297,0.00011205673217773438,101,0.0795142650604248,0.00557708740234375,0,0,0
alias,101236,8192,8192,0.1,896301,20,8,869,875,855,882,1,5.877763032913208e-05,3.457069396972656e-05,51,0.00014938483946025372,0.0006891489028930664,8190,0,0
alias,101236,8192,8192,0.1,896301,22,0,869,875,855,882,1,4.4300686568021774e-06,3.069639205932617e-06,691,3.3607007935643196e-05,6.396323442459106e-05,8191,0,0
alias,101236,8192,8192,0.1,896301,22,4,869,875,855,882,1,0.0021147727966308594,0.000823974609375,34,0.01093176007270813,0.0038661956787109375,8191,0,0
alias,101236,8192,8192,0.1,896301,21,0,869,875,855,882,1,0.01995849609375,0.005615234375,7,0.047707319259643555,0.002597808837890625,0,0,0
alias,101236,8192,8192,0.1,896301,20,6,869,875,855,882,1,0.0006299018859863281,0.00029754638671875,59,0.051121488213539124,0.00039589405059814453,8190,0,0
alias,101236,8192,8192,0.1,896301,20,9,869,875,855,882,1,0.0007812976837158203,0.00041961669921875,11,0.001186660025268793,0.0014061927795410156,8190,0,0
alias,101236,8192,8192,0.1,896301,21,3,869,875,855,882,1,0.0014007091522216797,0.000659942626953125,49,0.012239575386047363,0.0022192001342773438,0,0,0
alias,101236,8192,8192,0.1,896301,21,1,869,875,855,882,1,0.0001881718635559082,7.152557373046875e-05,101,0.056056082248687744,0.0016970634460449219,0,0,0
alias,101236,8192,8192,0.1,896301,21,4,869,875,855,882,1,0.0214691162109375,0.005401611328125,22,0.07670892775058746,0.001495361328125,8190,0,0
alias,101236,8192,8192,0.1,896301,21,5,869,875,855,882,1,0.00795745849609375,0.0030059814453125,37,0.10529947280883789,0.0011396408081054688,0,0,0
alias,101236,8192,8192,0.1,896301,17,3,869,875,855,882,1,0.00016379356384277344,4.7206878662109375e-05,89,0.0038759708404541016,0.00696563720703125,8191,0,0
alias,101236,8192,8192,0.1,896301,22,10,869,875,855,882,1,0.7542724609375,0.412109375,1,0.9140216112136841,0.0011394619941711426,874,1,1
alias,101236,8192,8192,0.1,896301,23,4,869,875,855,882,1,0.10463714599609375,0.0517578125,4,0.3115309476852417,0.01119232177734375,0,0,0
alias,101236,8192,8192,0.1,896301,20,3,869,875,855,882,1,6.482750177383423e-05,4.2438507080078125e-05,59,0.0028866268694400787,0.0003210306167602539,8177,0,0
alias,101237,8192,8192,0.1,847571,20,7,822,828,808,835,1,0.0003529191017150879,0.000148773193359375,54,0.003934204578399658,0.010132789611816406,8191,0,0
alias,101237,8192,8192,0.1,847571,21,11,822,828,808,835,1,0.6552734375,0.2001953125,1,0.826019287109375,0.0494384765625,824,1,1
alias,101237,8192,8192,0.1,847571,22,7,822,828,808,835,1,0.8659451007843018,0.85546875,1,0.9421885013580322,0.0022651925683021545,822,1,1
alias,101237,8192,8192,0.1,847571,18,3,822,828,808,835,1,0.004303932189941406,0.0024871826171875,45,0.10125875473022461,0.011940956115722656,8184,0,0
alias,101237,8192,8192,0.1,847571,17,10,822,828,808,835,1,0.0005168914794921875,0.00017070770263671875,96,0.08784198760986328,0.0052623748779296875,0,0,0
alias,101237,8192,8192,0.1,847571,20,8,822,828,808,835,1,9.54456627368927e-05,5.888938903808594e-05,41,0.0002531656064093113,0.0006012916564941406,8190,0,0
alias,101237,8192,8192,0.1,847571,22,0,822,828,808,835,1,8.361414074897766e-06,6.556510925292969e-06,339,4.253967199474573e-05,6.011873483657837e-05,8191,0,0
alias,101237,8192,8192,0.1,847571,22,4,822,828,808,835,1,0.009845733642578125,0.003509521484375,17,0.024796664714813232,0.004650115966796875,8191,0,0
alias,101237,8192,8192,0.1,847571,21,0,822,828,808,835,1,0.0093231201171875,0.002288818359375,16,0.026650667190551758,0.0028142929077148438,0,0,0
alias,101237,8192,8192,0.1,847571,20,6,822,828,808,835,1,0.00039947032928466797,0.000141143798828125,62,0.04305031895637512,0.0002524256706237793,8190,0,0
alias,101237,8192,8192,0.1,847571,20,9,822,828,808,835,1,0.0003222227096557617,8.916854858398438e-05,17,0.0006342781707644463,0.0005092620849609375,8190,0,0
alias,101237,8192,8192,0.1,847571,21,3,822,828,808,835,1,0.0006448030471801758,0.00029754638671875,61,0.008286625146865845,0.0025420188903808594,0,0,0
alias,101237,8192,8192,0.1,847571,21,1,822,828,808,835,1,0.00023418664932250977,8.440017700195312e-05,90,0.042562782764434814,0.00201416015625,0,0,0
alias,101237,8192,8192,0.1,847571,21,4,822,828,808,835,1,0.022785186767578125,0.01007080078125,14,0.05720829963684082,0.0015573501586914062,8190,0,0
alias,101237,8192,8192,0.1,847571,21,5,822,828,808,835,1,0.0106658935546875,0.004241943359375,35,0.10946178436279297,0.0019855499267578125,0,0,0
alias,101237,8192,8192,0.1,847571,17,3,822,828,808,835,1,0.0002319812774658203,5.888938903808594e-05,87,0.005434751510620117,0.00843048095703125,8191,0,0
alias,101237,8192,8192,0.1,847571,22,10,822,828,808,835,1,0.5587158203125,0.2177734375,1,0.8288395404815674,0.0020499229431152344,827,1,1
alias,101237,8192,8192,0.1,847571,23,4,822,828,808,835,1,0.0962066650390625,0.046630859375,3,0.3074655532836914,0.00828695297241211,0,0,0
alias,101237,8192,8192,0.1,847571,20,3,822,828,808,835,1,9.085237979888916e-05,4.076957702636719e-05,64,0.00653211772441864,0.0002984851598739624,8177,0,0
alias,101238,8192,8193,0.1,223928,20,7,860,866,845,873,1,0.000392913818359375,0.00012493133544921875,62,0.005219697952270508,0.01032876968383789,8192,0,0
alias,101238,8192,8193,0.1,223928,21,11,860,866,845,873,1,0.74072265625,0.19140625,1,0.8525223731994629,0.05193328857421875,862,1,1
alias,101238,8192,8193,0.1,223928,22,7,860,866,845,873,1,0.7414851188659668,0.734375,1,0.9081931114196777,0.004376530647277832,860,1,1
alias,101238,8192,8193,0.1,223928,18,3,860,866,845,873,1,0.0042858123779296875,0.001953125,52,0.0719916820526123,0.015544891357421875,8185,0,0
alias,101238,8192,8193,0.1,223928,17,10,860,866,845,873,1,0.000461578369140625,8.249282836914062e-05,112,0.07679557800292969,0.00681304931640625,0,0,0
alias,101238,8192,8193,0.1,223928,20,8,860,866,845,873,1,7.237493991851807e-05,3.814697265625e-05,54,0.0002910587936639786,0.0012483596801757812,8191,0,0
alias,101238,8192,8193,0.1,223928,22,0,860,866,845,873,1,1.112697646021843e-06,3.725290298461914e-07,2934,0.00041019986383616924,6.008148193359375e-05,8192,0,0
alias,101238,8192,8193,0.1,223928,22,4,860,866,845,873,1,0.0035419464111328125,0.000804901123046875,35,0.015051662921905518,0.00811767578125,8192,0,0
alias,101238,8192,8193,0.1,223928,21,0,860,866,845,873,1,0.01535797119140625,0.004150390625,6,0.040606021881103516,0.0021295547485351562,0,0,0
alias,101238,8192,8193,0.1,223928,20,6,860,866,845,873,1,0.0006210803985595703,0.000278472900390625,57,0.10139137506484985,0.0006072521209716797,8192,0,0
alias,101238,8192,8193,0.1,223928,20,9,860,866,845,873,1,0.0005686283111572266,0.0001621246337890625,22,0.0018381178379058838,0.0026502609252929688,8191,0,0
alias,101238,8192,8193,0.1,223928,21,3,860,866,845,873,1,0.0007925033569335938,0.00018024444580078125,83,0.01850438117980957,0.0022335052490234375,0,0,0
alias,101238,8192,8193,0.1,223928,21,1,860,866,845,873,1,0.00021600723266601562,6.914138793945312e-05,101,0.043306827545166016,0.0013761520385742188,0,0,0
alias,101238,8192,8193,0.1,223928,21,4,860,866,845,873,1,0.017904281616210938,0.005828857421875,23,0.07807278633117676,0.002388477325439453,8191,0,0
alias,101238,8192,8193,0.1,223928,21,5,860,866,845,873,1,0.007213592529296875,0.0017852783203125,51,0.1265106201171875,0.0035839080810546875,0,0,0
alias,101238,8192,8193,0.1,223928,17,3,860,866,845,873,1,0.00013935565948486328,3.790855407714844e-05,97,0.0045282840728759766,0.009765625,8192,0,0
alias,101238,8192,8193,0.1,223928,22,10,860,866,845,873,1,0.5294189453125,0.234375,1,0.8511519432067871,0.004375457763671875,860,1,1
alias,101238,8192,8193,0.1,223928,23,4,860,866,845,873,1,0.048187255859375,0.029541015625,7,0.2858409881591797,0.014230728149414062,0,0,0
alias,101238,8192,8193,0.1,223928,20,3,860,866,845,873,1,0.0001100301742553711,6.246566772460938e-05,62,0.00889897346496582,0.0005679130554199219,8177,0,0
alias,101239,8192,8192,0.1,548522,20,7,834,840,819,847,1,0.00029900670051574707,0.0001773834228515625,56,0.005843937397003174,0.01212167739868164,8191,0,0
alias,101239,8192,8192,0.1,548522,21,11,834,840,819,847,1,0.712890625,0.173828125,1,0.8474225997924805,0.065704345703125,834,1,1
alias,101239,8192,8192,0.1,548522,22,7,834,840,819,847,1,0.8413090705871582,0.8359375,1,0.9384379386901855,0.002012498676776886,834,1,1
alias,101239,8192,8192,0.1,548522,18,3,834,840,819,847,1,0.002666473388671875,0.00133514404296875,58,0.09364843368530273,0.015371322631835938,8184,0,0
alias,101239,8192,8192,0.1,548522,17,10,834,840,819,847,1,0.0005125999450683594,0.00013446807861328125,100,0.0887141227722168,0.00628662109375,0,0,0
alias,101239,8192,8192,0.1,548522,20,8,834,840,819,847,1,3.70517373085022e-05,1.800060272216797e-05,63,0.00034823338501155376,0.0008322000503540039,8190,0,0
alias,101239,8192,8192,0.1,548522,22,0,834,840,819,847,1,8.305534720420837e-06,4.947185516357422e-06,623,0.00033083371818065643,6.797909736633301e-05,8191,0,0
alias,101239,8192,8192,0.1,548522,22,4,834,840,819,847,1,0.0034008026123046875,0.00144195556640625,30,0.030837178230285645,0.0069122314453125,8191,0,0
alias,101239,8192,8192,0.1,548522,21,0,834,840,819,847,1,0.00579071044921875,0.0011138916015625,31,0.023930072784423828,0.0023169517517089844,0,0,0
alias,101239,8192,8192,0.1,548522,20,6,834,840,819,847,1,0.0001488327980041504,5.3882598876953125e-05,79,0.09498751163482666,0.0002709329128265381,8191,0,0
alias,101239,8192,8192,0.1,548522,20,9,834,840,819,847,1,0.0002912282943725586,8.96453857421875e-05,23,0.0010158112272620201,0.001479506492614746,8190,0,0
alias,101239,8192,8192,0.1,548522,21,3,834,840,819,847,1,0.0005027055740356445,0.0001659393310546875,80,0.014277219772338867,0.0020668506622314453,0,0,0
alias,101239,8192,8192,0.1,548522,21,1,834,840,819,847,1,0.00032901763916015625,6.723403930664062e-05,102,0.05105865001678467,0.0019960403442382812,0,0,0
alias,101239,8192,8192,0.1,548522,21,4,834,840,819,847,1,0.01558685302734375,0.00482177734375,23,0.0790860652923584,0.0025777816772460938,8190,0,0
alias,101239,8192,8192,0.1,548522,21,5,834,840,819,847,1,0.005191802978515625,0.00139617919921875,54,0.11806011199951172,0.0021398067474365234,0,0,0
alias,101239,8192,8192,0.1,548522,17,3,834,840,819,847,1,0.00019609928131103516,6.628036499023438e-05,91,0.005997300148010254,0.01031494140625,8191,0,0
alias,101239,8192,8192,0.1,548522,22,10,834,840,819,847,1,0.39068603515625,0.1630859375,2,0.7873140573501587,0.002633035182952881,840,0,1
alias,101239,8192,8192,0.1,548522,23,4,834,840,819,847,1,0.0311431884765625,0.0218505859375,9,0.23111486434936523,0.008819580078125,0,0,0
alias,101239,8192,8192,0.1,548522,20,3,834,840,819,847,1,0.00014165043830871582,7.82012939453125e-05,64,0.019039958715438843,0.00040838122367858887,8176,0,0
alias,101240,8192,8192,0.1,890717,20,7,822,828,808,835,1,0.00026810169219970703,0.00014019012451171875,57,0.003674715757369995,0.010035514831542969,8191,0,0
alias,101240,8192,8192,0.1,890717,21,11,822,828,808,835,1,0.755615234375,0.2373046875,1,0.8733711242675781,0.0419921875,824,1,1
alias,101240,8192,8192,0.1,890717,22,7,822,828,808,835,1,0.8989639282226562,0.890625,1,0.9569485187530518,0.0011113658547401428,822,1,1
alias,101240,8192,8192,0.1,890717,18,3,822,828,808,835,1,0.004553794860839844,0.0025787353515625,47,0.10420608520507812,0.013950347900390625,8184,0,0
alias,101240,8192,8192,0.1,890717,17,10,822,828,808,835,1,0.0004763603210449219,0.00013637542724609375,93,0.08419561386108398,0.0054531097412109375,0,0,0
alias,101240,8192,8192,0.1,890717,20,8,822,828,808,835,1,9.641051292419434e-05,5.936622619628906e-05,43,0.00022401055321097374,0.0006949901580810547,8190,0,0
alias,101240,8192,8192,0.1,890717,22,0,822,828,808,835,1,1.1947005987167358e-05,7.510185241699219e-06,360,5.0412723794579506e-05,6.761401891708374e-05,8191,0,0
alias,101240,8192,8192,0.1,890717,22,4,822,828,808,835,1,0.01509857177734375,0.0050048828125,11,0.032545268535614014,0.0058441162109375,8191,0,0
alias,101240,8192,8192,0.1,890717,21,0,822,828,808,835,1,0.007427215576171875,0.0021514892578125,17,0.022161245346069336,0.002349853515625,0,0,0
alias,101240,8192,8192,0.1,890717,20,6,822,828,808,835,1,0.0006892681121826172,0.000286102294921875,60,0.04818728566169739,0.0002949833869934082,8191,0,0
alias,101240,8192,8192,0.1,890717,20,9,822,828,808,835,1,0.0006582736968994141,0.000308990478515625,10,0.0009802579879760742,0.0010470151901245117,8190,0,0
alias,101240,8192,8192,0.1,890717,21,3,822,828,808,835,1,0.0005837678909301758,0.0002536773681640625,63,0.007605746388435364,0.0020952224731445312,0,0,0
alias,101240,8192,8192,0.1,890717,21,1,822,828,808,835,1,0.00023281574249267578,7.867813110351562e-05,104,0.04416477680206299,0.001804351806640625,0,0,0
alias,101240,8192,8192,0.1,890717,21,4,822,828,808,835,1,0.023609161376953125,0.00946044921875,14,0.05518907308578491,0.0017766952514648438,8190,0,0
alias,101240,8192,8192,0.1,890717,21,5,822,828,808,835,1,0.01131439208984375,0.00445556640625,35,0.11652469635009766,0.0017325878143310547,0,0,0
alias,101240,8192,8192,0.1,890717,17,3,822,828,808,835,1,0.0002187490463256836,6.103515625e-05,88,0.005488038063049316,0.006908416748046875,8191,0,0
alias,101240,8192,8192,0.1,890717,22,10,822,828,808,835,1,0.5057373046875,0.2099609375,1,0.8140439987182617,0.0017944574356079102,822,1,1
alias,101240,8192,8192,0.1,890717,23,4,822,828,808,835,1,0.082672119140625,0.041015625,5,0.309833288192749,0.008402705192565918,0,0,0
alias,101240,8192,8192,0.1,890717,20,3,822,828,808,835,1,0.00013494491577148438,7.2479248046875e-05,58,0.00886639952659607,0.00047257542610168457,8177,0,0
alias,101241,8192,8192,0.1,184514,20,7,849,855,835,862,1,0.00036156177520751953,0.00014591217041015625,59,0.00455513596534729,0.01251983642578125,8191,0,0
alias,101241,8192,8192,0.1,184514,21,11,849,855,835,862,1,0.701416015625,0.1591796875,1,0.8377389907836914,0.0604400634765625,851,1,1
alias,101241,8192,8192,0.1,184514,22,7,849,855,835,862,1,0.8504841327667236,0.83203125,1,0.9373774528503418,0.0014707818627357483,849,1,1
alias,101241,8192,8192,0.1,184514,18,3,849,855,835,862,1,0.0026078224182128906,0.000743865966796875,70,0.07303094863891602,0.013336181640625,8184,0,0
alias,101241,8192,8192,0.1,184514,17,10,849,855,835,862,1,0.0005369186401367188,0.00015926361083984375,95,0.07018375396728516,0.0063076019287109375,0,0,0
alias,101241,8192,8192,0.1,184514,20,8,849,855,835,862,1,5.2228569984436035e-05,3.147125244140625e-05,54,0.00023691286332905293,0.0008873939514160156,8190,0,0
alias,101241,8192,8192,0.1,184514,22,0,849,855,835,862,1,8.363276720046997e-07,2.3655593395233154e-07,3557,0.0001988392323255539,7.51391053199768e-05,8191,0,0
alias,101241,8192,8192,0.1,184514,22,4,849,855,835,862,1,0.0031442642211914062,0.000850677490234375,36,0.02117156982421875,0.0063152313232421875,8191,0,0
alias,101241,8192,8192,0.1,184514,21,0,849,855,835,862,1,0.006519317626953125,0.0019683837890625,16,0.022344112396240234,0.00226593017578125,0,0,0
alias,101241,8192,8192,0.1,184514,20,6,849,855,835,862,1,0.00045013427734375,0.0002269744873046875,59,0.08982500433921814,0.0003993511199951172,8191,0,0
alias,101241,8192,8192,0.1,184514,20,9,849,855,835,862,1,0.0003625154495239258,0.00011587142944335938,22,0.0009655747562646866,0.0023975372314453125,8190,0,0
alias,101241,8192,8192,0.1,184514,21,3,849,855,835,862,1,0.00036025047302246094,0.00011205673217773438,85,0.012056946754455566,0.0030851364135742188,0,0,0
alias,101241,8192,8192,0.1,184514,21,1,849,855,835,862,1,0.0002549886703491211,7.867813110351562e-05,98,0.044783949851989746,0.0021200180053710938,0,0,0
alias,101241,8192,8192,0.1,184514,21,4,849,855,835,862,1,0.00879669189453125,0.00250244140625,34,0.06628289818763733,0.003063201904296875,8190,0,0
alias,101241,8192,8192,0.1,184514,21,5,849,855,835,862,1,0.0039119720458984375,0.00101470947265625,57,0.11445903778076172,0.0025110244750976562,0,0,0
alias,101241,8192,8192,0.1,184514,17,3,849,855,835,862,1,9.512901306152344e-05,2.2411346435546875e-05,93,0.004339337348937988,0.009677886962890625,8191,0,0
alias,101241,8192,8192,0.1,184514,22,10,849,855,835,862,1,0.53857421875,0.2041015625,1,0.825829267501831,0.0036318302154541016,849,1,1
alias,101241,8192,8192,0.1,184514,23,4,849,855,835,862,1,0.0485076904296875,0.0208740234375,11,0.2697852849960327,0.01473093032836914,0,0,0
alias,101241,8192,8192,0.1,184514,20,3,849,855,835,862,1,0.0001493394374847412,6.818771362304688e-05,67,0.011543750762939453,0.0003527402877807617,8177,0,0
paraphrase,201234,8192,8192,0.1,193786,20,7,838,844,821,851,1,0.0014743804931640625,0.000385284423828125,48,0.01123952865600586,0.01607513427734375,8191,0,0
paraphrase,201234,8192,8192,0.1,193786,21,11,838,844,821,851,1,0.317138671875,0.189453125,1,0.5197124481201172,0.191864013671875,843,1,1
paraphrase,201234,8192,8192,0.1,193786,22,7,838,844,821,851,1,0.5902996063232422,0.54296875,1,0.7365263104438782,0.01750946044921875,838,1,1
paraphrase,201234,8192,8192,0.1,193786,18,3,838,844,821,851,1,0.011220932006835938,0.006561279296875,26,0.1315145492553711,0.031524658203125,8184,0,0
paraphrase,201234,8192,8192,0.1,193786,17,10,838,844,821,851,1,0.0013103485107421875,0.0003223419189453125,88,0.0979471206665039,0.00974273681640625,0,0,0
paraphrase,201234,8192,8192,0.1,193786,20,8,838,844,821,851,1,0.00013127923011779785,7.390975952148438e-05,32,0.0008707381784915924,0.0008370876312255859,8180,0,0
paraphrase,201234,8192,8192,0.1,193786,22,0,838,844,821,851,1,3.6679208278656006e-05,1.621246337890625e-05,261,0.0005341712385416031,0.0002791285514831543,8191,0,0
paraphrase,201234,8192,8192,0.1,193786,22,4,838,844,821,851,1,0.008419036865234375,0.002838134765625,26,0.057599782943725586,0.026569366455078125,8191,0,0
paraphrase,201234,8192,8192,0.1,193786,21,0,838,844,821,851,1,0.012714385986328125,0.006134033203125,5,0.04646247625350952,0.0041332244873046875,0,0,0
paraphrase,201234,8192,8192,0.1,193786,20,6,838,844,821,851,1,0.002948760986328125,0.00109100341796875,44,0.05976903438568115,0.0014247894287109375,8190,0,0
paraphrase,201234,8192,8192,0.1,193786,20,9,838,844,821,851,1,0.0028467178344726562,0.00131988525390625,11,0.004818674176931381,0.00388336181640625,8190,0,0
paraphrase,201234,8192,8192,0.1,193786,21,3,838,844,821,851,1,0.00041866302490234375,0.00016307830810546875,91,0.012009859085083008,0.007862091064453125,0,0,0
paraphrase,201234,8192,8192,0.1,193786,21,1,838,844,821,851,1,0.00037401914596557617,0.000202178955078125,86,0.024256408214569092,0.009616851806640625,0,0,0
paraphrase,201234,8192,8192,0.1,193786,21,4,838,844,821,851,1,0.015697479248046875,0.00567626953125,24,0.15459179878234863,0.006389617919921875,8190,0,0
paraphrase,201234,8192,8192,0.1,193786,21,5,838,844,821,851,1,0.0145263671875,0.0045166015625,33,0.08930301666259766,0.0026569366455078125,0,0,0
paraphrase,201234,8192,8192,0.1,193786,17,3,838,844,821,851,1,0.0003293752670288086,9.298324584960938e-05,77,0.0046465396881103516,0.0182342529296875,8191,0,0
paraphrase,201234,8192,8192,0.1,193786,22,10,838,844,821,851,1,0.181396484375,0.056396484375,5,0.531570315361023,0.0077991485595703125,0,0,0
paraphrase,201234,8192,8192,0.1,193786,23,4,838,844,821,851,1,0.03059244155883789,0.0146484375,12,0.19780170917510986,0.05413055419921875,0,0,0
paraphrase,201234,8192,8192,0.1,193786,20,3,838,844,821,851,1,0.001796722412109375,0.000736236572265625,17,0.00809469074010849,0.00042891502380371094,8177,0,0
paraphrase,201235,8192,8192,0.1,207278,20,7,877,883,860,890,1,0.00626373291015625,0.0028533935546875,15,0.017219573259353638,0.01043701171875,8191,0,0
paraphrase,201235,8192,8192,0.1,207278,21,11,877,883,860,890,1,0.3731689453125,0.197265625,1,0.5893413424491882,0.13397216796875,882,1,1
paraphrase,201235,8192,8192,0.1,207278,22,7,877,883,860,890,1,0.3695077896118164,0.328125,1,0.6208783984184265,0.020647883415222168,877,1,1
paraphrase,201235,8192,8192,0.1,207278,18,3,877,883,860,890,1,0.01638031005859375,0.01171875,18,0.13020849227905273,0.011932373046875,8184,0,0
paraphrase,201235,8192,8192,0.1,207278,17,10,877,883,860,890,1,0.0012230873107910156,0.0003986358642578125,87,0.10373163223266602,0.008815765380859375,0,0,0
paraphrase,201235,8192,8192,0.1,207278,20,8,877,883,860,890,1,1.9608065485954285e-05,9.417533874511719e-06,50,0.0004599238163791597,0.0006127357482910156,8180,0,0
paraphrase,201235,8192,8192,0.1,207278,22,0,877,883,860,890,1,6.476155249401927e-06,5.0067901611328125e-06,639,0.00022048476967029274,0.0002526715397834778,8191,0,0
paraphrase,201235,8192,8192,0.1,207278,22,4,877,883,860,890,1,0.003635406494140625,0.00167083740234375,30,0.04648756980895996,0.0173187255859375,8191,0,0
paraphrase,201235,8192,8192,0.1,207278,21,0,877,883,860,890,1,0.0106048583984375,0.005889892578125,3,0.037873804569244385,0.0016083717346191406,0,0,0
paraphrase,201235,8192,8192,0.1,207278,20,6,877,883,860,890,1,0.0021219253540039062,0.0004634857177734375,55,0.05564981698989868,0.0017576217651367188,8190,0,0
paraphrase,201235,8192,8192,0.1,207278,20,9,877,883,860,890,1,0.0035505294799804688,0.00121307373046875,12,0.007411233615130186,0.002063751220703125,8190,0,0
paraphrase,201235,8192,8192,0.1,207278,21,3,877,883,860,890,1,0.0006561279296875,0.00023746490478515625,93,0.02368760108947754,0.009708404541015625,0,0,0
paraphrase,201235,8192,8192,0.1,207278,21,1,877,883,860,890,1,0.000309675931930542,0.0001964569091796875,86,0.022007912397384644,0.009876251220703125,0,0,0
paraphrase,201235,8192,8192,0.1,207278,21,4,877,883,860,890,1,0.015628814697265625,0.00897216796875,23,0.19220876693725586,0.008810043334960938,8190,0,0
paraphrase,201235,8192,8192,0.1,207278,21,5,877,883,860,890,1,0.0076122283935546875,0.002716064453125,50,0.0821990966796875,0.0026769638061523438,0,0,0
paraphrase,201235,8192,8192,0.1,207278,17,3,877,883,860,890,1,0.00040090084075927734,0.00012159347534179688,68,0.004761815071105957,0.013671875,8191,0,0
paraphrase,201235,8192,8192,0.1,207278,22,10,877,883,860,890,1,0.26025390625,0.061767578125,4,0.5671831369400024,0.003444671630859375,0,0,0
paraphrase,201235,8192,8192,0.1,207278,23,4,877,883,860,890,1,0.03220367431640625,0.017822265625,12,0.22392773628234863,0.055652618408203125,0,0,0
paraphrase,201235,8192,8192,0.1,207278,20,3,877,883,860,890,1,0.0006136894226074219,0.00029754638671875,18,0.005318967625498772,0.00028574466705322266,8177,0,0
paraphrase,201236,8192,8191,0.1,331504,20,7,855,861,838,868,1,0.0023565292358398438,0.000843048095703125,33,0.00962752103805542,0.009181976318359375,8190,0,0
paraphrase,201236,8192,8191,0.1,331504,21,11,855,861,838,868,1,0.42333984375,0.16796875,1,0.5989551544189453,0.10958099365234375,860,1,1
paraphrase,201236,8192,8191,0.1,331504,22,7,855,861,838,868,1,0.6567611694335938,0.62890625,1,0.799500584602356,0.005700238049030304,855,1,1
paraphrase,201236,8192,8191,0.1,331504,18,3,855,861,838,868,1,0.011638641357421875,0.004425048828125,25,0.13141822814941406,0.0124053955078125,8183,0,0
paraphrase,201236,8192,8191,0.1,331504,17,10,855,861,838,868,1,0.0011587142944335938,0.0003376007080078125,89,0.10971546173095703,0.00922393798828125,0,0,0
paraphrase,201236,8192,8191,0.1,331504,20,8,855,861,838,868,1,7.32317566871643e-05,3.266334533691406e-05,39,0.00047023638035170734,0.0007659196853637695,8179,0,0
paraphrase,201236,8192,8191,0.1,331504,22,0,855,861,838,868,1,2.036592923104763e-05,1.4424324035644531e-05,276,0.00026515848003327847,0.0003064200282096863,8190,0,0
paraphrase,201236,8192,8191,0.1,331504,22,4,855,861,838,868,1,0.0050449371337890625,0.001617431640625,30,0.04351174831390381,0.014534950256347656,8190,0,0
paraphrase,201236,8192,8191,0.1,331504,21,0,855,861,838,868,1,0.007846832275390625,0.004425048828125,4,0.03355085849761963,0.0016040802001953125,0,0,0
paraphrase,201236,8192,8191,0.1,331504,20,6,855,861,838,868,1,0.004772186279296875,0.0010528564453125,46,0.06007581949234009,0.0020225048065185547,8189,0,0
paraphrase,201236,8192,8191,0.1,331504,20,9,855,861,838,868,1,0.00623321533203125,0.0023651123046875,9,0.008377469144761562,0.0025641918182373047,8189,0,0
paraphrase,201236,8192,8191,0.1,331504,21,3,855,861,838,868,1,0.0005457401275634766,0.00016880035400390625,87,0.021535515785217285,0.009469985961914062,0,0,0
paraphrase,201236,8192,8191,0.1,331504,21,1,855,861,838,868,1,0.0005068182945251465,0.0002613067626953125,78,0.027887284755706787,0.009817123413085938,0,0,0
paraphrase,201236,8192,8191,0.1,331504,21,4,855,861,838,868,1,0.014324188232421875,0.004486083984375,25,0.21799254417419434,0.00688934326171875,8189,0,0
paraphrase,201236,8192,8191,0.1,331504,21,5,855,861,838,868,1,0.01549530029296875,0.003509521484375,40,0.0925140380859375,0.002719402313232422,0,0,0
paraphrase,201236,8192,8191,0.1,331504,17,3,855,861,838,868,1,0.0003879070281982422,0.00011014938354492188,75,0.0055162906646728516,0.011493682861328125,8190,0,0
paraphrase,201236,8192,8191,0.1,331504,22,10,855,861,838,868,1,0.2362060546875,0.06787109375,5,0.5820943117141724,0.003507852554321289,0,0,0
paraphrase,201236,8192,8191,0.1,331504,23,4,855,861,838,868,1,0.028451919555664062,0.02197265625,10,0.19143831729888916,0.03977489471435547,0,0,0
paraphrase,201236,8192,8191,0.1,331504,20,3,855,861,838,868,1,0.0027725696563720703,0.001861572265625,13,0.009787656366825104,0.0002853870391845703,8176,0,0
paraphrase,201237,8192,8192,0.1,888821,20,7,862,868,845,875,1,0.0042972564697265625,0.00153350830078125,24,0.013292104005813599,0.01041412353515625,8191,0,0
paraphrase,201237,8192,8192,0.1,888821,21,11,862,868,845,875,1,0.3671875,0.083984375,2,0.5338976383209229,0.1049041748046875,0,0,0
paraphrase,201237,8192,8192,0.1,888821,22,7,862,868,845,875,1,0.6032752990722656,0.56640625,1,0.7640068531036377,0.006263256072998047,862,1,1
paraphrase,201237,8192,8192,0.1,888821,18,3,862,868,845,875,1,0.011091232299804688,0.00390625,25,0.11721134185791016,0.01149749755859375,8184,0,0
paraphrase,201237,8192,8192,0.1,888821,17,10,862,868,845,875,1,0.0011281967163085938,0.000263214111328125,92,0.0885930061340332,0.01016998291015625,0,0,0
paraphrase,201237,8192,8192,0.1,888821,20,8,862,868,845,875,1,6.33038580417633e-05,3.170967102050781e-05,39,0.0004020921769551933,0.0009512901306152344,8180,0,0
paraphrase,201237,8192,8192,0.1,888821,22,0,862,868,845,875,1,1.3828277587890625e-05,3.874301910400391e-06,714,0.00039103440940380096,0.00014656037092208862,8191,0,0
paraphrase,201237,8192,8192,0.1,888821,22,4,862,868,845,875,1,0.0065479278564453125,0.001922607421875,26,0.03804659843444824,0.010128021240234375,8191,0,0
paraphrase,201237,8192,8192,0.1,888821,21,0,862,868,845,875,1,0.008514404296875,0.0020751953125,20,0.03477287292480469,0.0017881393432617188,0,0,0
paraphrase,201237,8192,8192,0.1,888821,20,6,862,868,845,875,1,0.0035219192504882812,0.00102996826171875,48,0.04495799541473389,0.002605438232421875,8190,0,0
paraphrase,201237,8192,8192,0.1,888821,20,9,862,868,845,875,1,0.008447647094726562,0.0037078857421875,9,0.009764652699232101,0.0029363632202148438,8190,0,0
paraphrase,201237,8192,8192,0.1,888821,21,3,862,868,845,875,1,0.0008206367492675781,0.0003528594970703125,66,0.021564245223999023,0.0056438446044921875,0,0,0
paraphrase,201237,8192,8192,0.1,888821,21,1,862,868,845,875,1,0.000354766845703125,0.00013256072998046875,103,0.020479917526245117,0.006500244140625,0,0,0
paraphrase,201237,8192,8192,0.1,888821,21,4,862,868,845,875,1,0.01717376708984375,0.0062255859375,24,0.1590442657470703,0.0074291229248046875,8190,0,0
paraphrase,201237,8192,8192,0.1,888821,21,5,862,868,845,875,1,0.0223388671875,0.008056640625,15,0.08153343200683594,0.0019130706787109375,0,0,0
paraphrase,201237,8192,8192,0.1,888821,17,3,862,868,845,875,1,0.0004987716674804688,0.0001964569091796875,64,0.0037213563919067383,0.010807037353515625,8191,0,0
paraphrase,201237,8192,8192,0.1,888821,22,10,862,868,845,875,1,0.23699951171875,0.08349609375,3,0.577299952507019,0.0033855438232421875,0,0,0
paraphrase,201237,8192,8192,0.1,888821,23,4,862,868,845,875,1,0.05045318603515625,0.0250244140625,8,0.1873098611831665,0.02814483642578125,0,0,0
paraphrase,201237,8192,8192,0.1,888821,20,3,862,868,845,875,1,0.0020198822021484375,0.000888824462890625,15,0.006923262029886246,0.0005719661712646484,8177,0,0
paraphrase,201238,8192,8193,0.1,987809,20,7,852,858,835,865,1,0.0031824111938476562,0.00107574462890625,30,0.019210517406463623,0.009857177734375,8192,0,0
paraphrase,201238,8192,8193,0.1,987809,21,11,852,858,835,865,1,0.552490234375,0.181640625,1,0.7167503833770752,0.05652618408203125,857,1,1
paraphrase,201238,8192,8193,0.1,987809,22,7,852,858,835,865,1,0.6266326904296875,0.578125,1,0.7521826028823853,0.002964913845062256,852,1,1
paraphrase,201238,8192,8193,0.1,987809,18,3,852,858,835,865,1,0.007823944091796875,0.00341796875,27,0.12700557708740234,0.008867263793945312,8185,0,0
paraphrase,201238,8192,8193,0.1,987809,17,10,852,858,835,865,1,0.0009565353393554688,0.000339508056640625,88,0.09649896621704102,0.0078582763671875,0,0,0
paraphrase,201238,8192,8193,0.1,987809,20,8,852,858,835,865,1,8.216872811317444e-05,4.267692565917969e-05,37,0.0004942434024997056,0.0011060237884521484,8181,0,0
paraphrase,201238,8192,8193,0.1,987809,22,0,852,858,835,865,1,4.64804470539093e-05,2.110004425048828e-05,223,0.0003042537719011307,0.0001726597547531128,8192,0,0
paraphrase,201238,8192,8193,0.1,987809,22,4,852,858,835,865,1,0.0057888031005859375,0.0028076171875,20,0.03778323531150818,0.012516021728515625,8192,0,0
paraphrase,201238,8192,8193,0.1,987809,21,0,852,858,835,865,1,0.012203216552734375,0.00335693359375,10,0.035539209842681885,0.0007975101470947266,0,0,0
paraphrase,201238,8192,8193,0.1,987809,20,6,852,858,835,865,1,0.007038116455078125,0.0022125244140625,35,0.06678164005279541,0.0031957626342773438,8191,0,0
paraphrase,201238,8192,8193,0.1,987809,20,9,852,858,835,865,1,0.020915985107421875,0.00848388671875,6,0.025279585272073746,0.0035543441772460938,8191,0,0
paraphrase,201238,8192,8193,0.1,987809,21,3,852,858,835,865,1,0.0005707740783691406,0.0001621246337890625,98,0.01995086669921875,0.0057277679443359375,0,0,0
paraphrase,201238,8192,8193,0.1,987809,21,1,852,858,835,865,1,0.0004042387008666992,0.00014972686767578125,114,0.029315590858459473,0.0069427490234375,0,0,0
paraphrase,201238,8192,8193,0.1,987809,21,4,852,858,835,865,1,0.0131072998046875,0.003021240234375,32,0.153783917427063,0.005288600921630859,8191,0,0
paraphrase,201238,8192,8193,0.1,987809,21,5,852,858,835,865,1,0.023406982421875,0.00579833984375,23,0.08483314514160156,0.0015225410461425781,0,0,0
paraphrase,201238,8192,8193,0.1,987809,17,3,852,858,835,865,1,0.0002580881118774414,0.0001201629638671875,72,0.004381775856018066,0.009883880615234375,8192,0,0
paraphrase,201238,8192,8193,0.1,987809,22,10,852,858,835,865,1,0.1949462890625,0.06884765625,6,0.48570847511291504,0.0024857521057128906,0,0,0
paraphrase,201238,8192,8193,0.1,987809,23,4,852,858,835,865,1,0.0407867431640625,0.019775390625,9,0.21230173110961914,0.012537956237792969,0,0,0
paraphrase,201238,8192,8193,0.1,987809,20,3,852,858,835,865,1,0.006157040596008301,0.00469970703125,9,0.016751505434513092,0.0006251335144042969,8178,0,0
paraphrase,201239,8192,8192,0.1,845811,20,7,893,899,876,906,1,0.0041217803955078125,0.00103759765625,33,0.014435350894927979,0.009845733642578125,8191,0,0
paraphrase,201239,8192,8192,0.1,845811,21,11,893,899,876,906,1,0.353271484375,0.123046875,1,0.5091720819473267,0.15643310546875,898,1,1
paraphrase,201239,8192,8192,0.1,845811,22,7,893,899,876,906,1,0.579742431640625,0.56640625,1,0.7148136496543884,0.011853933334350586,893,1,1
paraphrase,201239,8192,8192,0.1,845811,18,3,893,899,876,906,1,0.00921630859375,0.0030364990234375,31,0.11023139953613281,0.011505126953125,8184,0,0
paraphrase,201239,8192,8192,0.1,845811,17,10,893,899,876,906,1,0.0015344619750976562,0.00048065185546875,84,0.09791946411132812,0.008197784423828125,0,0,0
paraphrase,201239,8192,8192,0.1,845811,20,8,893,899,876,906,1,4.431605339050293e-05,2.6941299438476562e-05,41,0.0005569175118580461,0.0006284713745117188,8180,0,0
paraphrase,201239,8192,8192,0.1,845811,22,0,893,899,876,906,1,0.00047767162322998047,0.0003948211669921875,15,0.0007210168987512589,0.00013667717576026917,8191,0,0
paraphrase,201239,8192,8192,0.1,845811,22,4,893,899,876,906,1,0.0063629150390625,0.0024566650390625,21,0.04332086443901062,0.009366989135742188,8191,0,0
paraphrase,201239,8192,8192,0.1,845811,21,0,893,899,876,906,1,0.008487701416015625,0.00170135498046875,33,0.03486740589141846,0.0014581680297851562,0,0,0
paraphrase,201239,8192,8192,0.1,845811,20,6,893,899,876,906,1,0.00286865234375,0.0009765625,46,0.043319761753082275,0.001697540283203125,8190,0,0
paraphrase,201239,8192,8192,0.1,845811,20,9,893,899,876,906,1,0.003544330596923828,0.00128936767578125,10,0.005100468639284372,0.001293182373046875,8190,0,0
paraphrase,201239,8192,8192,0.1,845811,21,3,893,899,876,906,1,0.0007233619689941406,0.0002841949462890625,82,0.025283336639404297,0.0061855316162109375,0,0,0
paraphrase,201239,8192,8192,0.1,845811,21,1,893,899,876,906,1,0.00041097402572631836,0.00020885467529296875,90,0.03050076961517334,0.0057086944580078125,0,0,0
paraphrase,201239,8192,8192,0.1,845811,21,4,893,899,876,906,1,0.01605987548828125,0.003753662109375,31,0.1608978509902954,0.0072174072265625,8190,0,0
paraphrase,201239,8192,8192,0.1,845811,21,5,893,899,876,906,1,0.01061248779296875,0.003082275390625,46,0.07036495208740234,0.0019211769104003906,0,0,0
paraphrase,201239,8192,8192,0.1,845811,17,3,893,899,876,906,1,0.00049591064453125,0.00016498565673828125,67,0.00435030460357666,0.010402679443359375,8191,0,0
paraphrase,201239,8192,8192,0.1,845811,22,10,893,899,876,906,1,0.3231201171875,0.09033203125,3,0.624268651008606,0.006543159484863281,0,0,0
paraphrase,201239,8192,8192,0.1,845811,23,4,893,899,876,906,1,0.03502845764160156,0.0181884765625,13,0.17208248376846313,0.024900436401367188,0,0,0
paraphrase,201239,8192,8192,0.1,845811,20,3,893,899,876,906,1,0.0027713775634765625,0.0014190673828125,13,0.007536988705396652,0.00023442506790161133,8177,0,0
paraphrase,201240,8192,8192,0.1,825220,20,7,847,853,830,860,1,0.0077152252197265625,0.0032806396484375,12,0.020145773887634277,0.009510040283203125,8191,0,0
paraphrase,201240,8192,8192,0.1,825220,21,11,847,853,830,860,1,0.323974609375,0.0654296875,4,0.543341338634491,0.1280517578125,0,0,0
paraphrase,201240,8192,8192,0.1,825220,22,7,847,853,830,860,1,0.4906463623046875,0.482421875,1,0.669019341468811,0.012619033455848694,847,1,1
paraphrase,201240,8192,8192,0.1,825220,18,3,847,853,830,860,1,0.0081939697265625,0.0026397705078125,43,0.1204996109008789,0.0163116455078125,8184,0,0
paraphrase,201240,8192,8192,0.1,825220,17,10,847,853,830,860,1,0.0009741783142089844,0.0002765655517578125,93,0.08247900009155273,0.00766754150390625,0,0,0
paraphrase,201240,8192,8192,0.1,825220,20,8,847,853,830,860,1,9.696558117866516e-05,4.3392181396484375e-05,38,0.0008504434954375029,0.0011262893676757812,8180,0,0
paraphrase,201240,8192,8192,0.1,825220,22,0,847,853,830,860,1,3.276439383625984e-05,3.123283386230469e-05,122,0.0002957102842628956,0.00020301342010498047,8191,0,0
paraphrase,201240,8192,8192,0.1,825220,22,4,847,853,830,860,1,0.004538536071777344,0.00180816650390625,30,0.04634445905685425,0.011905670166015625,8191,0,0
paraphrase,201240,8192,8192,0.1,825220,21,0,847,853,830,860,1,0.008922576904296875,0.003570556640625,10,0.03345835208892822,0.0016632080078125,0,0,0
paraphrase,201240,8192,8192,0.1,825220,20,6,847,853,830,860,1,0.004894256591796875,0.0016632080078125,35,0.056272804737091064,0.0018339157104492188,8190,0,0
paraphrase,201240,8192,8192,0.1,825220,20,9,847,853,830,860,1,0.006947517395019531,0.0022735595703125,11,0.010894529521465302,0.0025463104248046875,8190,0,0
paraphrase,201240,8192,8192,0.1,825220,21,3,847,853,830,860,1,0.0003434419631958008,0.00011682510375976562,108,0.01300203800201416,0.008096694946289062,0,0,0
paraphrase,201240,8192,8192,0.1,825220,21,1,847,853,830,860,1,0.0004045069217681885,0.00019168853759765625,98,0.023978859186172485,0.00836944580078125,0,0,0
paraphrase,201240,8192,8192,0.1,825220,21,4,847,853,830,860,1,0.010677337646484375,0.0035858154296875,33,0.16663110256195068,0.01102447509765625,8190,0,0
paraphrase,201240,8192,8192,0.1,825220,21,5,847,853,830,860,1,0.010997772216796875,0.004608154296875,30,0.07730960845947266,0.0028924942016601562,0,0,0
paraphrase,201240,8192,8192,0.1,825220,17,3,847,853,830,860,1,0.00026911497116088867,0.00011968612670898438,75,0.004627048969268799,0.0109405517578125,8191,0,0
paraphrase,201240,8192,8192,0.1,825220,22,10,847,853,830,860,1,0.19512939453125,0.062255859375,6,0.5372101068496704,0.00490570068359375,0,0,0
paraphrase,201240,8192,8192,0.1,825220,23,4,847,853,830,860,1,0.029634475708007812,0.019287109375,12,0.19957244396209717,0.04052162170410156,0,0,0
paraphrase,201240,8192,8192,0.1,825220,20,3,847,853,830,860,1,0.004143476486206055,0.0029296875,9,0.010233322158455849,0.0005762577056884766,8177,0,0
paraphrase,201241,8192,8192,0.1,844590,20,7,857,863,840,870,1,0.00339508056640625,0.001678466796875,20,0.011514335870742798,0.011566162109375,8191,0,0
paraphrase,201241,8192,8192,0.1,844590,21,11,857,863,840,870,1,0.3673095703125,0.142578125,1,0.5369954109191895,0.143798828125,862,1,1
paraphrase,201241,8192,8192,0.1,844590,22,7,857,863,840,870,1,0.4714679718017578,0.4609375,1,0.6679947376251221,0.006790220737457275,857,1,1
paraphrase,201241,8192,8192,0.1,844590,18,3,857,863,840,870,1,0.01953125,0.0118408203125,20,0.12686920166015625,0.020355224609375,8184,0,0
paraphrase,201241,8192,8192,0.1,844590,17,10,857,863,840,870,1,0.0011043548583984375,0.00028228759765625,89,0.09578418731689453,0.0095672607421875,0,0,0
paraphrase,201241,8192,8192,0.1,844590,20,8,857,863,840,870,1,6.498396396636963e-05,3.6716461181640625e-05,41,0.0003954179701395333,0.0011355876922607422,8180,0,0
paraphrase,201241,8192,8192,0.1,844590,22,0,857,863,840,870,1,2.555176615715027e-05,2.3245811462402344e-05,184,0.0002783462405204773,0.00016118958592414856,0,0,0
paraphrase,201241,8192,8192,0.1,844590,22,4,857,863,840,870,1,0.0044765472412109375,0.0020904541015625,25,0.0419275164604187,0.012989044189453125,8191,0,0
paraphrase,201241,8192,8192,0.1,844590,21,0,857,863,840,870,1,0.01020050048828125,0.00518798828125,2,0.03570997714996338,0.0020875930786132812,0,0,0
paraphrase,201241,8192,8192,0.1,844590,20,6,857,863,840,870,1,0.0030384063720703125,0.000919342041015625,47,0.05375313758850098,0.0023598670959472656,8190,0,0
paraphrase,201241,8192,8192,0.1,844590,20,9,857,863,840,870,1,0.004321098327636719,0.0014801025390625,10,0.006213265471160412,0.002495288848876953,8190,0,0
paraphrase,201241,8192,8192,0.1,844590,21,3,857,863,840,870,1,0.00047075748443603516,0.0001544952392578125,91,0.028047919273376465,0.005435943603515625,0,0,0
paraphrase,201241,8192,8192,0.1,844590,21,1,857,863,840,870,1,0.0005553066730499268,0.000335693359375,77,0.0292913019657135,0.0074100494384765625,0,0,0
paraphrase,201241,8192,8192,0.1,844590,21,4,857,863,840,870,1,0.0146484375,0.0048828125,27,0.15582025051116943,0.008697509765625,8190,0,0
paraphrase,201241,8192,8192,0.1,844590,21,5,857,863,840,870,1,0.01705169677734375,0.00494384765625,28,0.0933837890625,0.004067420959472656,0,0,0
paraphrase,201241,8192,8192,0.1,844590,17,3,857,863,840,870,1,0.00039315223693847656,0.00013637542724609375,67,0.004376828670501709,0.0174560546875,8191,0,0
paraphrase,201241,8192,8192,0.1,844590,22,10,857,863,840,870,1,0.197021484375,0.08203125,4,0.5025084018707275,0.010997295379638672,0,0,0
paraphrase,201241,8192,8192,0.1,844590,23,4,857,863,840,870,1,0.025773286819458008,0.0185546875,12,0.21521449089050293,0.03082752227783203,0,0,0
paraphrase,201241,8192,8192,0.1,844590,20,3,857,863,840,870,1,0.001868128776550293,0.00133514404296875,14,0.008659794926643372,0.0004107952117919922,8177,0,0
relational,301234,8192,8192,0.1,994066,20,7,828,834,808,841,1,0.0004024505615234375,0.00013065338134765625,70,0.005214842036366463,0.0036172866821289062,8191,0,0
relational,301234,8192,8192,0.1,994066,21,11,828,834,808,841,1,0.5294189453125,0.1298828125,1,0.7401490211486816,0.1181640625,829,1,1
relational,301234,8192,8192,0.1,994066,22,7,828,834,808,841,1,0.8698334693908691,0.86328125,1,0.9574345350265503,0.007915250957012177,828,1,1
relational,301234,8192,8192,0.1,994066,18,3,828,834,808,841,1,0.00023543834686279297,9.918212890625e-05,103,0.08010995388031006,0.007032871246337891,8184,0,0
relational,301234,8192,8192,0.1,994066,17,10,828,834,808,841,1,0.0003333091735839844,7.343292236328125e-05,110,0.07794594764709473,0.0037441253662109375,0,0,0
relational,301234,8192,8192,0.1,994066,20,8,828,834,808,841,1,2.2981315851211548e-05,8.046627044677734e-06,59,9.002158185467124e-05,0.0013005733489990234,8175,0,0
relational,301234,8192,8192,0.1,994066,22,0,828,834,808,841,1,2.887565642595291e-05,2.4318695068359375e-05,134,0.00012879632413387299,5.137920379638672e-05,8191,0,0
relational,301234,8192,8192,0.1,994066,22,4,828,834,808,841,1,0.0389251708984375,0.019287109375,8,0.12118291854858398,0.01352691650390625,8191,0,0
relational,301234,8192,8192,0.1,994066,21,0,828,834,808,841,1,0.0038089752197265625,0.000762939453125,28,0.013769149780273438,0.00214385986328125,0,0,0
relational,301234,8192,8192,0.1,994066,20,6,828,834,808,841,1,0.00021159648895263672,8.58306884765625e-05,82,0.032611697912216187,9.566545486450195e-05,8190,0,0
relational,301234,8192,8192,0.1,994066,20,9,828,834,808,841,1,0.00046324729919433594,0.00023937225341796875,18,0.001013232977129519,0.0009272098541259766,8190,0,0
relational,301234,8192,8192,0.1,994066,21,3,828,834,808,841,1,0.00020006299018859863,8.440017700195312e-05,110,0.009249836206436157,0.001735687255859375,0,0,0
relational,301234,8192,8192,0.1,994066,21,1,828,834,808,841,1,0.00010728836059570312,3.814697265625e-05,108,0.016256630420684814,0.0013241767883300781,0,0,0
relational,301234,8192,8192,0.1,994066,21,4,828,834,808,841,1,0.02862548828125,0.00787353515625,19,0.07985198497772217,0.0044116973876953125,0,0,0
relational,301234,8192,8192,0.1,994066,21,5,828,834,808,841,1,0.021007537841796875,0.005401611328125,29,0.23954057693481445,0.002403736114501953,0,0,0
relational,301234,8192,8192,0.1,994066,17,3,828,834,808,841,1,6.178021430969238e-05,1.6927719116210938e-05,106,0.0035806596279144287,0.00597381591796875,8191,0,0
relational,301234,8192,8192,0.1,994066,22,10,828,834,808,841,1,0.5936279296875,0.265625,1,0.8099382519721985,0.005394458770751953,829,1,1
relational,301234,8192,8192,0.1,994066,23,4,828,834,808,841,1,0.03867340087890625,0.02978515625,6,0.19974231719970703,0.007839202880859375,0,0,0
relational,301234,8192,8192,0.1,994066,20,3,828,834,808,841,1,2.4538487195968628e-05,1.609325408935547e-05,76,0.004365753382444382,0.0006728172302246094,8175,0,0
relational,301235,8192,8192,0.1,726316,20,7,857,863,839,870,1,0.00028526782989501953,8.678436279296875e-05,92,0.004478558897972107,0.004335165023803711,8191,0,0
relational,301235,8192,8192,0.1,726316,21,11,857,863,839,870,1,0.518798828125,0.142578125,1,0.6449580192565918,0.1854248046875,859,1,1
relational,301235,8192,8192,0.1,726316,22,7,857,863,839,870,1,0.7014236450195312,0.69921875,1,0.8993937969207764,0.00874657928943634,857,1,1
relational,301235,8192,8192,0.1,726316,18,3,857,863,839,870,1,0.0009427070617675781,0.000522613525390625,81,0.07346439361572266,0.013789176940917969,8184,0,0
relational,301235,8192,8192,0.1,726316,17,10,857,863,839,870,1,0.0002936124801635742,0.00010251998901367188,102,0.08354461193084717,0.005214691162109375,0,0,0
relational,301235,8192,8192,0.1,726316,20,8,857,863,839,870,1,3.910064697265625e-05,1.5497207641601562e-05,59,0.00013119669165462255,0.0027251243591308594,8190,0,0
relational,301235,8192,8192,0.1,726316,22,0,857,863,839,870,1,3.402878064662218e-06,2.950429916381836e-06,861,0.0006576281157322228,5.393102765083313e-05,0,0,0
relational,301235,8192,8192,0.1,726316,22,4,857,863,839,870,1,0.00616455078125,0.0023193359375,31,0.0448756217956543,0.0150604248046875,8191,0,0
relational,301235,8192,8192,0.1,726316,21,0,857,863,839,870,1,0.0036716461181640625,0.000926971435546875,30,0.02008342742919922,0.003284454345703125,0,0,0
relational,301235,8192,8192,0.1,726316,20,6,857,863,839,870,1,0.0002753138542175293,0.00014972686767578125,67,0.048304855823516846,0.00022846460342407227,10,0,0
relational,301235,8192,8192,0.1,726316,20,9,857,863,839,870,1,0.00034224987030029297,0.00010728836059570312,24,0.0007624323479831219,0.0059413909912109375,8190,0,0
relational,301235,8192,8192,0.1,726316,21,3,857,863,839,870,1,0.0007924437522888184,0.000339508056640625,70,0.02418971061706543,0.0034351348876953125,0,0,0
relational,301235,8192,8192,0.1,726316,21,1,857,863,839,870,1,0.0002487301826477051,9.107589721679688e-05,99,0.027769029140472412,0.0032138824462890625,0,0,0
relational,301235,8192,8192,0.1,726316,21,4,857,863,839,870,1,0.019378662109375,0.004486083984375,36,0.12650495767593384,0.011810302734375,0,0,0
relational,301235,8192,8192,0.1,726316,21,5,857,863,839,870,1,0.007091522216796875,0.0020599365234375,50,0.23799347877502441,0.006153106689453125,0,0,0
relational,301235,8192,8192,0.1,726316,17,3,857,863,839,870,1,5.9038400650024414e-05,2.181529998779297e-05,97,0.004107475280761719,0.00763702392578125,8191,0,0
relational,301235,8192,8192,0.1,726316,22,10,857,863,839,870,1,0.5003662109375,0.2294921875,1,0.7645800113677979,0.008792400360107422,857,1,1
relational,301235,8192,8192,0.1,726316,23,4,857,863,839,870,1,0.03331756591796875,0.0260009765625,7,0.19495010375976562,0.011819839477539062,0,0,0
relational,301235,8192,8192,0.1,726316,20,3,857,863,839,870,1,4.576146602630615e-05,2.658367156982422e-05,69,0.007318619638681412,0.0009338855743408203,8175,0,0
relational,301236,8192,8192,0.1,708819,20,7,855,861,837,868,1,0.000263214111328125,8.678436279296875e-05,73,0.004986405372619629,0.003625035285949707,8191,0,0
relational,301236,8192,8192,0.1,708819,21,11,855,861,837,868,1,0.44189453125,0.107421875,2,0.5781188011169434,0.17840576171875,0,0,0
relational,301236,8192,8192,0.1,708819,22,7,855,861,837,868,1,0.7676560878753662,0.765625,1,0.9156959056854248,0.01769784837961197,855,1,1
relational,301236,8192,8192,0.1,708819,18,3,855,861,837,868,1,0.0003739595413208008,0.00020313262939453125,89,0.04476320743560791,0.008893013000488281,8184,0,0
relational,301236,8192,8192,0.1,708819,17,10,855,861,837,868,1,0.0003123283386230469,0.00010013580322265625,106,0.07195019721984863,0.0049839019775390625,0,0,0
relational,301236,8192,8192,0.1,708819,20,8,855,861,837,868,1,3.178045153617859e-05,1.33514404296875e-05,60,0.0001423604553565383,0.002936840057373047,8175,0,0
relational,301236,8192,8192,0.1,708819,22,0,855,861,837,868,1,3.898283466696739e-06,3.2633543014526367e-06,794,0.00027019320987164974,5.108863115310669e-05,0,0,0
relational,301236,8192,8192,0.1,708819,22,4,855,861,837,868,1,0.006855010986328125,0.0029754638671875,28,0.03211259841918945,0.02044677734375,8191,0,0
relational,301236,8192,8192,0.1,708819,21,0,855,861,837,868,1,0.0044918060302734375,0.0011749267578125,28,0.022583484649658203,0.0036745071411132812,0,0,0
relational,301236,8192,8192,0.1,708819,20,6,855,861,837,868,1,0.00022560358047485352,0.00011968612670898438,68,0.030503839254379272,0.00010846555233001709,10,0,0
relational,301236,8192,8192,0.1,708819,20,9,855,861,837,868,1,0.0002484917640686035,8.0108642578125e-05,23,0.0008536237291991711,0.003936052322387695,8190,0,0
relational,301236,8192,8192,0.1,708819,21,3,855,861,837,868,1,0.0005767345428466797,0.000194549560546875,78,0.015272140502929688,0.0034017562866210938,0,0,0
relational,301236,8192,8192,0.1,708819,21,1,855,861,837,868,1,0.0002315044403076172,6.580352783203125e-05,103,0.024982154369354248,0.0019598007202148438,0,0,0
relational,301236,8192,8192,0.1,708819,21,4,855,861,837,868,1,0.0379638671875,0.0113525390625,14,0.1258290410041809,0.009334564208984375,0,0,0
relational,301236,8192,8192,0.1,708819,21,5,855,861,837,868,1,0.0129241943359375,0.004058837890625,32,0.2360997200012207,0.0039463043212890625,0,0,0
relational,301236,8192,8192,0.1,708819,17,3,855,861,837,868,1,2.9638409614562988e-05,9.059906005859375e-06,116,0.003336787223815918,0.0066280364990234375,8191,0,0
relational,301236,8192,8192,0.1,708819,22,10,855,861,837,868,1,0.540008544921875,0.2890625,1,0.7581276297569275,0.010216236114501953,855,1,1
relational,301236,8192,8192,0.1,708819,23,4,855,861,837,868,1,0.031340599060058594,0.0242919921875,8,0.15194714069366455,0.010919332504272461,0,0,0
relational,301236,8192,8192,0.1,708819,20,3,855,861,837,868,1,2.4298205971717834e-05,1.5020370483398438e-05,65,0.0032324083149433136,0.0008361935615539551,8175,0,0
relational,301237,8192,8192,0.1,227126,20,7,858,864,838,871,1,0.0002608299255371094,6.914138793945312e-05,90,0.005053907632827759,0.003112196922302246,8191,0,0
relational,301237,8192,8192,0.1,227126,21,11,858,864,838,871,1,0.474609375,0.111328125,1,0.6324143409729004,0.15740966796875,861,1,1
relational,301237,8192,8192,0.1,227126,22,7,858,864,838,871,1,0.6501853466033936,0.64453125,1,0.9015346765518188,0.010987132787704468,858,1,1
relational,301237,8192,8192,0.1,227126,18,3,858,864,838,871,1,0.0002886652946472168,0.00011539459228515625,102,0.043687283992767334,0.009014129638671875,8184,0,0
relational,301237,8192,8192,0.1,227126,17,10,858,864,838,871,1,0.0003142356872558594,7.152557373046875e-05,112,0.07665729522705078,0.004367828369140625,0,0,0
relational,301237,8192,8192,0.1,227126,20,8,858,864,838,871,1,1.7717480659484863e-05,5.21540641784668e-06,68,0.00010899966582655907,0.0017576217651367188,8175,0,0
relational,301237,8192,8192,0.1,227126,22,0,858,864,838,871,1,1.4691613614559174e-06,1.0654330253601074e-06,1830,0.0005886158905923367,5.276501178741455e-05,0,0,0
relational,301237,8192,8192,0.1,227126,22,4,858,864,838,871,1,0.012420654296875,0.00384521484375,28,0.05833864212036133,0.02016448974609375,8191,0,0
relational,301237,8192,8192,0.1,227126,21,0,858,864,838,871,1,0.0050334930419921875,0.0013885498046875,25,0.023483753204345703,0.002437591552734375,0,0,0
relational,301237,8192,8192,0.1,227126,20,6,858,864,838,871,1,0.0002326369285583496,0.0001239776611328125,73,0.043623700737953186,0.00015558302402496338,10,0,0
relational,301237,8192,8192,0.1,227126,20,9,858,864,838,871,1,0.0003390312194824219,0.00010538101196289062,25,0.0013566314009949565,0.002721071243286133,8190,0,0
relational,301237,8192,8192,0.1,227126,21,3,858,864,838,871,1,0.000446319580078125,0.00012063980102539062,95,0.020293012261390686,0.0031843185424804688,0,0,0
relational,301237,8192,8192,0.1,227126,21,1,858,864,838,871,1,0.0001983046531677246,7.62939453125e-05,112,0.023594796657562256,0.0023484230041503906,0,0,0
relational,301237,8192,8192,0.1,227126,21,4,858,864,838,871,1,0.0359649658203125,0.01336669921875,12,0.12197673320770264,0.008472442626953125,0,0,0
relational,301237,8192,8192,0.1,227126,21,5,858,864,838,871,1,0.01343536376953125,0.00408935546875,34,0.23685216903686523,0.0038242340087890625,0,0,0
relational,301237,8192,8192,0.1,227126,17,3,858,864,838,871,1,2.7120113372802734e-05,5.8710575103759766e-06,133,0.0036102980375289917,0.006542205810546875,8191,0,0
relational,301237,8192,8192,0.1,227126,22,10,858,864,838,871,1,0.5997314453125,0.251953125,1,0.8057208061218262,0.007972240447998047,858,1,1
relational,301237,8192,8192,0.1,227126,23,4,858,864,838,871,1,0.026197433471679688,0.0159912109375,11,0.14623641967773438,0.020712852478027344,0,0,0
relational,301237,8192,8192,0.1,227126,20,3,858,864,838,871,1,1.7084181308746338e-05,7.12275505065918e-06,87,0.0033937599509954453,0.00036007165908813477,8175,0,0
relational,301238,8192,8192,0.1,112467,20,7,838,844,820,851,1,0.00027489662170410156,0.00012683868408203125,71,0.004738569259643555,0.002933502197265625,8191,0,0
relational,301238,8192,8192,0.1,112467,21,11,838,844,820,851,1,0.47119140625,0.12060546875,1,0.6304712295532227,0.154296875,840,1,1
relational,301238,8192,8192,0.1,112467,22,7,838,844,820,851,1,0.8135526180267334,0.7734375,1,0.936841607093811,0.014226630330085754,838,1,1
relational,301238,8192,8192,0.1,112467,18,3,838,844,820,851,1,0.00037980079650878906,0.00011110305786132812,104,0.06981348991394043,0.01867389678955078,8184,0,0
relational,301238,8192,8192,0.1,112467,17,10,838,844,820,851,1,0.0002715587615966797,6.4849853515625e-05,109,0.0782315731048584,0.00557708740234375,0,0,0
relational,301238,8192,8192,0.1,112467,20,8,838,844,820,851,1,2.4937093257904053e-05,7.063150405883789e-06,63,8.570300997234881e-05,0.0014376640319824219,8175,0,0
relational,301238,8192,8192,0.1,112467,22,0,838,844,820,851,1,9.931623935699463e-06,3.6507844924926758e-06,761,0.0007107462733983994,4.614144563674927e-05,8191,0,0
relational,301238,8192,8192,0.1,112467,22,4,838,844,820,851,1,0.016262054443359375,0.00677490234375,13,0.06339716911315918,0.015964508056640625,8191,0,0
relational,301238,8192,8192,0.1,112467,21,0,838,844,820,851,1,0.001911163330078125,0.00049591064453125,47,0.015949010848999023,0.003954887390136719,0,0,0
relational,301238,8192,8192,0.1,112467,20,6,838,844,820,851,1,0.00020885467529296875,8.630752563476562e-05,76,0.04115469753742218,0.0001830458641052246,8190,0,0
relational,301238,8192,8192,0.1,112467,20,9,838,844,820,851,1,0.00020194053649902344,7.62939453125e-05,24,0.0004986175335943699,0.0013661384582519531,8190,0,0
relational,301238,8192,8192,0.1,112467,21,3,838,844,820,851,1,0.00024437904357910156,7.915496826171875e-05,102,0.010936558246612549,0.003093719482421875,0,0,0
relational,301238,8192,8192,0.1,112467,21,1,838,844,820,851,1,0.00029718875885009766,0.000110626220703125,96,0.022470712661743164,0.00251007080078125,0,0,0
relational,301238,8192,8192,0.1,112467,21,4,838,844,820,851,1,0.01122283935546875,0.0028839111328125,36,0.07888978719711304,0.0079803466796875,0,0,0
relational,301238,8192,8192,0.1,112467,21,5,838,844,820,851,1,0.007152557373046875,0.002471923828125,45,0.19564247131347656,0.0034084320068359375,0,0,0
relational,301238,8192,8192,0.1,112467,17,3,838,844,820,851,1,5.85019588470459e-05,1.5616416931152344e-05,110,0.004553884267807007,0.009563446044921875,8191,0,0
relational,301238,8192,8192,0.1,112467,22,10,838,844,820,851,1,0.716064453125,0.349609375,1,0.8807177543640137,0.005805492401123047,838,1,1
relational,301238,8192,8192,0.1,112467,23,4,838,844,820,851,1,0.02471160888671875,0.009033203125,13,0.15202975273132324,0.02061176300048828,0,0,0
relational,301238,8192,8192,0.1,112467,20,3,838,844,820,851,1,3.5509467124938965e-05,1.424551010131836e-05,77,0.006617013365030289,0.0006971955299377441,8171,0,0
relational,301239,8192,8192,0.1,367666,20,7,868,874,850,881,1,0.00022780895233154297,4.9591064453125e-05,132,0.004596352577209473,0.0030548572540283203,8191,0,0
relational,301239,8192,8192,0.1,367666,21,11,868,874,850,881,1,0.4375,0.11865234375,1,0.6003284454345703,0.184783935546875,870,1,1
relational,301239,8192,8192,0.1,367666,22,7,868,874,850,881,1,0.7370855808258057,0.73046875,1,0.9052926301956177,0.014277860522270203,868,1,1
relational,301239,8192,8192,0.1,367666,18,3,868,874,850,881,1,0.0004703998565673828,0.00023937225341796875,90,0.04825949668884277,0.010582923889160156,8184,0,0
relational,301239,8192,8192,0.1,367666,17,10,868,874,850,881,1,0.00024628639221191406,7.2479248046875e-05,105,0.07571768760681152,0.00554656982421875,0,0,0
relational,301239,8192,8192,0.1,367666,20,8,868,874,850,881,1,1.646764576435089e-05,8.046627044677734e-06,59,5.751167191192508e-05,0.0026564598083496094,8190,0,0
relational,301239,8192,8192,0.1,367666,22,0,868,874,850,881,1,4.680361598730087e-06,1.9371509552001953e-06,1249,8.192332461476326e-05,4.139542579650879e-05,0,0,0
relational,301239,8192,8192,0.1,367666,22,4,868,874,850,881,1,0.00698089599609375,0.0031890869140625,28,0.0436711311340332,0.018383026123046875,8191,0,0
relational,301239,8192,8192,0.1,367666,21,0,868,874,850,881,1,0.0027179718017578125,0.00067138671875,30,0.01721179485321045,0.0028591156005859375,0,0,0
relational,301239,8192,8192,0.1,367666,20,6,868,874,850,881,1,0.0003896355628967285,0.000240325927734375,58,0.03658878058195114,0.0003069639205932617,8190,0,0
relational,301239,8192,8192,0.1,367666,20,9,868,874,850,881,1,0.00033015012741088867,0.00010251998901367188,23,0.0008090944029390812,0.002866506576538086,8190,0,0
relational,301239,8192,8192,0.1,367666,21,3,868,874,850,881,1,0.0006421804428100586,0.0002536773681640625,79,0.013707995414733887,0.0032377243041992188,0,0,0
relational,301239,8192,8192,0.1,367666,21,1,868,874,850,881,1,0.00014081597328186035,4.649162292480469e-05,119,0.025861650705337524,0.0020055770874023438,0,0,0
relational,301239,8192,8192,0.1,367666,21,4,868,874,850,881,1,0.01868438720703125,0.007049560546875,19,0.07060596346855164,0.006725311279296875,0,0,0
relational,301239,8192,8192,0.1,367666,21,5,868,874,850,881,1,0.00994873046875,0.0034027099609375,32,0.2112746238708496,0.004128456115722656,0,0,0
relational,301239,8192,8192,0.1,367666,17,3,868,874,850,881,1,5.984306335449219e-05,1.5854835510253906e-05,107,0.0033260583877563477,0.008056640625,8191,0,0
relational,301239,8192,8192,0.1,367666,22,10,868,874,850,881,1,0.582672119140625,0.298828125,1,0.8132214546203613,0.009950876235961914,868,1,1
relational,301239,8192,8192,0.1,367666,23,4,868,874,850,881,1,0.020533084869384766,0.0185546875,10,0.1497201919555664,0.014497756958007812,0,0,0
relational,301239,8192,8192,0.1,367666,20,3,868,874,850,881,1,2.90796160697937e-05,1.537799835205078e-05,64,0.0027516409754753113,0.0007390379905700684,8175,0,0
relational,301240,8192,8192,0.1,321185,20,7,873,879,853,886,1,0.0009467601776123047,0.0004253387451171875,43,0.007870838046073914,0.0036516189575195312,8191,0,0
relational,301240,8192,8192,0.1,321185,21,11,873,879,853,886,1,0.493408203125,0.1435546875,1,0.659264087677002,0.1180419921875,875,1,1
relational,301240,8192,8192,0.1,321185,22,7,873,879,853,886,1,0.6888504028320312,0.6796875,1,0.8841650485992432,0.00945376604795456,873,1,1
relational,301240,8192,8192,0.1,321185,18,3,873,879,853,886,1,0.0007561445236206055,0.000347137451171875,88,0.058583617210388184,0.009889602661132812,8184,0,0
relational,301240,8192,8192,0.1,321185,17,10,873,879,853,886,1,0.0003578662872314453,9.250640869140625e-05,110,0.09415078163146973,0.0042877197265625,0,0,0
relational,301240,8192,8192,0.1,321185,20,8,873,879,853,886,1,4.396401345729828e-05,1.5974044799804688e-05,56,0.00010960662621073425,0.0029363632202148438,8190,0,0
relational,301240,8192,8192,0.1,321185,22,0,873,879,853,886,1,1.680571585893631e-06,9.126961231231689e-07,1671,0.00019132159650325775,6.417185068130493e-05,0,0,0
relational,301240,8192,8192,0.1,321185,22,4,873,879,853,886,1,0.0070343017578125,0.00323486328125,33,0.06118953227996826,0.010288238525390625,8191,0,0
relational,301240,8192,8192,0.1,321185,21,0,873,879,853,886,1,0.0028791427612304688,0.000919342041015625,33,0.018605947494506836,0.00263214111328125,0,0,0
relational,301240,8192,8192,0.1,321185,20,6,873,879,853,886,1,0.0004634261131286621,0.00020122528076171875,60,0.03204060345888138,0.00022795796394348145,10,0,0
relational,301240,8192,8192,0.1,321185,20,9,873,879,853,886,1,0.0005113482475280762,0.000217437744140625,17,0.000840058783069253,0.0028243064880371094,8190,0,0
relational,301240,8192,8192,0.1,321185,21,3,873,879,853,886,1,0.0011415481567382812,0.000457763671875,62,0.01512882113456726,0.002555370330810547,0,0,0
relational,301240,8192,8192,0.1,321185,21,1,873,879,853,886,1,0.00015613436698913574,4.673004150390625e-05,113,0.023085743188858032,0.0022444725036621094,0,0,0
relational,301240,8192,8192,0.1,321185,21,4,873,879,853,886,1,0.02162933349609375,0.007415771484375,24,0.09745308756828308,0.007007598876953125,0,0,0
relational,301240,8192,8192,0.1,321185,21,5,873,879,853,886,1,0.006946563720703125,0.0016326904296875,55,0.18905854225158691,0.0025119781494140625,0,0,0
relational,301240,8192,8192,0.1,321185,17,3,873,879,853,886,1,7.891654968261719e-05,2.1696090698242188e-05,104,0.003942608833312988,0.007785797119140625,8191,0,0
relational,301240,8192,8192,0.1,321185,22,10,873,879,853,886,1,0.6343994140625,0.30859375,1,0.8436944484710693,0.004411816596984863,873,1,1
relational,301240,8192,8192,0.1,321185,23,4,873,879,853,886,1,0.032566070556640625,0.0252685546875,8,0.1700117588043213,0.018668651580810547,0,0,0
relational,301240,8192,8192,0.1,321185,20,3,873,879,853,886,1,4.0765851736068726e-05,2.3365020751953125e-05,68,0.00699550099670887,0.0007342100143432617,8175,0,0
relational,301241,8192,8192,0.1,795577,20,7,844,850,824,857,1,0.0008716583251953125,0.0003643035888671875,47,0.0065435320138931274,0.009053230285644531,8191,0,0
relational,301241,8192,8192,0.1,795577,21,11,844,850,824,857,1,0.492919921875,0.13671875,1,0.6459541320800781,0.210693359375,846,1,1
relational,301241,8192,8192,0.1,795577,22,7,844,850,824,857,1,0.6124203205108643,0.609375,1,0.747893214225769,0.20183032751083374,844,1,1
relational,301241,8192,8192,0.1,795577,18,3,844,850,824,857,1,0.0004259347915649414,0.0002193450927734375,94,0.06402075290679932,0.015347480773925781,8184,0,0
relational,301241,8192,8192,0.1,795577,17,10,844,850,824,857,1,0.00027108192443847656,8.821487426757812e-05,108,0.08275866508483887,0.004909515380859375,0,0,0
relational,301241,8192,8192,0.1,795577,20,8,844,850,824,857,1,2.604164183139801e-05,1.1444091796875e-05,57,9.85724909696728e-05,0.0015635490417480469,8175,0,0
relational,301241,8192,8192,0.1,795577,22,0,844,850,824,857,1,9.086413774639368e-05,3.695487976074219e-05,91,0.00026281236205250025,5.6490302085876465e-05,8191,0,0
relational,301241,8192,8192,0.1,795577,22,4,844,850,824,857,1,0.006458282470703125,0.0032501220703125,23,0.05962657928466797,0.01494598388671875,8191,0,0
relational,301241,8192,8192,0.1,795577,21,0,844,850,824,857,1,0.0043621063232421875,0.000965118408203125,33,0.02580845355987549,0.0072193145751953125,0,0,0
relational,301241,8192,8192,0.1,795577,20,6,844,850,824,857,1,0.00021308660507202148,0.0001316070556640625,68,0.0496952086687088,0.0001946091651916504,8190,0,0
relational,301241,8192,8192,0.1,795577,20,9,844,850,824,857,1,0.0005297660827636719,0.00018215179443359375,21,0.0010727089829742908,0.0044403076171875,8190,0,0
relational,301241,8192,8192,0.1,795577,21,3,844,850,824,857,1,0.0006131827831268311,0.0002689361572265625,74,0.01174822449684143,0.00628662109375,0,0,0
relational,301241,8192,8192,0.1,795577,21,1,844,850,824,857,1,0.00023216009140014648,8.678436279296875e-05,102,0.024378538131713867,0.0033245086669921875,0,0,0
relational,301241,8192,8192,0.1,795577,21,4,844,850,824,857,1,0.021087646484375,0.005401611328125,25,0.10674208402633667,0.009860992431640625,0,0,0
relational,301241,8192,8192,0.1,795577,21,5,844,850,824,857,1,0.00905609130859375,0.00213623046875,60,0.17790985107421875,0.008337974548339844,0,0,0
relational,301241,8192,8192,0.1,795577,17,3,844,850,824,857,1,6.222724914550781e-05,2.014636993408203e-05,107,0.005450189113616943,0.011264801025390625,8191,0,0
relational,301241,8192,8192,0.1,795577,22,10,844,850,824,857,1,0.39794921875,0.2138671875,1,0.6698406338691711,0.02055215835571289,844,1,1
relational,301241,8192,8192,0.1,795577,23,4,844,850,824,857,1,0.017375946044921875,0.0155029296875,10,0.14583635330200195,0.010608673095703125,0,0,0
relational,301241,8192,8192,0.1,795577,20,3,844,850,824,857,1,2.95247882604599e-05,1.71661376953125e-05,74,0.005904218181967735,0.0012763738632202148,8171,0,0
distractor_heavy,401234,8192,8193,0.1,210681,20,7,842,848,817,855,2,0.0016064643859863281,0.00064849853515625,37,0.011477231979370117,0.005946516990661621,8192,0,0
distractor_heavy,401234,8192,8193,0.1,210681,21,11,842,848,817,855,2,0.443115234375,0.1298828125,1,0.763552188873291,0.14031982421875,844,1,1
distractor_heavy,401234,8192,8193,0.1,210681,22,7,842,848,817,855,2,0.5265350341796875,0.515625,1,0.9281036257743835,0.014639757573604584,842,1,1
distractor_heavy,401234,8192,8193,0.1,210681,18,3,842,848,817,855,2,0.0006444454193115234,0.00016689300537109375,93,0.061717987060546875,0.024875640869140625,8176,0,0
distractor_heavy,401234,8192,8193,0.1,210681,17,10,842,848,817,855,2,0.00024402141571044922,6.103515625e-05,108,0.06556761264801025,0.005156040191650391,0,0,0
distractor_heavy,401234,8192,8193,0.1,210681,20,8,842,848,817,855,2,6.848573684692383e-05,2.9087066650390625e-05,49,0.00027473291265778244,0.0003597363829612732,8191,0,0
distractor_heavy,401234,8192,8193,0.1,210681,22,0,842,848,817,855,2,2.518296241760254e-05,9.775161743164062e-06,377,0.00012327427975833416,8.58064740896225e-05,8192,0,0
distractor_heavy,401234,8192,8193,0.1,210681,22,4,842,848,817,855,2,0.00539398193359375,0.0018310546875,26,0.033336758613586426,0.006702423095703125,8192,0,0
distractor_heavy,401234,8192,8193,0.1,210681,21,0,842,848,817,855,2,0.0145721435546875,0.0048828125,6,0.03776824474334717,0.011396408081054688,0,0,0
distractor_heavy,401234,8192,8193,0.1,210681,20,6,842,848,817,855,2,0.0001487135887145996,5.221366882324219e-05,77,0.05991331487894058,0.00021000206470489502,8192,0,0
distractor_heavy,401234,8192,8193,0.1,210681,20,9,842,848,817,855,2,0.0016715526580810547,0.000720977783203125,10,0.002258698921650648,0.00014512613415718079,8191,0,0
distractor_heavy,401234,8192,8193,0.1,210681,21,3,842,848,817,855,2,0.00014919042587280273,4.220008850097656e-05,102,0.009836822748184204,0.004423201084136963,0,0,0
distractor_heavy,401234,8192,8193,0.1,210681,21,1,842,848,817,855,2,0.00014716386795043945,4.696846008300781e-05,121,0.045840322971343994,0.0033257007598876953,0,0,0
distractor_heavy,401234,8192,8193,0.1,210681,21,4,842,848,817,855,2,0.0036029815673828125,0.00138092041015625,43,0.048630714416503906,0.017877578735351562,8191,0,0
distractor_heavy,401234,8192,8193,0.1,210681,21,5,842,848,817,855,2,0.0038547515869140625,0.00115966796875,66,0.1025996208190918,0.011753559112548828,0,0,0
distractor_heavy,401234,8192,8193,0.1,210681,17,3,842,848,817,855,2,6.61611557006836e-05,2.0503997802734375e-05,107,0.004850804805755615,0.0050337910652160645,8192,0,0
distractor_heavy,401234,8192,8193,0.1,210681,22,10,842,848,817,855,2,0.259490966796875,0.0908203125,3,0.7567685842514038,0.024114608764648438,841,0,1
distractor_heavy,401234,8192,8193,0.1,210681,23,4,842,848,817,855,2,0.016300201416015625,0.01104736328125,14,0.2714498043060303,0.01760721206665039,0,0,0
distractor_heavy,401234,8192,8193,0.1,210681,20,3,842,848,817,855,2,0.00023415684700012207,0.0001220703125,48,0.013814620673656464,0.0011203885078430176,8176,0,0
distractor_heavy,401235,8192,8193,0.1,639039,20,7,856,862,832,869,2,0.000911712646484375,0.0003490447998046875,48,0.008611202239990234,0.006389141082763672,8192,0,0
distractor_heavy,401235,8192,8193,0.1,639039,21,11,856,862,832,869,2,0.5712890625,0.1123046875,1,0.8345158100128174,0.11309814453125,860,1,1
distractor_heavy,401235,8192,8193,0.1,639039,22,7,856,862,832,869,2,0.7907533645629883,0.78515625,1,0.9733644723892212,0.011161599308252335,856,1,1
distractor_heavy,401235,8192,8193,0.1,639039,18,3,856,862,832,869,2,0.0019741058349609375,0.000698089599609375,66,0.06741166114807129,0.024335861206054688,8185,0,0
distractor_heavy,401235,8192,8193,0.1,639039,17,10,856,862,832,869,2,0.00015103816986083984,4.220008850097656e-05,122,0.06608426570892334,0.004738807678222656,0,0,0
distractor_heavy,401235,8192,8193,0.1,639039,20,8,856,862,832,869,2,6.61015510559082e-05,1.71661376953125e-05,56,0.000344952626619488,0.0010730400681495667,8191,0,0
distractor_heavy,401235,8192,8193,0.1,639039,22,0,856,862,832,869,2,3.3669639378786087e-06,2.473592758178711e-06,1100,9.712320752441883e-05,7.037818431854248e-05,8192,0,0
distractor_heavy,401235,8192,8193,0.1,639039,22,4,856,862,832,869,2,0.0029449462890625,0.00130462646484375,30,0.0312463641166687,0.004579067230224609,8192,0,0
distractor_heavy,401235,8192,8193,0.1,639039,21,0,856,862,832,869,2,0.0317535400390625,0.01123046875,4,0.05951130390167236,0.012868881225585938,0,0,0
distractor_heavy,401235,8192,8193,0.1,639039,20,6,856,862,832,869,2,0.00016695261001586914,4.792213439941406e-05,84,0.06571074575185776,0.00045780837535858154,8192,0,0
distractor_heavy,401235,8192,8193,0.1,639039,20,9,856,862,832,869,2,0.00218963623046875,0.000537872314453125,11,0.002799779176712036,0.00032345205545425415,8191,0,0
distractor_heavy,401235,8192,8193,0.1,639039,21,3,856,862,832,869,2,0.00013697147369384766,3.7670135498046875e-05,107,0.014995187520980835,0.004741191864013672,0,0,0
distractor_heavy,401235,8192,8193,0.1,639039,21,1,856,862,832,869,2,0.00020766258239746094,5.4836273193359375e-05,127,0.05196690559387207,0.0047760009765625,0,0,0
distractor_heavy,401235,8192,8193,0.1,639039,21,4,856,862,832,869,2,0.013696670532226562,0.006744384765625,18,0.08790981769561768,0.02281951904296875,8191,0,0
distractor_heavy,401235,8192,8193,0.1,639039,21,5,856,862,832,869,2,0.010196685791015625,0.0032501220703125,40,0.13739299774169922,0.011296272277832031,0,0,0
distractor_heavy,401235,8192,8193,0.1,639039,17,3,856,862,832,869,2,4.591047763824463e-05,1.8358230590820312e-05,104,0.005459323525428772,0.004861593246459961,8192,0,0
distractor_heavy,401235,8192,8193,0.1,639039,22,10,856,862,832,869,2,0.3013916015625,0.095703125,3,0.7808189392089844,0.022457480430603027,863,0,1
distractor_heavy,401235,8192,8193,0.1,639039,23,4,856,862,832,869,2,0.021280288696289062,0.01446533203125,13,0.3019852638244629,0.014164090156555176,0,0,0
distractor_heavy,401235,8192,8193,0.1,639039,20,3,856,862,832,869,2,0.00021739304065704346,0.00013637542724609375,53,0.015210121870040894,0.0021261274814605713,8177,0,0
distractor_heavy,401236,8192,8192,0.1,705589,20,7,856,862,832,869,2,0.0009999275207519531,0.0003757476806640625,47,0.008851468563079834,0.007369816303253174,8191,0,0
distractor_heavy,401236,8192,8192,0.1,705589,21,11,856,862,832,869,2,0.5234375,0.150390625,1,0.793182373046875,0.13143157958984375,858,1,1
distractor_heavy,401236,8192,8192,0.1,705589,22,7,856,862,832,869,2,0.8381834030151367,0.8359375,1,0.9788937568664551,0.007404128089547157,856,1,1
distractor_heavy,401236,8192,8192,0.1,705589,18,3,856,862,832,869,2,0.0023679733276367188,0.00124359130859375,56,0.054205894470214844,0.02480602264404297,8184,0,0
distractor_heavy,401236,8192,8192,0.1,705589,17,10,856,862,832,869,2,0.0001728534698486328,4.649162292480469e-05,123,0.05787467956542969,0.005061626434326172,0,0,0
distractor_heavy,401236,8192,8192,0.1,705589,20,8,856,862,832,869,2,3.978610038757324e-05,1.5735626220703125e-05,62,0.0002946372842416167,0.0010574162006378174,8190,0,0
distractor_heavy,401236,8192,8192,0.1,705589,22,0,856,862,832,869,2,2.9107904992997646e-06,2.6226043701171875e-06,1108,9.749497985467315e-05,8.26418399810791e-05,8191,0,0
distractor_heavy,401236,8192,8192,0.1,705589,22,4,856,862,832,869,2,0.0035085678100585938,0.00131988525390625,31,0.02789006382226944,0.006343841552734375,8191,0,0
distractor_heavy,401236,8192,8192,0.1,705589,21,0,856,862,832,869,2,0.04024505615234375,0.02392578125,4,0.06781935691833496,0.016083717346191406,0,0,0
distractor_heavy,401236,8192,8192,0.1,705589,20,6,856,862,832,869,2,9.816884994506836e-05,3.123283386230469e-05,88,0.08025301247835159,0.00030118227005004883,8191,0,0
distractor_heavy,401236,8192,8192,0.1,705589,20,9,856,862,832,869,2,0.0031032562255859375,0.001129150390625,11,0.004413895308971405,0.0009435713291168213,8190,0,0
distractor_heavy,401236,8192,8192,0.1,705589,21,3,856,862,832,869,2,0.00021952390670776367,9.393692016601562e-05,83,0.01592358946800232,0.005095362663269043,0,0,0
distractor_heavy,401236,8192,8192,0.1,705589,21,1,856,862,832,869,2,0.0001532435417175293,4.5299530029296875e-05,130,0.05384320020675659,0.004014015197753906,0,0,0
distractor_heavy,401236,8192,8192,0.1,705589,21,4,856,862,832,869,2,0.01894092559814453,0.01483154296875,8,0.08636566996574402,0.020946979522705078,8190,0,0
distractor_heavy,401236,8192,8192,0.1,705589,21,5,856,862,832,869,2,0.009255409240722656,0.003662109375,35,0.1368427276611328,0.011203765869140625,0,0,0
distractor_heavy,401236,8192,8192,0.1,705589,17,3,856,862,832,869,2,4.3958425521850586e-05,1.3232231140136719e-05,109,0.004340022802352905,0.005046427249908447,8191,0,0
distractor_heavy,401236,8192,8192,0.1,705589,22,10,856,862,832,869,2,0.30291748046875,0.09912109375,3,0.7835782766342163,0.02683556079864502,863,0,1
distractor_heavy,401236,8192,8192,0.1,705589,23,4,856,862,832,869,2,0.01684093475341797,0.01171875,14,0.2850182056427002,0.007389813661575317,0,0,0
distractor_heavy,401236,8192,8192,0.1,705589,20,3,856,862,832,869,2,0.00013107061386108398,8.0108642578125e-05,57,0.00925755500793457,0.00138169527053833,8176,0,0
distractor_heavy,401237,8192,8192,0.1,577255,20,7,847,853,823,860,2,0.0033156871795654297,0.00174713134765625,19,0.013232797384262085,0.009551584720611572,8191,0,0
distractor_heavy,401237,8192,8192,0.1,577255,21,11,847,853,823,860,2,0.589599609375,0.1416015625,1,0.8122766017913818,0.1466064453125,852,1,1
distractor_heavy,401237,8192,8192,0.1,577255,22,7,847,853,823,860,2,0.8673696517944336,0.859375,1,0.9788315296173096,0.016945302486419678,847,1,1
distractor_heavy,401237,8192,8192,0.1,577255,18,3,847,853,823,860,2,0.0008823871612548828,0.000293731689453125,87,0.06870102882385254,0.029575347900390625,8184,0,0
distractor_heavy,401237,8192,8192,0.1,577255,17,10,847,853,823,860,2,0.00021600723266601562,5.936622619628906e-05,114,0.05541586875915527,0.004565715789794922,0,0,0
distractor_heavy,401237,8192,8192,0.1,577255,20,8,847,853,823,860,2,4.402920603752136e-05,1.4424324035644531e-05,58,0.0002979821583721787,0.0009397231042385101,8190,0,0
distractor_heavy,401237,8192,8192,0.1,577255,22,0,847,853,823,860,2,1.2159114703536034e-05,1.1444091796875e-05,435,0.00015739328227937222,0.00011137314140796661,8191,0,0
distractor_heavy,401237,8192,8192,0.1,577255,22,4,847,853,823,860,2,0.0051593780517578125,0.0015869140625,32,0.04936426877975464,0.011615753173828125,8191,0,0
distractor_heavy,401237,8192,8192,0.1,577255,21,0,847,853,823,860,2,0.02625274658203125,0.00860595703125,5,0.051860809326171875,0.013368606567382812,0,0,0
distractor_heavy,401237,8192,8192,0.1,577255,20,6,847,853,823,860,2,0.0001570582389831543,5.626678466796875e-05,84,0.049169573932886124,0.0002940520644187927,8191,0,0
distractor_heavy,401237,8192,8192,0.1,577255,20,9,847,853,823,860,2,0.003326416015625,0.000911712646484375,9,0.003736647078767419,0.0006436258554458618,8190,0,0
distractor_heavy,401237,8192,8192,0.1,577255,21,3,847,853,823,860,2,0.00010064244270324707,2.7179718017578125e-05,125,0.014372438192367554,0.00461047887802124,0,0,0
distractor_heavy,401237,8192,8192,0.1,577255,21,1,847,853,823,860,2,0.00037610530853271484,0.0001316070556640625,110,0.04796254634857178,0.004427433013916016,0,0,0
distractor_heavy,401237,8192,8192,0.1,577255,21,4,847,853,823,860,2,0.006618499755859375,0.0032958984375,30,0.06203073263168335,0.019382953643798828,8190,0,0
distractor_heavy,401237,8192,8192,0.1,577255,21,5,847,853,823,860,2,0.01345062255859375,0.00677490234375,24,0.129669189453125,0.01254415512084961,0,0,0
distractor_heavy,401237,8192,8192,0.1,577255,17,3,847,853,823,860,2,6.310641765594482e-05,2.6345252990722656e-05,101,0.0043324679136276245,0.005036592483520508,8191,0,0
distractor_heavy,401237,8192,8192,0.1,577255,22,10,847,853,823,860,2,0.31805419921875,0.126953125,2,0.7344222068786621,0.05276024341583252,854,0,1
distractor_heavy,401237,8192,8192,0.1,577255,23,4,847,853,823,860,2,0.010186195373535156,0.00811767578125,17,0.2504727840423584,0.01657235622406006,0,0,0
distractor_heavy,401237,8192,8192,0.1,577255,20,3,847,853,823,860,2,0.0003819763660430908,0.00028228759765625,44,0.017441272735595703,0.0022506117820739746,8176,0,0
distractor_heavy,401238,8192,8192,0.1,984712,20,7,857,863,833,870,2,0.0007071495056152344,0.000255584716796875,59,0.00789526104927063,0.008293628692626953,8191,0,0
distractor_heavy,401238,8192,8192,0.1,984712,21,11,857,863,833,870,2,0.468994140625,0.11572265625,1,0.7580718994140625,0.1502227783203125,859,1,1
distractor_heavy,401238,8192,8192,0.1,984712,22,7,857,863,833,870,2,0.778656005859375,0.76953125,1,0.9370616674423218,0.017286084592342377,857,1,1
distractor_heavy,401238,8192,8192,0.1,984712,18,3,857,863,833,870,2,0.0010600090026855469,0.000274658203125,87,0.05977654457092285,0.028217315673828125,8176,0,0
distractor_heavy,401238,8192,8192,0.1,984712,17,10,857,863,833,870,2,0.0001404881477355957,4.9591064453125e-05,119,0.06299024820327759,0.00537109375,0,0,0
distractor_heavy,401238,8192,8192,0.1,984712,20,8,857,863,833,870,2,4.2185187339782715e-05,1.233816146850586e-05,64,0.0003733953053597361,0.0007482990622520447,8190,0,0
distractor_heavy,401238,8192,8192,0.1,984712,22,0,857,863,833,870,2,2.2800813894718885e-06,1.8551945686340332e-06,1316,8.358733612112701e-05,5.9349462389945984e-05,8191,0,0
distractor_heavy,401238,8192,8192,0.1,984712,22,4,857,863,833,870,2,0.002384662628173828,0.000762939453125,41,0.02630840241909027,0.004508018493652344,8191,0,0
distractor_heavy,401238,8192,8192,0.1,984712,21,0,857,863,833,870,2,0.0266571044921875,0.00872802734375,5,0.053913235664367676,0.015389442443847656,0,0,0
distractor_heavy,401238,8192,8192,0.1,984712,20,6,857,863,833,870,2,0.00011640787124633789,3.0517578125e-05,95,0.05867631733417511,0.0003318488597869873,8191,0,0
distractor_heavy,401238,8192,8192,0.1,984712,20,9,857,863,833,870,2,0.0022296905517578125,0.000667572021484375,11,0.003133805003017187,0.00043998658657073975,8190,0,0
distractor_heavy,401238,8192,8192,0.1,984712,21,3,857,863,833,870,2,0.00011277198791503906,3.075599670410156e-05,115,0.0167883038520813,0.005049705505371094,0,0,0
distractor_heavy,401238,8192,8192,0.1,984712,21,1,857,863,833,870,2,0.0002383589744567871,9.584426879882812e-05,120,0.0590476393699646,0.003943443298339844,0,0,0
distractor_heavy,401238,8192,8192,0.1,984712,21,4,857,863,833,870,2,0.0058269500732421875,0.002105712890625,41,0.06045037508010864,0.015007495880126953,8190,0,0
distractor_heavy,401238,8192,8192,0.1,984712,21,5,857,863,833,870,2,0.00551605224609375,0.0010528564453125,77,0.10510540008544922,0.008852481842041016,0,0,0
distractor_heavy,401238,8192,8192,0.1,984712,17,3,857,863,833,870,2,3.959238529205322e-05,1.8835067749023438e-05,109,0.004787132143974304,0.004312723875045776,8191,0,0
distractor_heavy,401238,8192,8192,0.1,984712,22,10,857,863,833,870,2,0.29248046875,0.0908203125,3,0.7087491154670715,0.024657845497131348,864,0,1
distractor_heavy,401238,8192,8192,0.1,984712,23,4,857,863,833,870,2,0.022460460662841797,0.0167236328125,12,0.28351497650146484,0.013392210006713867,0,0,0
distractor_heavy,401238,8192,8192,0.1,984712,20,3,857,863,833,870,2,9.451806545257568e-05,6.4849853515625e-05,63,0.011652521789073944,0.0012918412685394287,8176,0,0
distractor_heavy,401239,8192,8192,0.1,836886,20,7,864,870,840,877,2,0.0010638236999511719,0.0004138946533203125,47,0.007959038019180298,0.00661468505859375,8191,0,0
distractor_heavy,401239,8192,8192,0.1,836886,21,11,864,870,840,877,2,0.609130859375,0.169921875,1,0.8252773284912109,0.115631103515625,869,1,1
distractor_heavy,401239,8192,8192,0.1,836886,22,7,864,870,840,877,2,0.849339485168457,0.84375,1,0.9753119945526123,0.008074469864368439,864,1,1
distractor_heavy,401239,8192,8192,0.1,836886,18,3,864,870,840,877,2,0.0020842552185058594,0.00127410888671875,52,0.06876349449157715,0.022734642028808594,8176,0,0
distractor_heavy,401239,8192,8192,0.1,836886,17,10,864,870,840,877,2,0.00014907121658325195,4.601478576660156e-05,114,0.06448465585708618,0.0044918060302734375,0,0,0
distractor_heavy,401239,8192,8192,0.1,836886,20,8,864,870,840,877,2,6.609875708818436e-05,2.1338462829589844e-05,55,0.0002720103657338768,0.0010298565030097961,8190,0,0
distractor_heavy,401239,8192,8192,0.1,836886,22,0,864,870,840,877,2,6.847083568572998e-06,1.952052116394043e-06,1341,0.00023062876425683498,6.781984120607376e-05,8191,0,0
distractor_heavy,401239,8192,8192,0.1,836886,22,4,864,870,840,877,2,0.00632476806640625,0.002227783203125,18,0.03851882368326187,0.004605293273925781,8191,0,0
distractor_heavy,401239,8192,8192,0.1,836886,21,0,864,870,840,877,2,0.046966552734375,0.0267333984375,3,0.0796048641204834,0.0168609619140625,0,0,0
distractor_heavy,401239,8192,8192,0.1,836886,20,6,864,870,840,877,2,0.00020313262939453125,4.839897155761719e-05,88,0.056382402777671814,0.0003763437271118164,8191,0,0
distractor_heavy,401239,8192,8192,0.1,836886,20,9,864,870,840,877,2,0.003617525100708008,0.001373291015625,9,0.004126760642975569,0.000328943133354187,8190,0,0
distractor_heavy,401239,8192,8192,0.1,836886,21,3,864,870,840,877,2,0.00033795833587646484,0.000110626220703125,89,0.0242130309343338,0.005242526531219482,0,0,0
distractor_heavy,401239,8192,8192,0.1,836886,21,1,864,870,840,877,2,0.00025266408920288086,8.630752563476562e-05,121,0.044902503490448,0.004702568054199219,0,0,0
distractor_heavy,401239,8192,8192,0.1,836886,21,4,864,870,840,877,2,0.01920318603515625,0.01239013671875,8,0.09587615728378296,0.025925636291503906,8190,0,0
distractor_heavy,401239,8192,8192,0.1,836886,21,5,864,870,840,877,2,0.016998291015625,0.007293701171875,22,0.14117908477783203,0.015775680541992188,0,0,0
distractor_heavy,401239,8192,8192,0.1,836886,17,3,864,870,840,877,2,4.240870475769043e-05,1.4483928680419922e-05,110,0.004369616508483887,0.004524886608123779,8191,0,0
distractor_heavy,401239,8192,8192,0.1,836886,22,10,864,870,840,877,2,0.4378662109375,0.1435546875,1,0.7774094343185425,0.03206753730773926,865,1,1
distractor_heavy,401239,8192,8192,0.1,836886,23,4,864,870,840,877,2,0.021451950073242188,0.01312255859375,13,0.2728862762451172,0.012381196022033691,0,0,0
distractor_heavy,401239,8192,8192,0.1,836886,20,3,864,870,840,877,2,0.00034321844577789307,0.00018596649169921875,47,0.013471536338329315,0.0015891790390014648,8176,0,0
distractor_heavy,401240,8192,8193,0.1,453754,20,7,862,868,838,875,2,0.0014619827270507812,0.0004100799560546875,43,0.009985029697418213,0.008849501609802246,8192,0,0
distractor_heavy,401240,8192,8193,0.1,453754,21,11,862,868,838,875,2,0.5625,0.12353515625,1,0.8043031692504883,0.1118011474609375,867,1,1
distractor_heavy,401240,8192,8193,0.1,453754,22,7,862,868,838,875,2,0.7467765808105469,0.7421875,1,0.9776159524917603,0.005468479823321104,862,1,1
distractor_heavy,401240,8192,8193,0.1,453754,18,3,862,868,838,875,2,0.0016036033630371094,0.000423431396484375,75,0.05292534828186035,0.02225780487060547,8185,0,0
distractor_heavy,401240,8192,8193,0.1,453754,17,10,862,868,838,875,2,0.00014019012451171875,3.5762786865234375e-05,123,0.05748462677001953,0.005246639251708984,0,0,0
distractor_heavy,401240,8192,8193,0.1,453754,20,8,862,868,838,875,2,4.4032931327819824e-05,1.2099742889404297e-05,61,0.0003538709133863449,0.0006927605718374252,8191,0,0
distractor_heavy,401240,8192,8193,0.1,453754,22,0,862,868,838,875,2,9.0012326836586e-07,3.4831464290618896e-07,3167,0.00013292738003656268,7.646688027307391e-05,8192,0,0
distractor_heavy,401240,8192,8193,0.1,453754,22,4,862,868,838,875,2,0.001987457275390625,0.0005035400390625,45,0.022881150245666504,0.004224300384521484,8192,0,0
distractor_heavy,401240,8192,8193,0.1,453754,21,0,862,868,838,875,2,0.02472686767578125,0.00836181640625,5,0.053856849670410156,0.013311386108398438,0,0,0
distractor_heavy,401240,8192,8193,0.1,453754,20,6,862,868,838,875,2,0.0002518296241760254,7.963180541992188e-05,75,0.08669427037239075,0.0004491880536079407,8192,0,0
distractor_heavy,401240,8192,8193,0.1,453754,20,9,862,868,838,875,2,0.0056514739990234375,0.00157928466796875,8,0.006687943823635578,0.0003418177366256714,8191,0,0
distractor_heavy,401240,8192,8193,0.1,453754,21,3,862,868,838,875,2,0.00033533573150634766,0.00011396408081054688,88,0.020543143153190613,0.004943728446960449,0,0,0
distractor_heavy,401240,8192,8193,0.1,453754,21,1,862,868,838,875,2,0.00018972158432006836,8.821487426757812e-05,113,0.04692167043685913,0.004395723342895508,0,0,0
distractor_heavy,401240,8192,8193,0.1,453754,21,4,862,868,838,875,2,0.013103485107421875,0.00653076171875,21,0.08019056916236877,0.017555713653564453,8191,0,0
distractor_heavy,401240,8192,8193,0.1,453754,21,5,862,868,838,875,2,0.008544921875,0.0026702880859375,56,0.14764881134033203,0.01239013671875,0,0,0
distractor_heavy,401240,8192,8193,0.1,453754,17,3,862,868,838,875,2,6.243586540222168e-05,1.823902130126953e-05,106,0.004339665174484253,0.004285067319869995,8192,0,0
distractor_heavy,401240,8192,8193,0.1,453754,22,10,862,868,838,875,2,0.301727294921875,0.134765625,3,0.8151057362556458,0.02039092779159546,861,0,1
distractor_heavy,401240,8192,8193,0.1,453754,23,4,862,868,838,875,2,0.010473251342773438,0.009033203125,14,0.2711470127105713,0.008775651454925537,0,0,0
distractor_heavy,401240,8192,8193,0.1,453754,20,3,862,868,838,875,2,0.00015631318092346191,8.296966552734375e-05,56,0.01300600916147232,0.0011913776397705078,8177,0,0
distractor_heavy,401241,8192,8192,0.1,395505,20,7,835,841,811,848,2,0.0012729167938232422,0.0004730224609375,49,0.013229668140411377,0.008736133575439453,8191,0,0
distractor_heavy,401241,8192,8192,0.1,395505,21,11,835,841,811,848,2,0.596923828125,0.1494140625,1,0.8192551136016846,0.0982818603515625,836,1,1
distractor_heavy,401241,8192,8192,0.1,395505,22,7,835,841,811,848,2,0.6423308849334717,0.62890625,1,0.9621022939682007,0.01535162702202797,835,1,1
distractor_heavy,401241,8192,8192,0.1,395505,18,3,835,841,811,848,2,0.0019004344940185547,0.000934600830078125,58,0.06171441078186035,0.03520965576171875,8184,0,0
distractor_heavy,401241,8192,8192,0.1,395505,17,10,835,841,811,848,2,0.0002117156982421875,5.173683166503906e-05,115,0.06985616683959961,0.0060577392578125,0,0,0
distractor_heavy,401241,8192,8192,0.1,395505,20,8,835,841,811,848,2,0.0001173168420791626,6.4849853515625e-05,45,0.0004628729075193405,0.0008355677127838135,8190,0,0
distractor_heavy,401241,8192,8192,0.1,395505,22,0,835,841,811,848,2,6.875023245811462e-06,2.175569534301758e-06,1312,0.00025588786229491234,0.00012745149433612823,8191,0,0
distractor_heavy,401241,8192,8192,0.1,395505,22,4,835,841,811,848,2,0.0040225982666015625,0.00118255615234375,33,0.025111496448516846,0.010851383209228516,8191,0,0
distractor_heavy,401241,8192,8192,0.1,395505,21,0,835,841,811,848,2,0.013103485107421875,0.005645751953125,5,0.030573129653930664,0.011739730834960938,0,0,0
distractor_heavy,401241,8192,8192,0.1,395505,20,6,835,841,811,848,2,0.00018328428268432617,8.058547973632812e-05,77,0.06298831105232239,0.00030884891748428345,8191,0,0
distractor_heavy,401241,8192,8192,0.1,395505,20,9,835,841,811,848,2,0.006232261657714844,0.0024566650390625,7,0.007168160751461983,0.0005093179643154144,8190,0,0
distractor_heavy,401241,8192,8192,0.1,395505,21,3,835,841,811,848,2,8.288025856018066e-05,2.5510787963867188e-05,123,0.011493027210235596,0.00528872013092041,0,0,0
distractor_heavy,401241,8192,8192,0.1,395505,21,1,835,841,811,848,2,0.00021201372146606445,7.2479248046875e-05,123,0.03711420297622681,0.004305839538574219,0,0,0
distractor_heavy,401241,8192,8192,0.1,395505,21,4,835,841,811,848,2,0.0059871673583984375,0.003570556640625,28,0.06138920783996582,0.0197906494140625,8190,0,0
distractor_heavy,401241,8192,8192,0.1,395505,21,5,835,841,811,848,2,0.007622718811035156,0.004486083984375,39,0.1569671630859375,0.01530599594116211,0,0,0
distractor_heavy,401241,8192,8192,0.1,395505,17,3,835,841,811,848,2,8.362531661987305e-05,1.7404556274414062e-05,118,0.004188179969787598,0.007734835147857666,8191,0,0
distractor_heavy,401241,8192,8192,0.1,395505,22,10,835,841,811,848,2,0.2617340087890625,0.1015625,3,0.7624238133430481,0.029288917779922485,834,0,1
distractor_heavy,401241,8192,8192,0.1,395505,23,4,835,841,811,848,2,0.00916433334350586,0.0052490234375,25,0.23118901252746582,0.015932321548461914,0,0,0
distractor_heavy,401241,8192,8192,0.1,395505,20,3,835,841,811,848,2,0.0005702972412109375,0.00019168853759765625,52,0.016571909189224243,0.002481997013092041,8176,0,0
