layer,head,far_event,far_detect,far_score,near_event,near_detect,near_score,delta_event_far_minus_near,delta_score_far_minus_near,event_ratio_far_over_near,score_ratio_far_over_near,rank_key,far_retrieval_rate_setting_mean,far_copied_first_rate_setting_mean,near_retrieval_rate_setting_mean,near_copied_first_rate_setting_mean
18,3,0.05,0.05,0.05,0.7,0.7,0.7,-0.6499999999999999,-0.6499999999999999,0.07142857275510205,0.07142857275510205,0.07500000000000001,1.0,1.0,1.0,1.0
17,3,0.025,0.025,0.025,0.55,0.55,0.55,-0.525,-0.525,0.04545454719008264,0.04545454719008264,0.037500000000000006,1.0,1.0,1.0,1.0
21,4,0.0,0.0,0.0,0.275,0.275,0.275,-0.275,-0.275,3.6363636231404955e-09,3.6363636231404955e-09,0.0,1.0,1.0,1.0,1.0
18,7,0.0,0.0,0.0,0.25,0.25,0.25,-0.25,-0.25,3.9999999839999995e-09,3.9999999839999995e-09,0.0,1.0,1.0,1.0,1.0
21,8,0.0,0.0,0.0,0.225,0.225,0.225,-0.225,-0.225,4.444444424691358e-09,4.444444424691358e-09,0.0,1.0,1.0,1.0,1.0
