{"model_id": "Qwen/Qwen2.5-1.5B-Instruct", "n_layers": 28, "n_heads": 12, "lengths": [2048, 4096], "n_prompts_total": 120, "tau": 0.05, "event_rate": [[0.0, 0.0, 0.0, 0.0, 0.0, 0.0, 0.0, 0.0, 0.0, 0.9833333333333333, 0.0, 0.0], [0.0, 0.0, 0.0, 0.0, 0.0, 0.0, 0.0, 0.025, 0.0, 0.0, 0.0, 0.0], [0.0, 0.0, 0.0, 0.4166666666666667, 0.0, 0.0, 0.0, 0.0, 0.0, 0.0, 0.0, 0.0], [0.0, 0.0, 0.0, 0.0, 0.0, 0.0, 0.0, 0.0, 0.0, 0.0, 0.0, 0.0], [0.0, 0.0, 0.0, 0.0, 0.008333333333333333, 0.0, 0.0, 0.0, 0.0, 0.0, 0.0, 0.0], [0.0, 0.0, 0.0, 0.0, 0.0, 0.0, 0.08333333333333333, 0.0, 0.0, 0.0, 0.008333333333333333, 0.25], [0.0, 0.0, 0.0, 0.0, 0.0, 0.0, 0.725, 0.0, 0.0, 0.0, 0.0, 0.0], [0.0, 0.0, 0.0, 0.0, 0.058333333333333334, 0.0, 0.0, 0.0, 0.0, 0.0, 0.0, 0.16666666666666666], [0.0, 0.9333333333333333, 1.0, 0.19166666666666668, 0.625, 0.0, 0.0, 1.0, 0.48333333333333334, 0.0, 0.0, 0.0], [0.0, 0.0, 0.0, 0.0, 0.0, 0.0, 0.0, 1.0, 0.0, 0.0, 0.0, 0.0], [0.13333333333333333, 0.0, 0.15833333333333333, 0.0, 0.0, 0.0, 0.0, 0.0, 0.0, 1.0, 0.9916666666666667, 1.0], [0.9083333333333333, 0.0, 0.0, 1.0, 0.0, 0.25, 0.0, 0.20833333333333334, 0.0, 1.0, 0.0, 0.0], [0.9, 0.3, 1.0, 1.0, 0.0, 1.0, 0.0, 0.0, 0.0, 1.0, 1.0, 0.16666666666666666], [1.0, 1.0, 0.0, 0.0, 0.0, 0.09166666666666666, 0.0, 1.0, 0.0, 1.0, 1.0, 1.0], [1.0, 1.0, 1.0, 1.0, 0.0, 0.0, 1.0, 0.075, 0.0, 0.0, 1.0, 1.0], [1.0, 1.0, 1.0, 1.0, 0.8583333333333333, 0.0, 1.0, 0.0, 0.45, 0.0, 1.0, 1.0], [1.0, 1.0, 1.0, 1.0, 1.0, 1.0, 1.0, 1.0, 1.0, 0.008333333333333333, 1.0, 1.0], [1.0, 1.0, 1.0, 1.0, 0.0, 1.0, 0.0, 0.0, 0.0, 0.0, 1.0, 0.0], [0.5916666666666667, 1.0, 0.0, 0.9, 0.0, 0.24166666666666667, 0.7333333333333333, 1.0, 0.0, 0.025, 0.0, 0.0], [0.31666666666666665, 1.0, 0.0, 1.0, 1.0, 0.0, 0.0, 0.0, 0.0, 0.10833333333333334, 0.0, 0.0], [1.0, 0.25833333333333336, 1.0, 0.5166666666666667, 0.9916666666666667, 1.0, 0.6083333333333333, 0.9833333333333333, 0.09166666666666666, 0.9583333333333334, 1.0, 1.0], [0.016666666666666666, 0.0, 0.0, 0.0, 0.9, 0.0, 1.0, 0.008333333333333333, 0.9833333333333333, 1.0, 1.0, 1.0], [0.0, 0.0, 0.0, 0.0, 0.5, 0.06666666666666667, 0.95, 1.0, 0.075, 0.8583333333333333, 1.0, 0.09166666666666666], [0.85, 0.9083333333333333, 0.7083333333333334, 1.0, 1.0, 0.0, 0.0, 0.0, 1.0, 0.0, 0.0, 0.0], [0.0, 0.0, 0.0, 0.0, 0.0, 0.0, 1.0, 0.0, 0.925, 0.9833333333333333, 1.0, 0.9833333333333333], [0.03333333333333333, 0.0, 0.0, 0.0, 1.0, 0.4, 0.0, 0.0, 0.0, 0.0, 0.0, 0.0], [0.5, 0.21666666666666667, 0.525, 0.9083333333333333, 0.575, 0.016666666666666666, 0.016666666666666666, 0.08333333333333333, 0.0, 0.008333333333333333, 0.0, 0.09166666666666666], [1.0, 1.0, 0.9583333333333334, 1.0, 0.9583333333333334, 1.0, 0.9333333333333333, 1.0, 1.0, 1.0, 0.7666666666666667, 1.0]], "avg_mass": [[0.00021828810373942059, 0.0, 0.005632781982421875, 4.490853656605683e-28, 0.0017061869303385416, 9.664495786031088e-05, 2.8295421561352897e-14, 0.017684427897135417, 0.00029053688049316404, 0.06452229817708334, 0.004766337076838263, 0.004581451416015625], [0.0004165808359781901, 7.973512013753255e-05, 0.01751251220703125, 0.021068318684895834, 0.0006460984547932943, 0.0077860514322916664, 0.026435343424479167, 0.03916524251302083, 0.0062945048014322914, 0.0026534080505371095, 0.012990824381510417, 0.007163492838541666], [0.000928815205891927, 0.0020950953165690105, 0.007428232828776042, 0.049053955078125, 0.006463368733723958, 0.010507710774739583, 0.003658548990885417, 8.974472681681316e-05, 0.0010297457377115885, 0.0038494110107421876, 0.00028804143269856773, 0.0025604248046875], [2.3640692234039307e-05, 0.0005363702774047851, 8.664329846700033e-05, 2.777079741160075e-05, 0.009308115641276041, 0.0002243479092915853, 0.015553792317708334, 0.016221110026041666, 0.002136675516764323, 0.006719462076822917, 0.0004033565521240234, 0.0025866826375325522], [0.0016952196756998697, 0.005080413818359375, 0.00020106633504231772, 0.004395802815755208, 0.0303924560546875, 0.006244659423828125, 0.00014642079671223958, 4.8205753167470296e-05, 0.000716257095336914, 0.00013569990793863931, 0.002636146545410156, 0.0015845934549967447], [0.004062589009602865, 0.0026456832885742186, 0.01340484619140625, 0.010465749104817708, 0.015838114420572917, 0.004608027140299479, 0.016675313313802082, 0.009928385416666666, 0.00014194647471110026, 0.00039587815602620444, 0.025602213541666665, 0.037314351399739584], [0.01644744873046875, 0.0033147414525349934, 0.0029221216837565104, 0.006294759114583334, 0.007592010498046875, 0.0002501527468363444, 0.07615254720052084, 0.0034327189127604167, 0.0001278380552927653, 0.00034510493278503416, 0.003139940897623698, 0.0007061481475830079], [0.02315673828125, 0.006208038330078125, 0.0013649304707845052, 0.00040317376454671223, 0.0349578857421875, 0.004065958658854166, 0.030842081705729166, 6.511807441711426e-05, 0.00018608570098876953, 0.009598795572916667, 0.009293619791666667, 0.03996073404947917], [0.0121612548828125, 0.08595784505208333, 0.133154296875, 0.053196803728739424, 0.0749542236328125, 0.0014849344889322916, 0.0015926678975423177, 0.16071573893229166, 0.051556396484375, 0.022886149088541665, 0.001097869873046875, 0.00235595703125], [0.010747782389322917, 0.0038083394368489585, 0.00037195682525634763, 0.024579366048177082, 0.00017141898473103842, 0.0017502466837565104, 0.02151947021484375, 0.092138671875, 0.015032450358072916, 0.028105672200520834, 0.01480712890625, 0.003078460693359375], [0.04281819661458333, 0.0005496660868326823, 0.0399749755859375, 0.017072041829427082, 0.030616251627604167, 0.003958892822265625, 0.013654581705729167, 0.006941986083984375, 0.0172607421875, 0.12750244140625, 0.09549153645833333, 0.094525146484375], [0.05970458984375, 0.005326716105143229, 0.00027095874150594076, 0.16708984375, 4.584888617197673e-05, 0.044663492838541666, 0.0003479639689127604, 0.04179585774739583, 0.005637232462565104, 0.24082845052083332, 0.026302083333333334, 0.003558858235677083], [0.0743408203125, 0.03894933064778646, 0.09364827473958333, 0.12593790690104167, 0.0023453394571940106, 0.15501505533854168, 0.020584615071614583, 0.0005028088887532552, 0.00625762939453125, 0.24334309895833334, 0.13958333333333334, 0.0345306396484375], [0.07347615559895833, 0.13475748697916667, 0.01780548095703125, 0.004420344034830729, 0.0012646039326985677, 0.04266764322916667, 0.011244710286458333, 0.29551595052083335, 0.007561492919921875, 0.10513509114583333, 0.23972981770833332, 0.489794921875], [0.26968587239583336, 0.24364420572916667, 0.3482259114583333, 0.48385416666666664, 0.026178995768229168, 0.0004923065503438314, 0.385546875, 0.04151509602864583, 0.0060307820638020836, 0.023720296223958333, 0.09576619466145833, 0.11297607421875], [0.24203287760416667, 0.3016276041666667, 0.47019856770833335, 0.12434488932291667, 0.07077840169270834, 0.003826777140299479, 0.14716796875, 9.750665952111447e-10, 0.04928181966145833, 0.0019245783487955729, 0.15483805338541667, 0.09051106770833334], [0.508349609375, 0.6720377604166666, 0.444970703125, 0.36796875, 0.8686197916666667, 0.476953125, 0.13174235026041667, 0.7394205729166666, 0.22915852864583333, 0.03489481608072917, 0.44318033854166666, 0.569482421875], [0.15265299479166666, 0.236669921875, 0.14167887369791668, 0.18423665364583333, 0.01652374267578125, 0.13749186197916666, 0.0213836669921875, 0.011274464925130208, 0.01448822021484375, 0.009297943115234375, 0.238330078125, 0.012293497721354166], [0.0569366455078125, 0.25538330078125, 0.00924530029296875, 0.07932840983072917, 0.0006256262461344401, 0.043105061848958334, 0.058058675130208334, 0.12763671875, 0.0021095911661783854, 0.027703857421875, 0.003508631388346354, 0.006487019856770833], [0.045821126302083334, 0.4251708984375, 0.03129984537760417, 0.391943359375, 0.44876302083333336, 0.018006388346354166, 0.006833648681640625, 0.002703285217285156, 0.000999132792154948, 0.04065348307291667, 0.00020186901092529298, 0.000346684455871582], [0.33944498697916664, 0.041636149088541664, 0.16889241536458333, 0.056787109375, 